train_mcc,train_auprc,validation_mcc,validation_auprc,test_mcc,test_auprc,test_elapsed_time,xantomonas_mcc,xantomonas_auprc,xantomonas_elapsed_time,model_id,training_mode,number_of_parameters (millions)
0.959643428854658,0.9952985712437028,0.8259389172027748,0.9190937750774232,0.7351796903528861,0.8627762698442194,2.8269050121307373,0.4993547542866208,0.6879412397899529,22.01514577865601,esm_6,finetune,8
0.990096783527798,0.9997920986596426,0.8330869017442447,0.9345954394881592,0.8259169439729332,0.8920879285074785,4.108128070831299,0.4927200078897123,0.6854760377255498,34.20492744445801,esm_12,finetune,35
0.9983342927107368,0.9999928316439908,0.8313718018588612,0.9210172486836112,0.8052801154427122,0.89047341774566,15.197951078414915,0.5857005545566567,0.7587449727260637,128.35493636131287,esm_30,finetune,150
0.9983342927107368,0.9999928316439908,0.8982609391042907,0.9585305502764035,0.8497456327195786,0.9135096278118354,55.03951478004456,0.6670380046005985,0.6928985101278348,465.1635646820069,esm_33,finetune,650
0.996674707590771,0.9999928316439908,0.8885000113478533,0.9645224646934308,0.8702676347292951,0.953209202856278,154.8030302524567,0.7026711832580037,0.8580665986196712,1279.489254951477,esm_36,finetune,3000
0.922138030297745,0.9899233029989348,0.7573679454364781,0.919443804122986,0.7876712328767124,0.8980976240450615,5.22093557426706,0.5197549711939564,0.7087099870172606,29.955832479987293,protein_bert,finetune,16
0.970191295927196,0.9976539822935416,0.8929919837278596,0.9677379183635404,0.864869942893081,0.962429372326038,75.29310297966003,0.602225071060969,0.8471800051263656,638.7023777961731,pt5,finetune,3000
