classifier_class,best_index,mean_mcc_on_train_folds,mean_auprc_on_train_folds,mean_mcc_on_held_out_folds,mean_auprc_on_held_out_folds,model_id,training_mode,number_of_parameters (millions),test_mcc,test_auprc,test_elapsed_time,xantomonas_mcc,xantomonas_auprc,xantomonas_elapsed_time
SVC,12,0.8176605775146715,0.9279356966261094,0.7833436953858702,0.8899881937822949,esm_6,only_head,8,0.7907189381849765,0.8980373924338216,4.877211306011304,0.430528037239458,0.684557204755572,9.708573715062812
LogisticRegression,9,0.8594362552045987,0.9648285180375964,0.7637273028896115,0.8921633463974399,esm_12,only_head,35,0.7931844752722059,0.904227187541954,8.75517136300914,0.4104436524518342,0.6523523215146471,23.4686924519483
SVC,21,0.8756078777185777,0.9581900992431504,0.8086280633908365,0.910976780996833,esm_30,only_head,150,0.8184686482006923,0.9089415260915106,27.552978893043477,0.5178316484803328,0.7917357024809475,87.99779360392131
SVC,12,0.9107940510612051,0.9723367044416796,0.8510627523162146,0.9279869870887976,esm_33,only_head,650,0.8370406918003362,0.9436531141124944,75.95654984097928,0.5854766915487183,0.843125229858495,314.9727022619918
SVC,21,0.9054621014373128,0.9695056990728323,0.8479647807732646,0.932841233987269,esm_36,only_head,3000,0.8382506891920702,0.9468260278173392,328.5788381139282,0.664662024909988,0.863032685657874,1644.7660770569928
XGBClassifier,34,1.0,1.0,0.7697463722637291,0.8976518733660825,protein_bert,only_head,16,0.7995452563523093,0.9052965196422252,25.55926046287641,0.4760584930446277,0.7529406851121349,17.301554244942963
SVC,12,0.9188187706578356,0.979226070631628,0.8513854118750419,0.934822934149634,pt5,only_head,3000,0.8938356164383562,0.9580513732143396,158.81588695407845,0.7085212957902657,0.8784462197388261,809.3955190959387
