t3e:tr|A0FDW2|A0FDW2_PSEAVPeptidase_Pseudomonas_amygdali	t3e:tr|A0FDW2|A0FDW2_PSEAVPeptidase_Pseudomonas_amygdali
t3e:tr|A0FDW2|A0FDW2_PSEAVPeptidase_Pseudomonas_amygdali	t3e:tr|A0FDW6|A0FDW6_9PSEDType_Pseudomonas_coronafaciens_pv._coronafaciens
t3e:tr|A0FDW2|A0FDW2_PSEAVPeptidase_Pseudomonas_amygdali	t3e:tr|A0FDW7|A0FDW7_PSESYType_Pseudomonas_syringae_pv._syringae
t3e:tr|A0FDW2|A0FDW2_PSEAVPeptidase_Pseudomonas_amygdali	t3e:tr|A0FDW8|A0FDW8_PSEAQType_Pseudomonas_syringae_pv._pisi
t3e:tr|A0FDW2|A0FDW2_PSEAVPeptidase_Pseudomonas_amygdali	t3e:tr|A0FDX1|A0FDX1_PSESXType_Pseudomonas_syringae
t3e:tr|A1JQ83|A1JQ83_YERE8Serine_Yersinia_enterocolitica	t3e:tr|A1JQ83|A1JQ83_YERE8Serine_Yersinia_enterocolitica
t3e:tr|A1JU68|A1JU68_YERE8Yop_Yersinia_enterocolitica	t3e:tr|A1JU68|A1JU68_YERE8Yop_Yersinia_enterocolitica
t3e:tr|A1JU68|A1JU68_YERE8Yop_Yersinia_enterocolitica	t3e:sp|P17778|YOPM_YERPEOuter_Yersinia_pestis
t3e:tr|A1JU68|A1JU68_YERE8Yop_Yersinia_enterocolitica	t3e:tr|P74988|P74988_YERENYop_Yersinia_enterocolitica
t3e:tr|A1JU68|A1JU68_YERE8Yop_Yersinia_enterocolitica	t3e:tr|Q663L9|Q663L9_YERPSYopM_Yersinia_pseudotuberculosis
t3e:tr|A1JU68|A1JU68_YERE8Yop_Yersinia_enterocolitica	t3e:tr|Q84GT9|Q84GT9_YERENYop_Yersinia_enterocolitica
t3e:tr|A1JU68|A1JU68_YERE8Yop_Yersinia_enterocolitica	t3e:gi|16975329|pdb|1G9U|AChain_Yersinia_Pestis
t3e:tr|A1JU68|A1JU68_YERE8Yop_Yersinia_enterocolitica	t3e:gi|45357181|gb|AAS58577.1|putative_Yersinia_pestis
t3e:tr|A1JU68|A1JU68_YERE8Yop_Yersinia_enterocolitica	t3e:gi|162354839|gb|ABX88786.1|effector_Yersinia_pestis
t3e:tr|A1JU68|A1JU68_YERE8Yop_Yersinia_enterocolitica	t3e:gi|262363834|gb|ACY60554.1|secreted_Yersinia_pestis
t3e:tr|A1JU68|A1JU68_YERE8Yop_Yersinia_enterocolitica	t3e:gi|186700585|gb|ACC91213.1|YopM_Yersinia_pseudotuberculosis
t3e:tr|A1JU68|A1JU68_YERE8Yop_Yersinia_enterocolitica	t3e:F0L1B5_Yersinia_enterocolitica
t3e:tr|A1JU68|A1JU68_YERE8Yop_Yersinia_enterocolitica	t3e:CRY33162.1_Yersinia_enterocolitica
t3e:tr|A1JUA6|A1JUA6_YERE8Uncharacterized_Yersinia_enterocolitica	t3e:tr|A1JUA6|A1JUA6_YERE8Uncharacterized_Yersinia_enterocolitica
t3e:tr|A1JUA6|A1JUA6_YERE8Uncharacterized_Yersinia_enterocolitica	t3e:sp|P08538|YOPH_YERPSTyrosine-protein_Yersinia_pseudotuberculosis
t3e:tr|A1JUA6|A1JUA6_YERE8Uncharacterized_Yersinia_enterocolitica	t3e:sp|P15273|YOPH_YERENTyrosine-protein_Yersinia_enterocolitica
t3e:tr|A1JUA6|A1JUA6_YERE8Uncharacterized_Yersinia_enterocolitica	t3e:tr|Q27RI1|Q27RI1_AERS4AopH_Aeromonas_salmonicida_subsp._salmonicida
t3e:tr|A1JUA9|A1JUA9_YERE8Putative_Yersinia_enterocolitica	t3e:tr|A1JUA9|A1JUA9_YERE8Putative_Yersinia_enterocolitica
t3e:tr|A1JUA9|A1JUA9_YERE8Putative_Yersinia_enterocolitica	t3e:sp|P08008|YOPE_YERPSOuter_Yersinia_pseudotuberculosis_serotype_I_(strain_IP32953)
t3e:tr|A1JUA9|A1JUA9_YERE8Putative_Yersinia_enterocolitica	t3e:sp|P31492|YOPE_YERENOuter_Yersinia_enterocolitica
t3e:tr|A1JUA9|A1JUA9_YERE8Putative_Yersinia_enterocolitica	t3e:B2KAI1_Yersinia_pestis_D106004
t3e:tr|A1JUC4|A1JUC4_YERE8Putative_Yersinia_enterocolitica	t3e:tr|A1JUC4|A1JUC4_YERE8Putative_Yersinia_enterocolitica
t3e:tr|A1JUC4|A1JUC4_YERE8Putative_Yersinia_enterocolitica	t3e:tr|O85239|O85239_YERENProtein_Yersinia_enterocolitica
t3e:tr|A1JUC4|A1JUC4_YERE8Putative_Yersinia_enterocolitica	t3e:sp|Q05608|YPKA_YERPSProtein_Yersinia_pseudotuberculosis
t3e:tr|A1JUC4|A1JUC4_YERE8Putative_Yersinia_enterocolitica	t3e:tr|Q27RI0|Q27RI0_AERS4AopO_Aeromonas_salmonicida
t3e:tr|A1JUC4|A1JUC4_YERE8Putative_Yersinia_enterocolitica	t3e:tr|Q56921|Q56921_YERENProtein_Yersinia_enterocolitica
t3e:tr|A1JUC4|A1JUC4_YERE8Putative_Yersinia_enterocolitica	t3e:sp|Q9RI12|YPKA_YERPEProtein_Yersinia_pestis
t3e:tr|A1JUC4|A1JUC4_YERE8Putative_Yersinia_enterocolitica	t3e:CNC74538.1_Yersinia_enterocolitica
t3e:tr|A1KWP2|A1KWP2_ECOLXNleA1_Escherichia_coli	t3e:tr|A1KWP2|A1KWP2_ECOLXNleA1_Escherichia_coli
t3e:tr|A1KWP2|A1KWP2_ECOLXNleA1_Escherichia_coli	t3e:tr|A1KWP3|A1KWP3_ECOLXNleA2_Escherichia_coli
t3e:tr|A1KWP2|A1KWP2_ECOLXNleA1_Escherichia_coli	t3e:tr|A1KWP4|A1KWP4_ECOLXNleA3_Escherichia_coli
t3e:tr|A1KWP2|A1KWP2_ECOLXNleA1_Escherichia_coli	t3e:tr|A1KWP6|A1KWP6_ECOLXNleA5_Escherichia_coli
t3e:tr|A1KWP2|A1KWP2_ECOLXNleA1_Escherichia_coli	t3e:tr|A1KWP7|A1KWP7_ECOLXNleA6-1_Escherichia_coli
t3e:tr|A1KWP2|A1KWP2_ECOLXNleA1_Escherichia_coli	t3e:tr|A1KWP8|A1KWP8_ECOLXNleA6-2_Escherichia_coli
t3e:tr|A1KWP2|A1KWP2_ECOLXNleA1_Escherichia_coli	t3e:tr|A1KWP9|A1KWP9_ECOLXNleA7_Escherichia_coli
t3e:tr|A1KWP2|A1KWP2_ECOLXNleA1_Escherichia_coli	t3e:tr|A1KWQ0|A1KWQ0_ECOLXNleA8-1_Escherichia_coli
t3e:tr|A1KWP2|A1KWP2_ECOLXNleA1_Escherichia_coli	t3e:tr|A1KWQ1|A1KWQ1_ECOLXNleA8-2_Escherichia_coli
t3e:tr|A1KWP2|A1KWP2_ECOLXNleA1_Escherichia_coli	t3e:tr|A1KWQ2|A1KWQ2_ECOLXNleA9_Escherichia_coli
t3e:tr|A1KWP2|A1KWP2_ECOLXNleA1_Escherichia_coli	t3e:tr|A1KWQ3|A1KWQ3_ECOLXNleA10_Escherichia_coli
t3e:tr|A1KWP2|A1KWP2_ECOLXNleA1_Escherichia_coli	t3e:tr|A1KWQ4|A1KWQ4_ECOLXNleA11_Escherichia_coli
t3e:tr|A1KWP2|A1KWP2_ECOLXNleA1_Escherichia_coli	t3e:tr|A9ZNG8|A9ZNG8_ECOLXNon-LEE-encoded_Escherichia_coli
t3e:tr|A1KWP2|A1KWP2_ECOLXNleA1_Escherichia_coli	t3e:tr|D2TJZ4|D2TJZ4_CITRIT3SS_Citrobacter_rodentium
t3e:tr|A1KWP2|A1KWP2_ECOLXNleA1_Escherichia_coli	t3e:gi|34576994|gb|AAQ75736.1|type_Citrobacter_rodentium
t3e:tr|A1KWP2|A1KWP2_ECOLXNleA1_Escherichia_coli	t3e:gi|254592177|gb|ACT71538.1|non-LEE-encoded_Escherichia_coli
t3e:tr|A1KWP5|A1KWP5_ECOLXNleA4_Escherichia_coli	t3e:tr|A1KWP5|A1KWP5_ECOLXNleA4_Escherichia_coli
t3e:tr|A2A0W5|A2A0W5_ECOLXTir-cytoskeleton_Escherichia_coli	t3e:tr|A2A0W5|A2A0W5_ECOLXTir-cytoskeleton_Escherichia_coli
t3e:tr|A2A0W5|A2A0W5_ECOLXTir-cytoskeleton_Escherichia_coli	t3e:tr|A2A0W7|A2A0W7_ECOLXTir-cytoskeleton_Escherichia_coli
t3e:tr|A2A0W5|A2A0W5_ECOLXTir-cytoskeleton_Escherichia_coli	t3e:tr|Q2F7Y9|Q2F7Y9_ECOLXTir-cytoskeleton_Escherichia_coli
t3e:tr|A2A0W5|A2A0W5_ECOLXTir-cytoskeleton_Escherichia_coli	t3e:sp|Q8X482|ESPFU_ECO57Secreted_Escherichia_coli
t3e:tr|A2A0X2|A2A0X2_ECO57Type_Escherichia_coli	t3e:tr|A2A0X2|A2A0X2_ECO57Type_Escherichia_coli
t3e:tr|A2A0X2|A2A0X2_ECO57Type_Escherichia_coli	t3e:tr|A2A0X3|A2A0X3_ECOLXType_Escherichia_coli
t3e:tr|A2A0X2|A2A0X2_ECO57Type_Escherichia_coli	t3e:tr|A2A0X5|A2A0X5_ECOLXType_Escherichia_coli_O157:H-
t3e:tr|A2A0X2|A2A0X2_ECO57Type_Escherichia_coli	t3e:tr|A2A0X8|A2A0X8_ECOLXType_Escherichia_coli
t3e:tr|A2A0X2|A2A0X2_ECO57Type_Escherichia_coli	t3e:tr|A2A0Y6|A2A0Y6_ECO11Type_Escherichia_coli
t3e:tr|A2A0X2|A2A0X2_ECO57Type_Escherichia_coli	t3e:tr|A2A0Z4|A2A0Z4_ECOLXType_Escherichia_coli
t3e:tr|A2A0X2|A2A0X2_ECO57Type_Escherichia_coli	t3e:tr|A2A0Z6|A2A0Z6_ECOLXType_Escherichia_coli
t3e:tr|A2A0X2|A2A0X2_ECO57Type_Escherichia_coli	t3e:tr|A4PCI6|A4PCI6_ECOLXTir-cytoskeleton_Escherichia_coli
t3e:tr|A2A0X2|A2A0X2_ECO57Type_Escherichia_coli	t3e:tr|A4PCI7|A4PCI7_ECOLXTir-cytoskeleton_Escherichia_coli_O111:H2
t3e:tr|A2A0X2|A2A0X2_ECO57Type_Escherichia_coli	t3e:tr|A4PDT6|A4PDT6_ECOLXTir-cytoskeleton_Escherichia_coli_O51:H-
t3e:tr|A2A0X2|A2A0X2_ECO57Type_Escherichia_coli	t3e:tr|A4PDT7|A4PDT7_ECOLXTir-cytoskeleton_Escherichia_coli_O41:H-
t3e:tr|A2A0X2|A2A0X2_ECO57Type_Escherichia_coli	t3e:tr|A4PDT8|A4PDT8_ECOLXTir-cytoskeleton_Escherichia_coli_O154:H9
t3e:tr|A2A0X2|A2A0X2_ECO57Type_Escherichia_coli	t3e:tr|A4PDT9|A4PDT9_ECOLXTir-cytoskeleton_Escherichia_coli_O157:H7
t3e:tr|A2A0X2|A2A0X2_ECO57Type_Escherichia_coli	t3e:tr|A4PDU1|A4PDU1_ECOLXTir-cytoskeleton_Escherichia_coli
t3e:tr|A2A0X2|A2A0X2_ECO57Type_Escherichia_coli	t3e:tr|A4PDU2|A4PDU2_ECOLXTir-cytoskeleton_Escherichia_coli_O109:H9
t3e:tr|A2A0X2|A2A0X2_ECO57Type_Escherichia_coli	t3e:tr|A4PDU3|A4PDU3_ECOLXTir-cytoskeleton_Escherichia_coli
t3e:tr|A2A0X2|A2A0X2_ECO57Type_Escherichia_coli	t3e:tr|A4PDU4|A4PDU4_ECOLXTir-cytoskeleton_Escherichia_coli
t3e:tr|A2A0X2|A2A0X2_ECO57Type_Escherichia_coli	t3e:tr|A4PDU5|A4PDU5_ECOLXTir-cytoskeleton_Escherichia_coli_O26:H11
t3e:tr|A2A0X2|A2A0X2_ECO57Type_Escherichia_coli	t3e:tr|A4PDU7|A4PDU7_ECOLXTir-cytoskeleton_Escherichia_coli
t3e:tr|A2A0X2|A2A0X2_ECO57Type_Escherichia_coli	t3e:tr|A4PDU8|A4PDU8_ECOLXTir-cytoskeleton_Escherichia_coli
t3e:tr|A2A0X2|A2A0X2_ECO57Type_Escherichia_coli	t3e:tr|A4PDU9|A4PDU9_ECOLXTir-cytoskeleton_Escherichia_coli
t3e:tr|A2A0X2|A2A0X2_ECO57Type_Escherichia_coli	t3e:tr|A4PDV0|A4PDV0_ECOLXTir-cytoskeleton_Escherichia_coli
t3e:tr|A2A0X2|A2A0X2_ECO57Type_Escherichia_coli	t3e:tr|A4PDV2|A4PDV2_ECOLXTir-cytoskeleton_Escherichia_coli_O26
t3e:tr|A2A0X2|A2A0X2_ECO57Type_Escherichia_coli	t3e:tr|B3Y0A5|B3Y0A5_ECO11T3SS_Escherichia_coli
t3e:tr|A2A0X2|A2A0X2_ECO57Type_Escherichia_coli	t3e:gi|124106650|dbj|BAF45447.1|type_Escherichia_coli
t3e:tr|A2A0X2|A2A0X2_ECO57Type_Escherichia_coli	t3e:B1ERQ7_Escherichia_albertii
t3e:tr|A2I8A2|A2I8A2_PANAYHsvB_Pantoea_agglomerans_pv._gypsophilae	t3e:tr|A2I8A2|A2I8A2_PANAYHsvB_Pantoea_agglomerans_pv._gypsophilae
t3e:tr|A2I8A2|A2I8A2_PANAYHsvB_Pantoea_agglomerans_pv._gypsophilae	t3e:tr|A2I8A1|A2I8A1_PANAYHsvG_Pantoea_agglomerans_pv._gypsophilae
t3e:tr|A2I8A2|A2I8A2_PANAYHsvB_Pantoea_agglomerans_pv._gypsophilae	t3e:Q2LDQ4_Pantoea_agglomerans_pv._betae
t3e:tr|A2I8A2|A2I8A2_PANAYHsvB_Pantoea_agglomerans_pv._gypsophilae	t3e:Q2LDQ5_Pantoea_agglomerans_pv._gypsophilae
t3e:tr|A2I8A2|A2I8A2_PANAYHsvB_Pantoea_agglomerans_pv._gypsophilae	t3e:HsvG_WP_032489273.1_Pantoea_agglomerans
t3e:tr|A2I8A2|A2I8A2_PANAYHsvB_Pantoea_agglomerans_pv._gypsophilae	t3e:HsvG_WP_064704011.1_Pantoea_agglomerans
t3e:sp|A2S1Q1|BIPC_BURM9Effector_pseudomallei_group	t3e:sp|A2S1Q1|BIPC_BURM9Effector_pseudomallei_group
t3e:sp|A2S1Q1|BIPC_BURM9Effector_pseudomallei_group	t3e:sp|A3NLD4|BIPC_BURP6Effector_Burkholderia_pseudomallei
t3e:sp|A2S1Q1|BIPC_BURM9Effector_pseudomallei_group	t3e:sp|A3P6Z6|BIPC_BURP0Effector_Burkholderia_pseudomallei_(strain_1106a)
t3e:sp|A2S1Q1|BIPC_BURM9Effector_pseudomallei_group	t3e:sp|Q2T710|BIPC_BURTAEffector_Burkholderia_thailandensis
t3e:sp|A2S1Q1|BIPC_BURM9Effector_pseudomallei_group	t3e:sp|Q3JL24|BIPC_BURP1Effector_Burkholderia_pseudomallei
t3e:sp|A2S1Q7|BOPE_BURM9Guanine_pseudomallei_group	t3e:sp|A2S1Q7|BOPE_BURM9Guanine_pseudomallei_group
t3e:sp|A2S1Q7|BOPE_BURM9Guanine_pseudomallei_group	t3e:sp|A3NLC8|BOPE_BURP6Guanine_Burkholderia_pseudomallei_(strain_668)
t3e:sp|A2S1Q7|BOPE_BURM9Guanine_pseudomallei_group	t3e:sp|Q2T704|BOPE_BURTAGuanine_Burkholderia_thailandensis
t3e:sp|A2S1Q9|BOPA_BURM9Effector_pseudomallei_group	t3e:sp|A2S1Q9|BOPA_BURM9Effector_pseudomallei_group
t3e:sp|A2S1Q9|BOPA_BURM9Effector_pseudomallei_group	t3e:sp|A3NLC6|BOPA_BURP6Effector_Burkholderia_pseudomallei
t3e:sp|A2S1Q9|BOPA_BURM9Effector_pseudomallei_group	t3e:sp|A3P6Y8|BOPA_BURP0Effector_Burkholderia_pseudomallei
t3e:sp|A2S1Q9|BOPA_BURM9Effector_pseudomallei_group	t3e:sp|Q2T703|BOPA_BURTAEffector_Burkholderia_thailandensis
t3e:sp|A2S1Q9|BOPA_BURM9Effector_pseudomallei_group	t3e:sp|Q3JL32|BOPA_BURP1Effector_Burkholderia_pseudomallei
t3e:tr|A4PHQ4|A4PHQ4_ECOLXTranslocated_Escherichia_coli_NT:H19	t3e:tr|A4PHQ4|A4PHQ4_ECOLXTranslocated_Escherichia_coli_NT:H19
t3e:tr|A4PHQ4|A4PHQ4_ECOLXTranslocated_Escherichia_coli_NT:H19	t3e:tr|A8R3Y1|A8R3Y1_ECOLXTranslocated_Escherichia_coli
t3e:tr|A4PHQ4|A4PHQ4_ECOLXTranslocated_Escherichia_coli_NT:H19	t3e:tr|Q58I88|Q58I88_ECOLXTranslocated_Escherichia_coli
t3e:tr|A4PHQ4|A4PHQ4_ECOLXTranslocated_Escherichia_coli_NT:H19	t3e:B5YWI0_Escherichia_coli
t3e:tr|A4PHQ4|A4PHQ4_ECOLXTranslocated_Escherichia_coli_NT:H19	t3e:B3BDA1_Escherichia_coli
t3e:tr|A4PHQ4|A4PHQ4_ECOLXTranslocated_Escherichia_coli_NT:H19	t3e:tr|Q9KWH9|Q9KWH9_ECOLXTir_Escherichia_coli
t3e:tr|A4PHQ4|A4PHQ4_ECOLXTranslocated_Escherichia_coli_NT:H19	t3e:sp|B7UM99|TIR_ECO27Translocated_Escherichia_coli
t3e:tr|A4PHQ4|A4PHQ4_ECOLXTranslocated_Escherichia_coli_NT:H19	t3e:tr|Q2F7Z0|Q2F7Z0_ECOLXTranslocated_Escherichia_coli
t3e:tr|A4PHQ4|A4PHQ4_ECOLXTranslocated_Escherichia_coli_NT:H19	t3e:tr|A4PHQ3|A4PHQ3_ECOLXTranslocated_Escherichia_albertii
t3e:tr|A4PHQ4|A4PHQ4_ECOLXTranslocated_Escherichia_coli_NT:H19	t3e:WP_012907112_Citrobacter_rodentium
t3e:common_ATI2__uniprot_A4SUE7__genbank_WP_011899436.1__species_Aeromonas_salmonicida	t3e:common_ATI2__uniprot_A4SUE7__genbank_WP_011899436.1__species_Aeromonas_salmonicida
t3e:common_ATI2__uniprot_A4SUE7__genbank_WP_011899436.1__species_Aeromonas_salmonicida	t3e:common_VPA0450__uniprot_Q87J05__genbank_
t3e:sp|A9N5C6|SSEL_SALPBDeubiquitinase_Salmonella_paratyphi_B	t3e:sp|A9N5C6|SSEL_SALPBDeubiquitinase_Salmonella_paratyphi_B
t3e:sp|A9N5C6|SSEL_SALPBDeubiquitinase_Salmonella_paratyphi_B	t3e:sp|A9MJD1|SSEL_SALARDeubiquitinase_Salmonella_enterica
t3e:sp|A9N5C6|SSEL_SALPBDeubiquitinase_Salmonella_paratyphi_B	t3e:sp|Q57M66|SSEL_SALCHDeubiquitinase_Salmonella_enterica
t3e:sp|A9N5C6|SSEL_SALPBDeubiquitinase_Salmonella_paratyphi_B	t3e:sp|Q5PI48|SSEL_SALPADeubiquitinase_Salmonella_paratyphi_A
t3e:sp|A9N5C6|SSEL_SALPBDeubiquitinase_Salmonella_paratyphi_B	t3e:sp|Q8Z550|SSEL_SALTIDeubiquitinase_Salmonella_enterica
t3e:sp|A9N5C6|SSEL_SALPBDeubiquitinase_Salmonella_paratyphi_B	t3e:sp|Q8ZNG2|SSEL_SALTYDeubiquitinase_Salmonella_typhimurium
t3e:sp|A9N5C6|SSEL_SALPBDeubiquitinase_Salmonella_paratyphi_B	t3e:E8EYG6_Salmonella_enterica
t3e:sp|A9N5C6|SSEL_SALPBDeubiquitinase_Salmonella_paratyphi_B	t3e:AAL21188.1_Salmonella_enterica
t3e:sp|A9N5C6|SSEL_SALPBDeubiquitinase_Salmonella_paratyphi_B	t3e:AAV76578.1_Salmonella_enterica
t3e:sp|A9N5C6|SSEL_SALPBDeubiquitinase_Salmonella_paratyphi_B	t3e:CAD07520.1_Salmonella_enterica_subsp._enterica_serovar_Typhi_str._CT18
t3e:tr|A9ZNE5|A9ZNE5_ECOLXNon-LEE-encoded_Escherichia_coli	t3e:tr|A9ZNE5|A9ZNE5_ECOLXNon-LEE-encoded_Escherichia_coli
t3e:tr|A9ZNE5|A9ZNE5_ECOLXNon-LEE-encoded_Escherichia_coli	t3e:tr|A9ZNG6|A9ZNG6_ECOLXNon-LEE-encoded_Escherichia_coli
t3e:tr|A9ZNE5|A9ZNE5_ECOLXNon-LEE-encoded_Escherichia_coli	t3e:tr|B3Y095|B3Y095_ECO11T3SS_Escherichia_coli_
t3e:tr|A9ZNE5|A9ZNE5_ECOLXNon-LEE-encoded_Escherichia_coli	t3e:tr|B7ULW4|B7ULW4_ECO27T3SS_Escherichia_coli_O127:H6
t3e:tr|A9ZNE5|A9ZNE5_ECOLXNon-LEE-encoded_Escherichia_coli	t3e:tr|B7UR62|B7UR62_ECO27T3SS_Escherichia_coli_O127:H6_(strain_E2348/69_/_EPEC
t3e:tr|A9ZNE5|A9ZNE5_ECOLXNon-LEE-encoded_Escherichia_coli	t3e:tr|D2TRX7|D2TRX7_CITRIT3SS_Citrobacter_rodentium
t3e:tr|A9ZNE5|A9ZNE5_ECOLXNon-LEE-encoded_Escherichia_coli	t3e:gi|254591365|gb|ACT70726.1|non-LEE-encoded_Escherichia_coli
t3e:tr|A9ZNE5|A9ZNE5_ECOLXNon-LEE-encoded_Escherichia_coli	t3e:B3B689_Escherichia_coli
t3e:tr|A9ZNE5|A9ZNE5_ECOLXNon-LEE-encoded_Escherichia_coli	t3e:B3IDA2_Escherichia_coli
t3e:tr|A9ZNE9|A9ZNE9_ECOLXNon-LEE-encoded_Escherichia_coli_O26:H11_str._CVM10030	t3e:tr|A9ZNE9|A9ZNE9_ECOLXNon-LEE-encoded_Escherichia_coli_O26:H11_str._CVM10030
t3e:tr|A9ZNE9|A9ZNE9_ECOLXNon-LEE-encoded_Escherichia_coli_O26:H11_str._CVM10030	t3e:tr|A9ZNG7|A9ZNG7_ECOLXNon-LEE-encoded_Escherichia_coli
t3e:tr|A9ZNE9|A9ZNE9_ECOLXNon-LEE-encoded_Escherichia_coli_O26:H11_str._CVM10030	t3e:tr|Q8X4X1|Q8X4X1_ECO57Uncharacterized_Escherichia_coli_ATCC_BAA-2209
t3e:tr|A9ZNE9|A9ZNE9_ECOLXNon-LEE-encoded_Escherichia_coli_O26:H11_str._CVM10030	t3e:C6UUD3_Escherichia_coli
t3e:tr|A9ZNF2|A9ZNF2_ECOLXNon-LEE-encoded_Escherichia_coli	t3e:tr|A9ZNF2|A9ZNF2_ECOLXNon-LEE-encoded_Escherichia_coli
t3e:tr|A9ZNF2|A9ZNF2_ECOLXNon-LEE-encoded_Escherichia_coli	t3e:tr|D2TRY1|D2TRY1_CITRIT3SS_Citrobacter_rodentium
t3e:tr|A9ZNF2|A9ZNF2_ECOLXNon-LEE-encoded_Escherichia_coli	t3e:B5YSK1_Escherichia_coli
t3e:tr|A9ZNG5|A9ZNG5_ECOLXNon-LEE-encoded_Escherichia_coli	t3e:tr|A9ZNG5|A9ZNG5_ECOLXNon-LEE-encoded_Escherichia_coli
t3e:tr|A9ZNG5|A9ZNG5_ECOLXNon-LEE-encoded_Escherichia_coli	t3e:tr|B3Y094|B3Y094_ECO11T3SS_Escherichia_coli
t3e:tr|A9ZNG5|A9ZNG5_ECOLXNon-LEE-encoded_Escherichia_coli	t3e:tr|B7UNX3|B7UNX3_ECO27T3SS_Escherichia_coli_O127:H6
t3e:tr|A9ZNG5|A9ZNG5_ECOLXNon-LEE-encoded_Escherichia_coli	t3e:tr|B7UI21|B7UI21_ECO27T3SS_Escherichia_coli
t3e:tr|A9ZNG5|A9ZNG5_ECOLXNon-LEE-encoded_Escherichia_coli	t3e:tr|A0A6D1F6N9|A0A6D1F6N9_ECOLX_Escherichia_coli
t3e:tr|A9ZNG5|A9ZNG5_ECOLXNon-LEE-encoded_Escherichia_coli	t3e:tr|D2TT37|D2TT37_CITRIT3SS_Citrobacter_rodentium
t3e:tr|A9ZNG5|A9ZNG5_ECOLXNon-LEE-encoded_Escherichia_coli	t3e:gi|254594333|gb|ACT73694.1|non-LEE-encoded_Escherichia_coli
t3e:tr|A9ZNG5|A9ZNG5_ECOLXNon-LEE-encoded_Escherichia_coli	t3e:tr|Q9L9J3|Q9L9J3_SALTYPutative_Salmonella_enterica_subsp._enterica_serovar_Typhimurium
t3e:tr|A9ZNG5|A9ZNG5_ECOLXNon-LEE-encoded_Escherichia_coli	t3e:tr|Q8ZNP4|Q8ZNP4_SALTYPutative_Salmonella_typhimurium
t3e:common_incD__genbank_AAD43974.1__unirprot_B0B9M3__species_Chlamydia_trachomatis	t3e:common_incD__genbank_AAD43974.1__unirprot_B0B9M3__species_Chlamydia_trachomatis
t3e:common_incD__genbank_AAD43974.1__unirprot_B0B9M3__species_Chlamydia_trachomatis	t3e:common_IncD__uniprot_P0DJI3__genbank_WP_009871462.1__species_Chlamydia_trachomatis
t3e:sp|B0B9M5|INCF_CHLT2Inclusion_Chlamydia_trachomatis	t3e:sp|B0B9M5|INCF_CHLT2Inclusion_Chlamydia_trachomatis
t3e:sp|B0B9M5|INCF_CHLT2Inclusion_Chlamydia_trachomatis	t3e:sp|P0DJI5|INCF_CHLTRInclusion_Chlamydia_trachomatis
t3e:tr|B2TSV7|B2TSV7_SHIB3OspC3_Shigella_boydii_serotype_18_(strain_CDC_3083-94_/_BS512)	t3e:tr|B2TSV7|B2TSV7_SHIB3OspC3_Shigella_boydii_serotype_18_(strain_CDC_3083-94_/_BS512)
t3e:sp|B2TT54|IPA9_SHIB3E3_Shigella_boydii	t3e:sp|B2TT54|IPA9_SHIB3E3_Shigella_boydii
t3e:sp|B2TT54|IPA9_SHIB3E3_Shigella_boydii	t3e:sp|D2AJU0|IPA9_SHIF2E3_Shigella_flexneri
t3e:sp|B2TT54|IPA9_SHIB3E3_Shigella_boydii	t3e:sp|Q31SH3|IPA9_SHIBSE3_Shigella_boydii
t3e:sp|B2TT54|IPA9_SHIB3E3_Shigella_boydii	t3e:sp|Q326Z6|IPA9_SHIDSE3_Shigella_dysenteriae
t3e:sp|B2TT54|IPA9_SHIB3E3_Shigella_boydii	t3e:sp|Q3YTH5|IPA9_SHISSE3_Shigella_sonnei
t3e:sp|B2TT54|IPA9_SHIB3E3_Shigella_boydii	t3e:sp|Q83RJ4|IPA3_SHIFLE3_Shigella_flexneri
t3e:sp|B2TT54|IPA9_SHIB3E3_Shigella_boydii	t3e:sp|Q8VSC3|IPA9_SHIFLE3_Shigella_flexneri
t3e:sp|B2TT54|IPA9_SHIB3E3_Shigella_boydii	t3e:H6S51_RS01030_Shigella_flexneri
t3e:tr|B3Y1M9|B3Y1M9_ECO11T3SS_Escherichia_coli_O111:H-	t3e:tr|B3Y1M9|B3Y1M9_ECO11T3SS_Escherichia_coli_O111:H-
t3e:tr|B3Y1M9|B3Y1M9_ECO11T3SS_Escherichia_coli_O111:H-	t3e:tr|A0A023Z7G9|A0A023Z7G9_ECOLX_Escherichia_coli_O145:H28_str._RM12581
t3e:tr|B3Y1M9|B3Y1M9_ECO11T3SS_Escherichia_coli_O111:H-	t3e:tr|D2TT38|D2TT38_CITRIT3SS_Citrobacter_rodentium
t3e:tr|B3Y1M9|B3Y1M9_ECO11T3SS_Escherichia_coli_O111:H-	t3e:common_OspZ__genbank_WP_000625262.1__uniprot_A0A3T2V133__species_Shigella_flexneri
t3e:sp|B4SX34|SOPA_SALNSE3_Salmonella_enterica	t3e:sp|B4SX34|SOPA_SALNSE3_Salmonella_enterica
t3e:sp|B4SX34|SOPA_SALNSE3_Salmonella_enterica	t3e:sp|B4T918|SOPA_SALHSE3_Salmonella_enterica
t3e:sp|B4SX34|SOPA_SALNSE3_Salmonella_enterica	t3e:sp|B4TMK5|SOPA_SALSVE3_Salmonella_schwarzengrund_(strain_CVM19633)
t3e:sp|B4SX34|SOPA_SALNSE3_Salmonella_enterica	t3e:sp|B5FM34|SOPA_SALDCE3_Salmonella_enterica
t3e:sp|B4SX34|SOPA_SALNSE3_Salmonella_enterica	t3e:sp|B5QZK6|SOPA_SALEPE3_Salmonella_enteritidis_PT4
t3e:sp|B4SX34|SOPA_SALNSE3_Salmonella_enterica	t3e:sp|C9X8K0|SOPA_SALTDE3_Salmonella_enterica
t3e:sp|B4SX34|SOPA_SALNSE3_Salmonella_enterica	t3e:sp|D0ZMG9|SOPA_SALT1E3_Salmonella_typhimurium
t3e:sp|B4SX34|SOPA_SALNSE3_Salmonella_enterica	t3e:sp|Q57MS9|SOPA_SALCHE3_Salmonella_choleraesuis_(strain_SC-B67)
t3e:sp|B4SX34|SOPA_SALNSE3_Salmonella_enterica	t3e:sp|Q9S4P4|SOPA_SALDUE3_Salmonella_dublin
t3e:sp|B4SX34|SOPA_SALNSE3_Salmonella_enterica	t3e:gi|339513205|emb|CCC30955.1|Chimeric_Salmonella_bongori_NCTC_12419
t3e:tr|B5F5S8|B5F5S8_SALA4Secreted_Salmonella_agona_(strain_SL483)	t3e:tr|B5F5S8|B5F5S8_SALA4Secreted_Salmonella_agona_(strain_SL483)
t3e:tr|B5F5S8|B5F5S8_SALA4Secreted_Salmonella_agona_(strain_SL483)	t3e:tr|Q57P56|Q57P56_SALCHTranslocated_Salmonella_enterica
t3e:tr|B5F5S8|B5F5S8_SALA4Secreted_Salmonella_agona_(strain_SL483)	t3e:sp|Q9KIB9|SIFB_SALTYSecreted_Salmonella_typhimurium
t3e:tr|B5F5S8|B5F5S8_SALA4Secreted_Salmonella_agona_(strain_SL483)	t3e:E8XJ49_Salmonella_enterica_subsp._enterica_serovar_Typhimurium_str._ST4/74
t3e:tr|B5F5S8|B5F5S8_SALA4Secreted_Salmonella_agona_(strain_SL483)	t3e:E9A1S3_Salmonella_enterica_subsp._enterica_serovar_Weltevreden_str._2007-60-3289-1
t3e:tr|B5F8C9|B5F8C9_SALA4Secreted_Salmonella_agona_(strain_SL483)	t3e:tr|B5F8C9|B5F8C9_SALA4Secreted_Salmonella_agona_(strain_SL483)
t3e:tr|B5F8C9|B5F8C9_SALA4Secreted_Salmonella_agona_(strain_SL483)	t3e:sp|Q56061|SIFA_SALTYSecreted_Salmonella_enterica
t3e:tr|B5F8C9|B5F8C9_SALA4Secreted_Salmonella_agona_(strain_SL483)	t3e:B3YIU9_Salmonella_enterica
t3e:tr|B5F8C9|B5F8C9_SALA4Secreted_Salmonella_agona_(strain_SL483)	t3e:B4AAE6_Salmonella_enterica_subsp._enterica_serovar_Newport
t3e:tr|B5F8C9|B5F8C9_SALA4Secreted_Salmonella_agona_(strain_SL483)	t3e:B5MTC9_Salmonella_enterica
t3e:tr|B5F8C9|B5F8C9_SALA4Secreted_Salmonella_agona_(strain_SL483)	t3e:B5QDV8_Salmonella_enterica
t3e:tr|B5F8C9|B5F8C9_SALA4Secreted_Salmonella_agona_(strain_SL483)	t3e:E7VM04_Salmonella_enterica
t3e:tr|B5F8C9|B5F8C9_SALA4Secreted_Salmonella_agona_(strain_SL483)	t3e:E8NKB0_Salmonella_enterica
t3e:tr|B5F8C9|B5F8C9_SALA4Secreted_Salmonella_agona_(strain_SL483)	t3e:E9A2Z1_Salmonella_enterica
t3e:tr|B5F8C9|B5F8C9_SALA4Secreted_Salmonella_agona_(strain_SL483)	t3e:G5LQ02_Salmonella_enterica_subsp._enterica
t3e:tr|B5F8C9|B5F8C9_SALA4Secreted_Salmonella_agona_(strain_SL483)	t3e:G5M4P2_Salmonella_enterica_subsp._enterica_serovar_Gaminara_str._A4-567
t3e:tr|B5F8C9|B5F8C9_SALA4Secreted_Salmonella_agona_(strain_SL483)	t3e:G5MJM4_Salmonella_rubislaw
t3e:tr|B5F8C9|B5F8C9_SALA4Secreted_Salmonella_agona_(strain_SL483)	t3e:G5NEA9_Salmonella_enterica
t3e:tr|B5F8C9|B5F8C9_SALA4Secreted_Salmonella_agona_(strain_SL483)	t3e:G5P675_Salmonella_enterica
t3e:tr|B5F8C9|B5F8C9_SALA4Secreted_Salmonella_agona_(strain_SL483)	t3e:G5PP90_Salmonella_enterica
t3e:tr|B5F8C9|B5F8C9_SALA4Secreted_Salmonella_agona_(strain_SL483)	t3e:G5Q3X9_Salmonella_enterica
t3e:tr|B5F8C9|B5F8C9_SALA4Secreted_Salmonella_agona_(strain_SL483)	t3e:G5QK75_Salmonella_rubislaw
t3e:tr|B5F8C9|B5F8C9_SALA4Secreted_Salmonella_agona_(strain_SL483)	t3e:G5R1C9_Salmonella_enterica
t3e:tr|B5F8C9|B5F8C9_SALA4Secreted_Salmonella_agona_(strain_SL483)	t3e:G5SD27_Salmonella_enterica_subsp._enterica_serovar_Wandsworth_str._A4-580
t3e:tr|B5F8C9|B5F8C9_SALA4Secreted_Salmonella_agona_(strain_SL483)	t3e:tr|A9MG90|A9MG90_SALARUncharacterized_Salmonella_enterica
t3e:tr|B7UH72|B7UH72_ECO27T3SS_Escherichia_coli	t3e:tr|B7UH72|B7UH72_ECO27T3SS_Escherichia_coli
t3e:tr|B7UI20|B7UI20_ECO27T3SS_Escherichia_coli_O127:H6_(strain_E2348/69_/_EPEC)	t3e:tr|B7UI20|B7UI20_ECO27T3SS_Escherichia_coli_O127:H6_(strain_E2348/69_/_EPEC)
t3e:tr|B7UI20|B7UI20_ECO27T3SS_Escherichia_coli_O127:H6_(strain_E2348/69_/_EPEC)	t3e:C6UT86_Escherichia_coli
t3e:tr|B7UMA0|B7UMA0_ECO27LEE-encoded_Escherichia_coli	t3e:tr|B7UMA0|B7UMA0_ECO27LEE-encoded_Escherichia_coli
t3e:tr|B7UMA0|B7UMA0_ECO27LEE-encoded_Escherichia_coli	t3e:tr|B8ZY94|B8ZY94_ECOLXT3SS_Escherichia_coli
t3e:tr|B7UMA0|B7UMA0_ECO27LEE-encoded_Escherichia_coli	t3e:tr|B8ZYG0|B8ZYG0_ECOLXType_Escherichia_coli
t3e:tr|B7UMA0|B7UMA0_ECO27LEE-encoded_Escherichia_coli	t3e:tr|K4WP32|K4WP32_ECOLX_Escherichia_coli_O111:H11_str._CVM9455
t3e:tr|B7UMA0|B7UMA0_ECO27LEE-encoded_Escherichia_coli	t3e:tr|Q5K5P8|Q5K5P8_ECOLX_Escherichia_coli
t3e:tr|B7UMA0|B7UMA0_ECO27LEE-encoded_Escherichia_coli	t3e:tr|D2TKE9|D2TKE9_CITRIT3SS_Citrobacter_rodentium
t3e:tr|B7UMA0|B7UMA0_ECO27LEE-encoded_Escherichia_coli	t3e:gi|254595037|gb|ACT74398.1|type_Escherichia_coli
t3e:tr|B7UMR0|B7UMR0_ECO27Uncharacterized_Escherichia_coli	t3e:tr|B7UMR0|B7UMR0_ECO27Uncharacterized_Escherichia_coli
t3e:tr|B7UNX4|B7UNX4_ECO27T3SS_Escherichia_coli	t3e:tr|B7UNX4|B7UNX4_ECO27T3SS_Escherichia_coli
t3e:tr|B7UNX4|B7UNX4_ECO27T3SS_Escherichia_coli	t3e:tr|D2TK70|D2TK70_CITRIT3SS_Citrobacter_rodentium
t3e:tr|B7UNX4|B7UNX4_ECO27T3SS_Escherichia_coli	t3e:gi|254591364|gb|ACT70725.1|non-LEE-encoded_Escherichia_coli
t3e:tr|B7UNX4|B7UNX4_ECO27T3SS_Escherichia_coli	t3e:gi|628076989|gb|AHY70515.1|T3SS_Escherichia_coli
t3e:tr|B7UNX4|B7UNX4_ECO27T3SS_Escherichia_coli	t3e:B3I1V9_Escherichia_coli
t3e:tr|B7UNX4|B7UNX4_ECO27T3SS_Escherichia_coli	t3e:B5N7F5_Salmonella_enterica
t3e:tr|B7UNX4|B7UNX4_ECO27T3SS_Escherichia_coli	t3e:C4UAJ7_Yersinia_aldovae
t3e:tr|B7UNX4|B7UNX4_ECO27T3SS_Escherichia_coli	t3e:E7HI55_Escherichia_coli_EPECa14
t3e:tr|B7UNX4|B7UNX4_ECO27T3SS_Escherichia_coli	t3e:E7IJW3_Escherichia_coli
t3e:tr|B7UNX4|B7UNX4_ECO27T3SS_Escherichia_coli	t3e:E7JG96_Escherichia_coli
t3e:tr|B7UNX4|B7UNX4_ECO27T3SS_Escherichia_coli	t3e:E8JC43_Escherichia_coli_O157:H7_str._LSU-61
t3e:tr|B7UNX4|B7UNX4_ECO27T3SS_Escherichia_coli	t3e:G2BQG1_Escherichia_coli
t3e:tr|B7UNX4|B7UNX4_ECO27T3SS_Escherichia_coli	t3e:ECs_0847_Escherichia_coli
t3e:tr|B9A807|B9A807_VIBPHPutative_Vibrio_parahaemolyticus	t3e:tr|B9A807|B9A807_VIBPHPutative_Vibrio_parahaemolyticus
t3e:common_VopC__uniprot_B9A810__genbank_AB455531.1__species_Vibrio_parahaemolyticus	t3e:common_VopC__uniprot_B9A810__genbank_AB455531.1__species_Vibrio_parahaemolyticus
t3e:tr|C0SPP9|C0SPP9_RALSLType_Ralstonia_solanacearum	t3e:tr|C0SPP9|C0SPP9_RALSLType_Ralstonia_solanacearum
t3e:tr|C0SPQ0|C0SPQ0_RALSLType_Ralstonia_solanacearum	t3e:tr|C0SPQ0|C0SPQ0_RALSLType_Ralstonia_solanacearum
t3e:tr|C0SPQ0|C0SPQ0_RALSLType_Ralstonia_solanacearum	t3e:common_rip25__uniprot_Q8XUH6__genbank_CAD17000.1__species__Ralstonia_solanacearum
t3e:tr|C0SPQ0|C0SPQ0_RALSLType_Ralstonia_solanacearum	t3e:RPSI07_mp1577_Ralstonia_solanacearum_PSI07
t3e:tr|C4PL71|C4PL71_BRAELNopC_Bradyrhizobium_elkanii_USDA_61	t3e:tr|C4PL71|C4PL71_BRAELNopC_Bradyrhizobium_elkanii_USDA_61
t3e:tr|C8BNV1|C8BNV1_PSESYAvrE1_Pseudomonas_syringae	t3e:tr|C8BNV1|C8BNV1_PSESYAvrE1_Pseudomonas_syringae
t3e:tr|C8BNW8|C8BNW8_PSESYHopM1_Pseudomonas_syringae_pv._syringae	t3e:tr|C8BNW8|C8BNW8_PSESYHopM1_Pseudomonas_syringae_pv._syringae
t3e:tr|C8BNX0|C8BNX0_PSESYExoU_Pseudomonas_syringae	t3e:tr|C8BNX0|C8BNX0_PSESYExoU_Pseudomonas_syringae
t3e:tr|C8BNX0|C8BNX0_PSESYExoU_Pseudomonas_syringae	t3e:F3HD49_Pseudomonas_syringae_pv._maculicola
t3e:tr|A0A0F3TK69|A0A0F3TK69_ECOLX_Escherichia_coli	t3e:tr|A0A0F3TK69|A0A0F3TK69_ECOLX_Escherichia_coli
t3e:tr|A0A0F3TK69|A0A0F3TK69_ECOLX_Escherichia_coli	t3e:tr|B8ZYA3|B8ZYA3_ECOLXType_Escherichia_coli
t3e:tr|A0A0F3TK69|A0A0F3TK69_ECOLX_Escherichia_coli	t3e:tr|B8ZYN7|B8ZYN7_ECOLXType_Escherichia_coli
t3e:tr|A0A0F3TK69|A0A0F3TK69_ECOLX_Escherichia_coli	t3e:tr|K4XZX3|K4XZX3_ECOLX_Escherichia_coli
t3e:tr|A0A0F3TK69|A0A0F3TK69_ECOLX_Escherichia_coli	t3e:tr|D2TKF8|D2TKF8_CITRIT3SS_Citrobacter_rodentium
t3e:tr|A0A0F3TK69|A0A0F3TK69_ECOLX_Escherichia_coli	t3e:C6UYM8_Escherichia_coli_O157:H7
t3e:tr|C8UFL1|C8UFL1_ECO1AT3SS_Escherichia_coli	t3e:tr|C8UFL1|C8UFL1_ECO1AT3SS_Escherichia_coli
t3e:tr|C8UFL1|C8UFL1_ECO1AT3SS_Escherichia_coli	t3e:tr|B8ZY96|B8ZY96_ECOLXType_Escherichia_coli
t3e:tr|C8UFL1|C8UFL1_ECO1AT3SS_Escherichia_coli	t3e:common_EspH__uniprot_B8ZYG2__genbank_CAX18649.1__species_Enteropathogenic_Escherichia_coli
t3e:tr|C8UFL1|C8UFL1_ECO1AT3SS_Escherichia_coli	t3e:tr|B7UMA2|B7UMA2_ECO27LEE-encoded_Escherichia_coli
t3e:tr|C8UFL1|C8UFL1_ECO1AT3SS_Escherichia_coli	t3e:tr|Q5K5P6|Q5K5P6_ECOLX_Escherichia_coli
t3e:tr|C8UFL1|C8UFL1_ECO1AT3SS_Escherichia_coli	t3e:tr|D2TKF1|D2TKF1_CITRIT3SS_Citrobacter_rodentium_ICC168
t3e:tr|C8UFL1|C8UFL1_ECO1AT3SS_Escherichia_coli	t3e:tr|Q9AJ11|Q9AJ11_ECOLX_Escherichia_coli
t3e:tr|C8UFL1|C8UFL1_ECO1AT3SS_Escherichia_coli	t3e:gi|254595039|gb|ACT74400.1|LEE-encoded_Escherichia_coli
t3e:common_SteB__uniprot_Q8ZPA6__genbank_WP_001540100.1__species_Salmonella_typhimurium	t3e:common_SteB__uniprot_Q8ZPA6__genbank_WP_001540100.1__species_Salmonella_typhimurium
t3e:common_SteC__uniprot_Q8ZP57__genbank_WP_001116926.1__species_Salmonella_typhimurium	t3e:common_SteC__uniprot_Q8ZP57__genbank_WP_001116926.1__species_Salmonella_typhimurium
t3e:sp|D0ZPH9|SSPH2_SALT1E3_Salmonella_typhimurium	t3e:sp|D0ZPH9|SSPH2_SALT1E3_Salmonella_typhimurium
t3e:sp|D0ZPH9|SSPH2_SALT1E3_Salmonella_typhimurium	t3e:sp|Q8ZQ79|SSEI_SALTYSecreted_Salmonella_typhimurium
t3e:sp|D0ZPH9|SSPH2_SALT1E3_Salmonella_typhimurium	t3e:gi|25512981|pir||AG0786secreted_Salmonella_enterica_subsp._enterica_serovar_Typhi
t3e:sp|D0ZPH9|SSPH2_SALT1E3_Salmonella_typhimurium	t3e:gi|206709466|emb|CAR33808.1|secreted_Salmonella_enterica_subsp._enterica_serovar_Enteritidis_str._P125109
t3e:sp|D0ZPH9|SSPH2_SALT1E3_Salmonella_typhimurium	t3e:gi|261247452|emb|CBG25278.1|secreted_Salmonella_enterica
t3e:sp|D0ZRB2|SLRP_SALT1E3_Salmonella_enterica	t3e:sp|D0ZRB2|SLRP_SALT1E3_Salmonella_enterica
t3e:sp|D0ZRB2|SLRP_SALT1E3_Salmonella_enterica	t3e:sp|Q8ZQQ2|SLRP_SALTYE3_Salmonella_enterica_subsp._enterica_serovar_Typhimurium
t3e:common_SteA__uniprot_Q8ZPD7__genbank_WP_001147134.1__species_Salmonella_typhimurium	t3e:common_SteA__uniprot_Q8ZPD7__genbank_WP_001147134.1__species_Salmonella_typhimurium
t3e:tr|D2AJ46|D2AJ46_SHIF2OspB_Shigella_flexneri	t3e:tr|D2AJ46|D2AJ46_SHIF2OspB_Shigella_flexneri
t3e:tr|D2AJ70|D2AJ70_SHIF2OspD1_Shigella_flexneri	t3e:tr|D2AJ70|D2AJ70_SHIF2OspD1_Shigella_flexneri
t3e:tr|D2AJ70|D2AJ70_SHIF2OspD1_Shigella_flexneri	t3e:H6S51_RS00135_Shigella_flexneri
t3e:tr|D2AJE7|D2AJE7_SHIF2OspD3_Shigella_flexneri	t3e:tr|D2AJE7|D2AJE7_SHIF2OspD3_Shigella_flexneri
t3e:tr|D2AJI2|D2AJI2_SHIF2IpaA_Shigella_flexneri	t3e:tr|D2AJI2|D2AJI2_SHIF2IpaA_Shigella_flexneri
t3e:tr|D2AJI2|D2AJI2_SHIF2IpaA_Shigella_flexneri	t3e:sp|P18010|IPAA_SHIFLInvasin_Shigella_flexneri
t3e:tr|D2AJI2|D2AJI2_SHIF2IpaA_Shigella_flexneri	t3e:F5P4G7_Shigella_flexneri_K-227
t3e:tr|D2AJI2|D2AJI2_SHIF2IpaA_Shigella_flexneri	t3e:Q6XVZ2_Shigella_flexneri
t3e:tr|D2TI15|D2TI15_CITRIT3SS_Citrobacter_rodentium	t3e:tr|D2TI15|D2TI15_CITRIT3SS_Citrobacter_rodentium
t3e:tr|D2TJZ3|D2TJZ3_CITRIT3SS_Citrobacter_rodentium	t3e:tr|D2TJZ3|D2TJZ3_CITRIT3SS_Citrobacter_rodentium
t3e:tr|D2TK72|D2TK72_CITRIPutative_Citrobacter_rodentium	t3e:tr|D2TK72|D2TK72_CITRIPutative_Citrobacter_rodentium
t3e:tr|D2TKD5|D2TKD5_CITRIT3SS_Citrobacter_rodentium	t3e:tr|D2TKD5|D2TKD5_CITRIT3SS_Citrobacter_rodentium
t3e:tr|D2TKD5|D2TKD5_CITRIT3SS_Citrobacter_rodentium	t3e:tr|B7UMC8|B7UMC8_ECO27LEE-encoded_Escherichia_coli
t3e:tr|D2TKD5|D2TKD5_CITRIT3SS_Citrobacter_rodentium	t3e:tr|K4WT30|K4WT30_ECOLX_Escherichia_coli
t3e:tr|D2TKD5|D2TKD5_CITRIT3SS_Citrobacter_rodentium	t3e:tr|Q5K5M1|Q5K5M1_ECOLX_Escherichia_coli
t3e:tr|D2TKD5|D2TKD5_CITRIT3SS_Citrobacter_rodentium	t3e:tr|C8UFJ4|C8UFJ4_ECO1AT3SS_Escherichia_coli
t3e:tr|D2TKD5|D2TKD5_CITRIT3SS_Citrobacter_rodentium	t3e:tr|O85646|O85646_ECOLXEspG_Escherichia_coli_O157:H7_str._EDL933
t3e:tr|D2TKD5|D2TKD5_CITRIT3SS_Citrobacter_rodentium	t3e:ECs_4590_Escherichia_coli_TW09195
t3e:tr|D2TKD7|D2TKD7_CITRIT3SS_Citrobacter_rodentium	t3e:tr|D2TKD7|D2TKD7_CITRIT3SS_Citrobacter_rodentium
t3e:tr|D2TKD7|D2TKD7_CITRIT3SS_Citrobacter_rodentium	t3e:tr|B7UM88|B7UM88_ECO27LEE-encoded_Escherichia_coli
t3e:tr|D2TKD7|D2TKD7_CITRIT3SS_Citrobacter_rodentium	t3e:tr|Q9RQE1|Q9RQE1_ECOLX_Escherichia_coli
t3e:tr|D2TKD7|D2TKD7_CITRIT3SS_Citrobacter_rodentium	t3e:tr|Q5K5R0|Q5K5R0_ECOLX_Escherichia_coli
t3e:tr|D2TKD7|D2TKD7_CITRIT3SS_Citrobacter_rodentium	t3e:tr|C8UFJ7|C8UFJ7_ECO1AT3SS_Escherichia_coli
t3e:tr|D2TKD7|D2TKD7_CITRIT3SS_Citrobacter_rodentium	t3e:tr|Q7DB85|Q7DB85_ECO57EspF_Escherichia_coli
t3e:tr|D2TTX7|D2TTX7_CITRIPutative_Citrobacter_rodentium	t3e:tr|D2TTX7|D2TTX7_CITRIPutative_Citrobacter_rodentium
t3e:tr|D2TZ31|D2TZ31_9ENTRType_Arsenophonus_nasoniae	t3e:tr|D2TZ31|D2TZ31_9ENTRType_Arsenophonus_nasoniae
t3e:tr|D4I1J6|D4I1J6_ERWACCysteine_Erwinia_amylovora	t3e:tr|D4I1J6|D4I1J6_ERWACCysteine_Erwinia_amylovora
t3e:tr|A0A2R2WFH5|A0A2R2WFH5_XANCI_Xanthomonas_citri	t3e:tr|A0A2R2WFH5|A0A2R2WFH5_XANCI_Xanthomonas_citri
t3e:tr|A0A2R2WFH5|A0A2R2WFH5_XANCI_Xanthomonas_citri	t3e:tr|Q9Z3F4|Q9Z3F4_XANEUAvirulence_Xanthomonas_euvesicatoria
t3e:tr|A0A2R2WFH5|A0A2R2WFH5_XANCI_Xanthomonas_citri	t3e:B0RLQ9_Xanthomonas_campestris
t3e:tr|A0A2R2WFH5|A0A2R2WFH5_XANCI_Xanthomonas_citri	t3e:D4T7Q7_Xanthomonas_citri
t3e:tr|A0A2R2WFH5|A0A2R2WFH5_XANCI_Xanthomonas_citri	t3e:G7TIV7_Xanthomonas_oryzae
t3e:tr|A0A2R2WFH5|A0A2R2WFH5_XANCI_Xanthomonas_citri	t3e:AAY47144.1_Xanthomonas_campestris
t3e:tr|A0A2R2WFH5|A0A2R2WFH5_XANCI_Xanthomonas_citri	t3e:AvrBs2_Xanthomonas_perforans
t3e:tr|D8P480|D8P480_RALSLPutative_Ralstonia_solanacearum_CFBP2957	t3e:tr|D8P480|D8P480_RALSLPutative_Ralstonia_solanacearum_CFBP2957
t3e:tr|D8P480|D8P480_RALSLPutative_Ralstonia_solanacearum_CFBP2957	t3e:F6GAL3_Ralstonia_solanacearum_Po82
t3e:sp|E1WAC6|SIPA_SALTSCell_Salmonella_typhimurium_	t3e:sp|E1WAC6|SIPA_SALTSCell_Salmonella_typhimurium_
t3e:sp|E1WAC6|SIPA_SALTSCell_Salmonella_typhimurium_	t3e:sp|P74849|SIPA_SALTICell_Salmonella_typhi
t3e:sp|E1WAC6|SIPA_SALTSCell_Salmonella_typhimurium_	t3e:sp|Q8VQB5|SIPA_SALENCell_Salmonella_enteritidis
t3e:tr|E7PP21|E7PP21_PSESGType_Pseudomonas_savastanoi	t3e:tr|E7PP21|E7PP21_PSESGType_Pseudomonas_savastanoi
t3e:tr|E7PP21|E7PP21_PSESGType_Pseudomonas_savastanoi	t3e:tr|F3GCB9|F3GCB9_PSESJType_Pseudomonas_syringae_group
t3e:tr|E7PP21|E7PP21_PSESGType_Pseudomonas_savastanoi	t3e:tr|A0A3M5T0Y0|A0A3M5T0Y0_9PSED_Pseudomonas_avellanae
t3e:tr|E7PP21|E7PP21_PSESGType_Pseudomonas_savastanoi	t3e:tr|Q4ZV89|Q4ZV89_PSEU2Type_Pseudomonas_syringae
t3e:tr|E7PP21|E7PP21_PSESGType_Pseudomonas_savastanoi	t3e:common_HopH1__genbank_AAO54130.1__uniprot_Q88A09__species_Pseudomonas_syringae_pv._tomato_str._DC3000
t3e:tr|E7PP21|E7PP21_PSESGType_Pseudomonas_savastanoi	t3e:E2MN40_Pseudomonas_syringae_group
t3e:tr|A0A3M2WRQ9|A0A3M2WRQ9_PSEA0_Pseudomonas_amygdali_pv._morsprunorum_str._M302280	t3e:tr|A0A3M2WRQ9|A0A3M2WRQ9_PSEA0_Pseudomonas_amygdali_pv._morsprunorum_str._M302280
t3e:tr|A0A3M2WRQ9|A0A3M2WRQ9_PSEA0_Pseudomonas_amygdali_pv._morsprunorum_str._M302280	t3e:tr|A0A656H0U7|A0A656H0U7_PSESX_Pseudomonas_syringae
t3e:tr|A0A3M2WRQ9|A0A3M2WRQ9_PSEA0_Pseudomonas_amygdali_pv._morsprunorum_str._M302280	t3e:F3K7B1_Pseudomonas_syringae_group
t3e:tr|A0A3M2WRQ9|A0A3M2WRQ9_PSEA0_Pseudomonas_amygdali_pv._morsprunorum_str._M302280	t3e:tr|Q7PC45|Q7PC45_PSEU2Putative_Pseudomonas_syringae_pv._syringae_B728a
t3e:tr|A0A3M2WRQ9|A0A3M2WRQ9_PSEA0_Pseudomonas_amygdali_pv._morsprunorum_str._M302280	t3e:tr|F3GEH5|F3GEH5_PSESJType_Pseudomonas_syringae_pv._pisi_str._1704B
t3e:tr|A0A3M2WRQ9|A0A3M2WRQ9_PSEA0_Pseudomonas_amygdali_pv._morsprunorum_str._M302280	t3e:common_HopAG1_partial__genbank_AAO54435.1__uniprot_Q888W3__species_Pseudomonas_syringae_pv._tomato_str._DC3000,
t3e:tr|A0A3M2WRQ9|A0A3M2WRQ9_PSEA0_Pseudomonas_amygdali_pv._morsprunorum_str._M302280	t3e:tr|S6TTJ9|S6TTJ9_PSESFType_Pseudomonas_syringae_pv._actinidiae
t3e:tr|A0A3M2WRQ9|A0A3M2WRQ9_PSEA0_Pseudomonas_amygdali_pv._morsprunorum_str._M302280	t3e:tr|A0A656JXQ0|A0A656JXQ0_PSESF_Pseudomonas_syringae_pv._actinidiae_ICMP_19096
t3e:tr|A0A3M2WRQ9|A0A3M2WRQ9_PSEA0_Pseudomonas_amygdali_pv._morsprunorum_str._M302280	t3e:E2MHD9_Pseudomonas_syringae_pv._apii
t3e:tr|A0A3M2WRQ9|A0A3M2WRQ9_PSEA0_Pseudomonas_amygdali_pv._morsprunorum_str._M302280	t3e:tr|A0A0P9UWK9|A0A0P9UWK9_9PSED_Pseudomonas_syringae_group
t3e:tr|A0A2S4I4L1|A0A2S4I4L1_PSEA0_Pseudomonas_syringae_group	t3e:tr|A0A2S4I4L1|A0A2S4I4L1_PSEA0_Pseudomonas_syringae_group
t3e:tr|F3FD33|F3FD33_PSESXType_Pseudomonas_syringae	t3e:tr|F3FD33|F3FD33_PSESXType_Pseudomonas_syringae
t3e:tr|F3FD33|F3FD33_PSESXType_Pseudomonas_syringae	t3e:tr|F3G248|F3G248_PSESJType_Pseudomonas_syringae_group
t3e:tr|F3FD33|F3FD33_PSESXType_Pseudomonas_syringae	t3e:tr|A0A656GSX5|A0A656GSX5_PSESX_Pseudomonas_syringae
t3e:tr|F3FD33|F3FD33_PSESXType_Pseudomonas_syringae	t3e:tr|A0A3M2UBF8|A0A3M2UBF8_PSESX_Pseudomonas_syringae
t3e:tr|F3FD33|F3FD33_PSESXType_Pseudomonas_syringae	t3e:tr|Q4ZX85|Q4ZX85_PSEU2Type_Pseudomonas_syringae
t3e:tr|F3FD33|F3FD33_PSESXType_Pseudomonas_syringae	t3e:tr|S3NG26|S3NG26_PSESYType_Pseudomonas_syringae
t3e:tr|F3FD33|F3FD33_PSESXType_Pseudomonas_syringae	t3e:F3IUT4_Pseudomonas_syringae_pv._aptata_str._DSM_50252
t3e:tr|F3FD33|F3FD33_PSESXType_Pseudomonas_syringae	t3e:F3JBH4_Pseudomonas_syringae
t3e:tr|F3FD33|F3FD33_PSESXType_Pseudomonas_syringae	t3e:tr|F3IDS7|F3IDS7_PSEAVType_Pseudomonas_syringae_pv._maculicola
t3e:tr|F3FD33|F3FD33_PSESXType_Pseudomonas_syringae	t3e:common_HopAA1-1__genbank_AAO54894.1__uniprot_G3XDB9__species_Pseudomonas_syringae_pv._tomato_str._DC3000
t3e:tr|F3FD33|F3FD33_PSESXType_Pseudomonas_syringae	t3e:common_HopAA1-2__genbank_AAO58156.1__uniprot_Q87W48__species_Pseudomonas_syringae_pv._tomato_str._DC3000
t3e:tr|F3FD33|F3FD33_PSESXType_Pseudomonas_syringae	t3e:E2MBY1_Pseudomonas_syringae_pv._antirrhini
t3e:tr|F3FD33|F3FD33_PSESXType_Pseudomonas_syringae	t3e:F3EA62_Pseudomonas_amygdali_pv._lachrymans
t3e:tr|F3FD33|F3FD33_PSESXType_Pseudomonas_syringae	t3e:F3HVG5_Pseudomonas_syringae
t3e:tr|F3FD33|F3FD33_PSESXType_Pseudomonas_syringae	t3e:tr|Q8RP03|Q8RP03_PSEYMType_Pseudomonas_syringae_group_genomosp._3
t3e:tr|F3FD65|F3FD65_PSESXType_Pseudomonas_syringae_pv._japonica	t3e:tr|F3FD65|F3FD65_PSESXType_Pseudomonas_syringae_pv._japonica
t3e:tr|F3G242|F3G242_PSESJType_Pseudomonas_syringae	t3e:tr|F3G242|F3G242_PSESJType_Pseudomonas_syringae
t3e:tr|F3GEX7|F3GEX7_PSESJType_Pseudomonas_syringae_pv._pisi_str._1704B	t3e:tr|F3GEX7|F3GEX7_PSESJType_Pseudomonas_syringae_pv._pisi_str._1704B
t3e:tr|F3GEX7|F3GEX7_PSESJType_Pseudomonas_syringae_pv._pisi_str._1704B	t3e:tr|E7PH30|E7PH30_PSESGType_Pseudomonas_savastanoi_pv._glycinea_str._race_4
t3e:tr|A0A0N0FKK8|A0A0N0FKK8_PSEYM_Pseudomonas_syringae_group	t3e:tr|A0A0N0FKK8|A0A0N0FKK8_PSEYM_Pseudomonas_syringae_group
t3e:tr|A0A0N0FKK8|A0A0N0FKK8_PSEYM_Pseudomonas_syringae_group	t3e:tr|E7PKT3|E7PKT3_PSESGType_Pseudomonas_savastanoi
t3e:tr|A0A0N0FKK8|A0A0N0FKK8_PSEYM_Pseudomonas_syringae_group	t3e:tr|A0A2S4IJ75|A0A2S4IJ75_PSEA0_Pseudomonas_syringae_group
t3e:tr|A0A0N0FKK8|A0A0N0FKK8_PSEYM_Pseudomonas_syringae_group	t3e:tr|Q48M45|Q48M45_PSE14Type_Pseudomonas_savastanoi_pv._phaseolicola
t3e:tr|A0A0N0FKK8|A0A0N0FKK8_PSEYM_Pseudomonas_syringae_group	t3e:tr|Q52389|Q52389_PSESXPutative_Pseudomonas_syringae_pv._tomato
t3e:tr|A0A0N0FKK8|A0A0N0FKK8_PSEYM_Pseudomonas_syringae_group	t3e:tr|Q7BM43|Q7BM43_PSEUBAvrE_Pseudomonas_syringae
t3e:tr|A0A0N0FKK8|A0A0N0FKK8_PSEYM_Pseudomonas_syringae_group	t3e:common_AvrE1__genbank_WP_011103532.1__uniprot_Q887C9__species_Pseudomonas_syringae_pv._tomato_str._DC3000
t3e:tr|A0A0N0FKK8|A0A0N0FKK8_PSEYM_Pseudomonas_syringae_group	t3e:E2MBX7_Pseudomonas_syringae_group
t3e:tr|A0A0N0FKK8|A0A0N0FKK8_PSEYM_Pseudomonas_syringae_group	t3e:E7P9D7_Pseudomonas_savastanoi_pv._glycinea
t3e:tr|A0A0N0FKK8|A0A0N0FKK8_PSEYM_Pseudomonas_syringae_group	t3e:F3DNV4_Pseudomonas_amygdali
t3e:tr|A0A0N0FKK8|A0A0N0FKK8_PSEYM_Pseudomonas_syringae_group	t3e:F3EA66_Pseudomonas_amygdali_pv._lachrymans
t3e:tr|A0A0N0FKK8|A0A0N0FKK8_PSEYM_Pseudomonas_syringae_group	t3e:F3HVG1_Pseudomonas_syringae
t3e:tr|A0A0N0FKK8|A0A0N0FKK8_PSEYM_Pseudomonas_syringae_group	t3e:F3JWA0_Pseudomonas_amygdali_pv._hibisci
t3e:tr|A0A0N0FKK8|A0A0N0FKK8_PSEYM_Pseudomonas_syringae_group	t3e:tr|S3NG30|S3NG30_PSESYType_Pseudomonas_syringae
t3e:tr|A0A0N0FKK8|A0A0N0FKK8_PSEYM_Pseudomonas_syringae_group	t3e:tr|Q4ZX80|Q4ZX80_PSEU2Type_Pseudomonas_syringae
t3e:tr|A0A0N0FBJ7|A0A0N0FBJ7_PSEYM_Pseudomonas_syringae_group	t3e:tr|A0A0N0FBJ7|A0A0N0FBJ7_PSEYM_Pseudomonas_syringae_group
t3e:tr|A0A0N0FBJ7|A0A0N0FBJ7_PSEYM_Pseudomonas_syringae_group	t3e:tr|F3IP82|F3IP82_PSEAVType_Pseudomonas_syringae
t3e:tr|A0A0N0FBJ7|A0A0N0FBJ7_PSEYM_Pseudomonas_syringae_group	t3e:tr|A0A3M6G7Q0|A0A3M6G7Q0_PSEAJ_Pseudomonas_amygdali
t3e:tr|A0A0N0FBJ7|A0A0N0FBJ7_PSEYM_Pseudomonas_syringae_group	t3e:common_HopT1-2__uniprot_Q87WF7__genbank_AAO58039.1__species_Pseudomonas_syringae_pv._tomato_str._DC3000
t3e:tr|A0A0N0FBJ7|A0A0N0FBJ7_PSEYM_Pseudomonas_syringae_group	t3e:common_HopT1-1__genbank_AAO59044.1__uniprot_Q88BP7__species_Pseudomonas_syringae_pv._tomato_str._DC3000
t3e:tr|A0A0N0FBJ7|A0A0N0FBJ7_PSEYM_Pseudomonas_syringae_group	t3e:tr|A0A3M4KMZ4|A0A3M4KMZ4_PSESF_Pseudomonas_syringae
t3e:tr|A0A0N0FBJ7|A0A0N0FBJ7_PSEYM_Pseudomonas_syringae_group	t3e:E2MMY3_Pseudomonas_syringae_pv._tomato_T1
t3e:tr|A0A0N0FBJ7|A0A0N0FBJ7_PSEYM_Pseudomonas_syringae_group	t3e:F3DLP0_Pseudomonas_amygdali
t3e:tr|A0A0N0FBJ7|A0A0N0FBJ7_PSEYM_Pseudomonas_syringae_group	t3e:hopT1-1_Pseudomonas_syringae_group_genomosp._3
t3e:tr|F3IDL2|F3IDL2_PSEAVType_Pseudomonas_amygdali_pv._lachrymans_str._M302278	t3e:tr|F3IDL2|F3IDL2_PSEAVType_Pseudomonas_amygdali_pv._lachrymans_str._M302278
t3e:tr|F3IDS2|F3IDS2_PSEAVType_Pseudomonas_amygdali	t3e:tr|F3IDS2|F3IDS2_PSEAVType_Pseudomonas_amygdali
t3e:tr|F3IHD9|F3IHD9_PSEAVType_Pseudomonas_syringae_group	t3e:tr|F3IHD9|F3IHD9_PSEAVType_Pseudomonas_syringae_group
t3e:tr|F3IJD5|F3IJD5_PSEAVType_Pseudomonas_amygdali	t3e:tr|F3IJD5|F3IJD5_PSEAVType_Pseudomonas_amygdali
t3e:tr|F3IJD5|F3IJD5_PSEAVType_Pseudomonas_amygdali	t3e:common_HopAH2-1__genbank_WP_011104480.1__uniprot_Q87ZY0__species_Pseudomonas_syringae_pv._tomato_str._DC3000
t3e:tr|F3IJD5|F3IJD5_PSEAVType_Pseudomonas_amygdali	t3e:tr|S6VK55|S6VK55_PSESFType_Pseudomonas_syringae
t3e:tr|F3IJD5|F3IJD5_PSEAVType_Pseudomonas_amygdali	t3e:E2MH41_Pseudomonas_syringae_group
t3e:tr|F3IJD5|F3IJD5_PSEAVType_Pseudomonas_amygdali	t3e:F3DVN2_Pseudomonas_amygdali_pv._morsprunorum_str._M302280
t3e:tr|F3IJD5|F3IJD5_PSEAVType_Pseudomonas_amygdali	t3e:F3I4M2_Pseudomonas_syringae
t3e:common_HopY1__uniprot_Q88BF6__genbank_AAO53615.1__species_Pseudomonas_syringae_pv._tomato_str._DC3000	t3e:common_HopY1__uniprot_Q88BF6__genbank_AAO53615.1__species_Pseudomonas_syringae_pv._tomato_str._DC3000
t3e:common_HopY1__uniprot_Q88BF6__genbank_AAO53615.1__species_Pseudomonas_syringae_pv._tomato_str._DC3000	t3e:tr|A0A3M3D8Y0|A0A3M3D8Y0_9PSED_Pseudomonas_coronafaciens
t3e:common_HopY1__uniprot_Q88BF6__genbank_AAO53615.1__species_Pseudomonas_syringae_pv._tomato_str._DC3000	t3e:tr|A0A3M5STQ8|A0A3M5STQ8_9PSED_Pseudomonas_avellanae
t3e:common_HopY1__uniprot_Q88BF6__genbank_AAO53615.1__species_Pseudomonas_syringae_pv._tomato_str._DC3000	t3e:E2MIT6_Pseudomonas_syringae_group
t3e:common_HopY1__uniprot_Q88BF6__genbank_AAO53615.1__species_Pseudomonas_syringae_pv._tomato_str._DC3000	t3e:F3DX70_Pseudomonas_amygdali_pv._morsprunorum
t3e:common_HopY1__uniprot_Q88BF6__genbank_AAO53615.1__species_Pseudomonas_syringae_pv._tomato_str._DC3000	t3e:F3HYS4_Pseudomonas_syringae
t3e:tr|F3IP83|F3IP83_PSEAVType_Pseudomonas_syringae_pv._maculicola	t3e:tr|F3IP83|F3IP83_PSEAVType_Pseudomonas_syringae_pv._maculicola
t3e:tr|F3IP83|F3IP83_PSEAVType_Pseudomonas_syringae_pv._maculicola	t3e:tr|A0A656JKS4|A0A656JKS4_PSESF_Pseudomonas_syringae_pv._actinidiae_ICMP_19094
t3e:tr|F3IP83|F3IP83_PSEAVType_Pseudomonas_syringae_pv._maculicola	t3e:F3DLN9_Pseudomonas_amygdali_pv._aesculi_str._0893_23
t3e:tr|F3IP83|F3IP83_PSEAVType_Pseudomonas_syringae_pv._maculicola	t3e:F3HQV5_Pseudomonas_syringae_group
t3e:tr|F3IP83|F3IP83_PSEAVType_Pseudomonas_syringae_pv._maculicola	t3e:F3K8F7_Pseudomonas_amygdali_pv._tabaci_str._ATCC_11528
t3e:tr|G7TIR4|G7TIR4_XANOBType_Xanthomonas_oryzae	t3e:tr|G7TIR4|G7TIR4_XANOBType_Xanthomonas_oryzae
t3e:tr|G7TIR4|G7TIR4_XANOBType_Xanthomonas_oryzae	t3e:tr|D4T570|D4T570_9XANTType_Xanthomonas_fuscans_subsp._aurantifolii
t3e:tr|G7TIR4|G7TIR4_XANOBType_Xanthomonas_oryzae	t3e:tr|Q3BM44|Q3BM44_XANC5Xanthomonas_Xanthomonas_campestris_pv._vesicatoria_(strain_85-10)
t3e:tr|G7TIR4|G7TIR4_XANOBType_Xanthomonas_oryzae	t3e:tr|A0A3T0F2M8|A0A3T0F2M8_XANCI_Xanthomonas_citri_pv._fuscans
t3e:tr|G7TIR4|G7TIR4_XANOBType_Xanthomonas_oryzae	t3e:XopQ_Xanthomonas
t3e:tr|G9L9K6|G9L9K6_XANCEOuter_Xanthomonas_campestris_pv._campestris	t3e:tr|G9L9K6|G9L9K6_XANCEOuter_Xanthomonas_campestris_pv._campestris
t3e:tr|H9L407|H9L407_SALTYSecretion_Salmonella_typhimurium	t3e:tr|H9L407|H9L407_SALTYSecretion_Salmonella_typhimurium
t3e:tr|H9L407|H9L407_SALTYSecretion_Salmonella_typhimurium	t3e:gi|3776125|emb|CAA12191.1|SseF_Salmonella_enterica_subsp._enterica_serovar_Typhimurium
t3e:tr|H9L407|H9L407_SALTYSecretion_Salmonella_typhimurium	t3e:B3Y9R2_Salmonella_enterica_subsp._enterica_serovar
t3e:tr|H9L407|H9L407_SALTYSecretion_Salmonella_typhimurium	t3e:B5CJE5_Salmonella_enterica_subsp._enterica_serovar
t3e:tr|H9L407|H9L407_SALTYSecretion_Salmonella_typhimurium	t3e:E8F9Y4_Salmonella_enterica_subsp._enterica_serovar
t3e:tr|H9L407|H9L407_SALTYSecretion_Salmonella_typhimurium	t3e:E8NNF1_Salmonella_enterica_subsp._enterica_serovar
t3e:tr|H9L407|H9L407_SALTYSecretion_Salmonella_typhimurium	t3e:G5L9Q7_Salmonella_enterica_subsp._enterica_serovar
t3e:tr|H9L407|H9L407_SALTYSecretion_Salmonella_typhimurium	t3e:G5LPC8_Salmonella_enterica_subsp._enterica_serovar_Alachua_str._R6-377
t3e:tr|H9L407|H9L407_SALTYSecretion_Salmonella_typhimurium	t3e:G5MJ01_Salmonella_enterica_subsp._enterica_serovar
t3e:tr|H9L407|H9L407_SALTYSecretion_Salmonella_typhimurium	t3e:G5MYB7_Salmonella_enterica_subsp._enterica_serovar
t3e:tr|H9L407|H9L407_SALTYSecretion_Salmonella_typhimurium	t3e:G5PNQ1_Salmonella_enterica
t3e:tr|H9L407|H9L407_SALTYSecretion_Salmonella_typhimurium	t3e:G5Q3B6_Salmonella_enterica
t3e:tr|H9L407|H9L407_SALTYSecretion_Salmonella_typhimurium	t3e:G5R0N4_Salmonella_enterica_subsp._enterica_serovar_Senftenberg_str._A4-543
t3e:tr|H9L407|H9L407_SALTYSecretion_Salmonella_typhimurium	t3e:G5RG62_Salmonella_enterica
t3e:tr|H9L446|H9L446_SALTYSecretion_Salmonella_enterica_subsp._enterica_serovar_Typhimurium	t3e:tr|H9L446|H9L446_SALTYSecretion_Salmonella_enterica_subsp._enterica_serovar_Typhimurium
t3e:tr|H9L477|H9L477_SALTYSalmonella_Salmonella_typhimurium	t3e:tr|H9L477|H9L477_SALTYSalmonella_Salmonella_typhimurium
t3e:tr|H9L486|H9L486_SALTYSecretion_Salmonella_typhimurium	t3e:tr|H9L486|H9L486_SALTYSecretion_Salmonella_typhimurium
t3e:tr|H9L486|H9L486_SALTYSecretion_Salmonella_typhimurium	t3e:B5CJE6_Salmonella_enterica
t3e:tr|H9L486|H9L486_SALTYSecretion_Salmonella_typhimurium	t3e:B5QCF9_Salmonella_enterica_subsp._enterica_serovar_Heidelberg_str._SL476
t3e:tr|H9L486|H9L486_SALTYSecretion_Salmonella_typhimurium	t3e:E8NNF2_Salmonella_enterica_subsp._enterica_serovar
t3e:tr|H9L486|H9L486_SALTYSecretion_Salmonella_typhimurium	t3e:B3Y9R3_Salmonella_enterica_subsp._enterica_serovar
t3e:tr|H9L486|H9L486_SALTYSecretion_Salmonella_typhimurium	t3e:B5BZW2_Salmonella_enterica_subsp._enterica_serovar
t3e:tr|H9L486|H9L486_SALTYSecretion_Salmonella_typhimurium	t3e:B5PL45_Salmonella_enterica_subsp._enterica_serovar
t3e:tr|H9L486|H9L486_SALTYSecretion_Salmonella_typhimurium	t3e:E8F9Y3_Salmonella_enterica_subsp._enterica_serovar
t3e:tr|H9L486|H9L486_SALTYSecretion_Salmonella_typhimurium	t3e:F2FID1_Salmonella_enterica_subsp._enterica_serovar_Dublin_str._SD3246
t3e:tr|H9L486|H9L486_SALTYSecretion_Salmonella_typhimurium	t3e:F2FZE0_Salmonella_enterica_subsp._enterica_serovar
t3e:tr|H9L486|H9L486_SALTYSecretion_Salmonella_typhimurium	t3e:G5MJ00_Salmonella_enterica
t3e:tr|H9L486|H9L486_SALTYSecretion_Salmonella_typhimurium	t3e:G5NUS2_Salmonella_enterica
t3e:tr|H9L486|H9L486_SALTYSecretion_Salmonella_typhimurium	t3e:G5PNQ0_Salmonella_enterica
t3e:tr|H9L486|H9L486_SALTYSecretion_Salmonella_typhimurium	t3e:G5Q3B5_Salmonella_enterica
t3e:tr|H9L486|H9L486_SALTYSecretion_Salmonella_typhimurium	t3e:G5RG61_Salmonella_enterica_subsp._enterica_serovar_Uganda_str._R8-3404
t3e:common_CT143__uniprot_K0GGG6__genbank_WP_009871489.1__species_Chlamydia_trachomatis	t3e:common_CT143__uniprot_K0GGG6__genbank_WP_009871489.1__species_Chlamydia_trachomatis
t3e:tr|O30783|O30783_CHLCIInclusion_Chlamydia_caviae	t3e:tr|O30783|O30783_CHLCIInclusion_Chlamydia_caviae
t3e:sp|O30916|SOPB_SALTYInositol_Salmonella_typhimurium	t3e:sp|O30916|SOPB_SALTYInositol_Salmonella_typhimurium
t3e:sp|O30916|SOPB_SALTYInositol_Salmonella_typhimurium	t3e:sp|O34105|SOPB_SALDUInositol_Salmonella_dublin
t3e:sp|O30916|SOPB_SALTYInositol_Salmonella_typhimurium	t3e:sp|Q8Z7R1|SOPB_SALTIInositol_Salmonella_typhi
t3e:sp|O30916|SOPB_SALTYInositol_Salmonella_typhimurium	t3e:ACH77786.1_Salmonella_enterica
t3e:tr|O34208|O34208_PSEAIExoU_Pseudomonas_aeruginosa	t3e:tr|O34208|O34208_PSEAIExoU_Pseudomonas_aeruginosa
t3e:tr|O34208|O34208_PSEAIExoU_Pseudomonas_aeruginosa	t3e:tr|Q1W4Y8|Q1W4Y8_PSEAIType_Pseudomonas_aeruginosa
t3e:tr|O34208|O34208_PSEAIExoU_Pseudomonas_aeruginosa	t3e:Q1W4W0_Pseudomonas_aeruginosa
t3e:sp|O68703|YOPT_YERPECysteine_Yersinia_pestis	t3e:sp|O68703|YOPT_YERPECysteine_Yersinia_pestis
t3e:sp|O68703|YOPT_YERPECysteine_Yersinia_pestis	t3e:sp|A1JU65|YOPT1_YERE8Cysteine_Yersinia_enterocolitica
t3e:sp|O68703|YOPT_YERPECysteine_Yersinia_pestis	t3e:sp|P0C2N1|YOPT1_YERENCysteine_Yersinia_enterocolitica
t3e:sp|O68703|YOPT_YERPECysteine_Yersinia_pestis	t3e:sp|P27475|YOPT_YERENCysteine_Yersinia_enterocolitica
t3e:sp|O68703|YOPT_YERPECysteine_Yersinia_pestis	t3e:sp|Q93RN4|YOPT_YERPSCysteine_Yersinia_pseudotuberculosis
t3e:sp|O68703|YOPT_YERPECysteine_Yersinia_pestis	t3e:CFV36198.1_Yersinia_enterocolitica
t3e:common_CT053__uniprot_O84056__genbank_WP_009872349.1__species_Chlamydia_trachomatis	t3e:common_CT053__uniprot_O84056__genbank_WP_009872349.1__species_Chlamydia_trachomatis
t3e:common_CT083__uniprot_O84085__genbank_WP_009871431.1__species_Chlamydia_trachomatis	t3e:common_CT083__uniprot_O84085__genbank_WP_009871431.1__species_Chlamydia_trachomatis
t3e:common_CT105__uniprot_O84107__genbank_WP_010725058.1__species_Chlamydia_trachomatis	t3e:common_CT105__uniprot_O84107__genbank_WP_010725058.1__species_Chlamydia_trachomatis
t3e:common_IncG__uniprot_P0DPS6__genbank_WP_009871465.1__species_Chlamydia_trachomatis	t3e:common_IncG__uniprot_P0DPS6__genbank_WP_009871465.1__species_Chlamydia_trachomatis
t3e:common_CT142__uniprot_O84144__genbank_WP_009871488.1__species_Chlamydia_trachomatis	t3e:common_CT142__uniprot_O84144__genbank_WP_009871488.1__species_Chlamydia_trachomatis
t3e:common_CT161__uniprot_O84163__genbank_WP_010725103.1__species_Chlamydia_trachomatis	t3e:common_CT161__uniprot_O84163__genbank_WP_010725103.1__species_Chlamydia_trachomatis
t3e:common_CT223__uniprot_O84226__genbank_WP_010725128.1__species_Chlamydia_trachomatis	t3e:common_CT223__uniprot_O84226__genbank_WP_010725128.1__species_Chlamydia_trachomatis
t3e:common_CT229__uniprot_O84232__genbank_WP_010725130.1__species_Chlamydia_trachomatis	t3e:common_CT229__uniprot_O84232__genbank_WP_010725130.1__species_Chlamydia_trachomatis
t3e:tr|O84235|O84235_CHLTRInclusion_Chlamydia_trachomatis	t3e:tr|O84235|O84235_CHLTRInclusion_Chlamydia_trachomatis
t3e:common_IncM__uniprot_O84290__genbank_WP_010725149.1__species_Chlamydia_trachomatis	t3e:common_IncM__uniprot_O84290__genbank_WP_010725149.1__species_Chlamydia_trachomatis
t3e:common_CT373__uniprot_O84378__genbank_WP_010725175.1__species_Chlamydia_trachomatis	t3e:common_CT373__uniprot_O84378__genbank_WP_010725175.1__species_Chlamydia_trachomatis
t3e:common_CT442__uniprot_O84449__genbank_WP_009872659.1__species_Chlamydia_trachomatis	t3e:common_CT442__uniprot_O84449__genbank_WP_009872659.1__species_Chlamydia_trachomatis
t3e:common_tarP__uniprot_O84462__genbank_WP_010725202.1__species_Chlamydia_trachomatis	t3e:common_tarP__uniprot_O84462__genbank_WP_010725202.1__species_Chlamydia_trachomatis
t3e:common_CT529__uniprot_O84534__genbank_WP_009871893.1__species_Chlamydia_trachomatis_D-EC	t3e:common_CT529__uniprot_O84534__genbank_WP_009871893.1__species_Chlamydia_trachomatis_D-EC
t3e:common_CT550__uniprot_O84554__genbank_WP_009871914.1__species_Chlamydia_trachomatis	t3e:common_CT550__uniprot_O84554__genbank_WP_009871914.1__species_Chlamydia_trachomatis
t3e:common_CT618__uniprot_O84623__genbank_WP_010725275.1__species_Chlamydia_trachomatis_D-EC	t3e:common_CT618__uniprot_O84623__genbank_WP_010725275.1__species_Chlamydia_trachomatis_D-EC
t3e:common_CT620__uniprot_O84625__genbank_WP_009871988.1__species_Chlamydia_trachomatis	t3e:common_CT620__uniprot_O84625__genbank_WP_009871988.1__species_Chlamydia_trachomatis
t3e:common_CT621__uniprot_O84626__genbank_WP_010725277.1__species_Chlamydia_trachomatis	t3e:common_CT621__uniprot_O84626__genbank_WP_010725277.1__species_Chlamydia_trachomatis
t3e:common_CT642__uniprot_O84648__genbank_WP_010725287.1__species_Chlamydia_trachomatis	t3e:common_CT642__uniprot_O84648__genbank_WP_010725287.1__species_Chlamydia_trachomatis
t3e:common_CT694__uniprot_O84700__genbank_WP_010725304.1__species_Chlamydia_trachomatis	t3e:common_CT694__uniprot_O84700__genbank_WP_010725304.1__species_Chlamydia_trachomatis
t3e:common_CT712__uniprot_O84718__genbank_WP_009872088.1__species_Chlamydia_trachomatis	t3e:common_CT712__uniprot_O84718__genbank_WP_009872088.1__species_Chlamydia_trachomatis
t3e:common_CT718__uniprot_O84723__genbank_WP_009872094.1__species_Chlamydia_trachomatis	t3e:common_CT718__uniprot_O84723__genbank_WP_009872094.1__species_Chlamydia_trachomatis
t3e:common_CT738__uniprot_O84743__genbank_WP_009872115.1__species_Chlamydia_trachomatis	t3e:common_CT738__uniprot_O84743__genbank_WP_009872115.1__species_Chlamydia_trachomatis
t3e:common_CT848__uniprot_O84855__genbank_WP_009872236.1__species_Chlamydia_trachomatis	t3e:common_CT848__uniprot_O84855__genbank_WP_009872236.1__species_Chlamydia_trachomatis
t3e:tr|O84856|O84856_CHLTRUncharacterized_Chlamydia_trachomatis	t3e:tr|O84856|O84856_CHLTRUncharacterized_Chlamydia_trachomatis
t3e:common_CopB2__uniprot_O84869__genbank_WP_010725374.1__species_Chlamydia_trachomatis	t3e:common_CopB2__uniprot_O84869__genbank_WP_010725374.1__species_Chlamydia_trachomatis
t3e:common_CT863__uniprot_O84871__genbank_WP_010725376.1__species_Chlamydia_trachomatis	t3e:common_CT863__uniprot_O84871__genbank_WP_010725376.1__species_Chlamydia_trachomatis
t3e:common_TepP__uniprot_O84883__genbank_WP_010724957.1__species_Chlamydia_trachomatis	t3e:common_TepP__uniprot_O84883__genbank_WP_010724957.1__species_Chlamydia_trachomatis
t3e:tr|O85345|O85345_PSEAIAdenylate_Pseudomonas_aeruginosa	t3e:tr|O85345|O85345_PSEAIAdenylate_Pseudomonas_aeruginosa
t3e:tr|O85345|O85345_PSEAIAdenylate_Pseudomonas_aeruginosa	t3e:common_ExoY__uniprot_UPI0000F2EDDE__genbank_WP_004343509.1__species_Pseudomonas_aeruginosa
t3e:tr|O85345|O85345_PSEAIAdenylate_Pseudomonas_aeruginosa	t3e:A3L8F3_Pseudomonas_aeruginosa_2192
t3e:tr|O85345|O85345_PSEAIAdenylate_Pseudomonas_aeruginosa	t3e:B7V9R6_Pseudomonas_aeruginosa_(strain_LESB58)
t3e:tr|O85345|O85345_PSEAIAdenylate_Pseudomonas_aeruginosa	t3e:common_ExoY__uniparc_UPI0001DCFCDE__genbank_WP_003110763.1__species_Pseudomonas_aeruginosa
t3e:tr|O85345|O85345_PSEAIAdenylate_Pseudomonas_aeruginosa	t3e:Q02LX8_Pseudomonas_aeruginosa_(strain_UCBPP-PA14)
t3e:tr|O85345|O85345_PSEAIAdenylate_Pseudomonas_aeruginosa	t3e:G2L3P6_Pseudomonas_aeruginosa_M18
t3e:sp|O87653|HRPZ_PSEAPHarpin_Pseudomonas_syringae	t3e:sp|O87653|HRPZ_PSEAPHarpin_Pseudomonas_syringae
t3e:sp|O87653|HRPZ_PSEAPHarpin_Pseudomonas_syringae	t3e:sp|P35674|HRPZ_PSESYHarpin_Pseudomonas_syringae_pv._syringae
t3e:sp|O87653|HRPZ_PSEAPHarpin_Pseudomonas_syringae	t3e:sp|Q52481|HRPZ_PSESGHarpin_Pseudomonas_savastanoi_pv._glycinea
t3e:sp|O87653|HRPZ_PSEAPHarpin_Pseudomonas_syringae	t3e:common_HrpZ1__genbank_WP_005763902.1__uniprot_Q887C6__species_Pseudomonas_syringae_pv._tomato_str._DC3000
t3e:common_IncA__uniprot_P0CI27__genbank_WP_009871466.1__species_Chlamydia_trachomatis	t3e:common_IncA__uniprot_P0CI27__genbank_WP_009871466.1__species_Chlamydia_trachomatis
t3e:common_IncA__uniprot_P0CI27__genbank_WP_009871466.1__species_Chlamydia_trachomatis	t3e:sp|P0DPS5|INCA_CHLTH_Chlamydia_trachomatis
t3e:sp|P13835|AVRB_PSESGAvirulence_Pseudomonas_savastanoi	t3e:sp|P13835|AVRB_PSESGAvirulence_Pseudomonas_savastanoi
t3e:sp|P14727|AVRB3_XANEUAvirulence	t3e:sp|P14727|AVRB3_XANEUAvirulence
t3e:sp|P14727|AVRB3_XANEUAvirulence	t3e:tr|Q07061|Q07061_9XANTAvirulence_Xanthomonas_vesicatoria
t3e:sp|P14727|AVRB3_XANEUAvirulence	t3e:D4T7U8_Xanthomonas_citri_pv._aurantifolii_str._ICPB_10535
t3e:sp|P14727|AVRB3_XANEUAvirulence	t3e:AAM39226.1_Xanthomonas_citri_pv._citri_str._306
t3e:sp|P14727|AVRB3_XANEUAvirulence	t3e:AvrBs4_Xanthomonas_oryzae
t3e:sp|P14727|AVRB3_XANEUAvirulence	t3e:AvrXa3_Xanthomonas_oryzae_pv._oryzae_KACC_10331
t3e:sp|P14727|AVRB3_XANEUAvirulence	t3e:PthA_Xanthomonas_oryzae_pv._oryzae_KACC_10331
t3e:sp|P14727|AVRB3_XANEUAvirulence	t3e:PthA2_Xanthomonas_citri
t3e:sp|P14727|AVRB3_XANEUAvirulence	t3e:PthA3_Xanthomonas_citri
t3e:sp|P14727|AVRB3_XANEUAvirulence	t3e:PthA4_Xanthomonas_citri
t3e:sp|P14727|AVRB3_XANEUAvirulence	t3e:PthB_Xanthomonas_citri
t3e:sp|P14727|AVRB3_XANEUAvirulence	t3e:PthC_Xanthomonas_citri_pv._aurantifolii
t3e:sp|P18009|IPA4_SHIFLProbable_Shigella_flexneri	t3e:sp|P18009|IPA4_SHIFLProbable_Shigella_flexneri
t3e:sp|P27474|YOPQ_YERENProtein_Yersinia_enterocolitica	t3e:sp|P27474|YOPQ_YERENProtein_Yersinia_enterocolitica
t3e:sp|P27474|YOPQ_YERENProtein_Yersinia_enterocolitica	t3e:tr|Q56935|Q56935_YERPUYopK_Yersinia_pseudotuberculosis
t3e:sp|P27474|YOPQ_YERENProtein_Yersinia_enterocolitica	t3e:B0A3S4_Yersinia_pestis_biovar_Microtus_str._91001
t3e:sp|P27474|YOPQ_YERENProtein_Yersinia_enterocolitica	t3e:CAL10028.1_Yersinia_enterocolitica
t3e:common_IcsB__genbank_WP_010921665.1_uniprot_P33546__species_Shigella_flexneri	t3e:common_IcsB__genbank_WP_010921665.1_uniprot_P33546__species_Shigella_flexneri
t3e:common_IcsB__genbank_WP_010921665.1_uniprot_P33546__species_Shigella_flexneri	t3e:D2AJI9_Shigella_flexneri
t3e:common_IcsB__genbank_WP_010921665.1_uniprot_P33546__species_Shigella_flexneri	t3e:F5MNT0_Shigella_flexneri_K-671
t3e:common_IcsB__genbank_WP_010921665.1_uniprot_P33546__species_Shigella_flexneri	t3e:F5P4G0_Shigella_flexneri_K-227
t3e:common_IcsB__genbank_WP_010921665.1_uniprot_P33546__species_Shigella_flexneri	t3e:F5P8E4_Shigella_flexneri_K-304
t3e:common_IcsB__genbank_WP_010921665.1_uniprot_P33546__species_Shigella_flexneri	t3e:H6S51_RS00640_Shigella_flexneri
t3e:sp|P55456|Y4FR_RHISNProbable_Sinorhizobium_fredii	t3e:sp|P55456|Y4FR_RHISNProbable_Sinorhizobium_fredii
t3e:sp|P55456|Y4FR_RHISNProbable_Sinorhizobium_fredii	t3e:tr|C4PL85|C4PL85_BRAELNopM_Bradyrhizobium_elkanii
t3e:sp|P55555|Y4LO_SINFNUncharacterized_Sinorhizobium_fredii	t3e:sp|P55555|Y4LO_SINFNUncharacterized_Sinorhizobium_fredii
t3e:sp|P55730|Y4ZC_SINFNPutative_Sinorhizobium_fredii	t3e:sp|P55730|Y4ZC_SINFNPutative_Sinorhizobium_fredii
t3e:sp|P68590|YSCH_YERPEYop_Yersinia_pestis	t3e:sp|P68590|YSCH_YERPEYop_Yersinia_pestis
t3e:sp|P68590|YSCH_YERPEYop_Yersinia_pestis	t3e:sp|Q663I2|YSCH_YERPSYop_Yersinia_pseudotuberculosis
t3e:sp|P68590|YSCH_YERPEYop_Yersinia_pestis	t3e:tr|Q7BRZ4|Q7BRZ4_YERENSecreted_Yersinia_enterocolitica
t3e:sp|P68590|YSCH_YERPEYop_Yersinia_pestis	t3e:E7BAY7_Yersinia_enterocolitica
t3e:sp|P69978|YSCM_YERPEYop_Yersinia_pseudotuberculosis_complex	t3e:sp|P69978|YSCM_YERPEYop_Yersinia_pseudotuberculosis_complex
t3e:tr|Q08242|Q08242_PSESXAvirulence_Pseudomonas_syringae_group	t3e:tr|Q08242|Q08242_PSESXAvirulence_Pseudomonas_syringae_group
t3e:tr|Q08242|Q08242_PSESXAvirulence_Pseudomonas_syringae_group	t3e:C7DYA8_Pseudomonas_amygdali_pv._mori
t3e:tr|Q08242|Q08242_PSESXAvirulence_Pseudomonas_syringae_group	t3e:C7DYA9_Pseudomonas_amygdali_pv._lachrymans
t3e:tr|Q08242|Q08242_PSESXAvirulence_Pseudomonas_syringae_group	t3e:C7DYB0_Pseudomonas_coronafaciens_pv._oryzae
t3e:tr|Q08242|Q08242_PSESXAvirulence_Pseudomonas_syringae_group	t3e:D5LB36_Pseudomonas_syringae_group_genomosp._3
t3e:tr|Q08242|Q08242_PSESXAvirulence_Pseudomonas_syringae_group	t3e:E7PD74_Pseudomonas_savastanoi_pv._glycinea
t3e:tr|Q08242|Q08242_PSESXAvirulence_Pseudomonas_syringae_group	t3e:F3DLX5_Pseudomonas_amygdali
t3e:tr|Q08242|Q08242_PSESXAvirulence_Pseudomonas_syringae_group	t3e:F3F1H2_Pseudomonas_amygdali
t3e:tr|Q08242|Q08242_PSESXAvirulence_Pseudomonas_syringae_group	t3e:common_AvrPto1__genbank_WP_005767197.1__uniparc_UPI00020975CE__species_Pseudomonas_syringae_pv._tomato_str._DC3000
t3e:tr|Q08242|Q08242_PSESXAvirulence_Pseudomonas_syringae_group	t3e:Q4ZLM6_Pseudomonas_syringae_pv._syringae
t3e:tr|Q08242|Q08242_PSESXAvirulence_Pseudomonas_syringae_group	t3e:Q87Y16_Pseudomonas_syringae_group_genomosp._3
t3e:tr|Q08242|Q08242_PSESXAvirulence_Pseudomonas_syringae_group	t3e:C7DYA7_Pseudomonas_amygdali
t3e:tr|Q08242|Q08242_PSESXAvirulence_Pseudomonas_syringae_group	t3e:F3DLR2_Pseudomonas_amygdali
t3e:tr|Q08242|Q08242_PSESXAvirulence_Pseudomonas_syringae_group	t3e:F3K4V2_Pseudomonas_syringae_group_genomosp._2
t3e:tr|Q08242|Q08242_PSESXAvirulence_Pseudomonas_syringae_group	t3e:F2ZRP1_Pseudomonas_coronafaciens
t3e:sp|Q08678|AVRV_XANEUAvirulence_Xanthomonas_euvesicatoria	t3e:sp|Q08678|AVRV_XANEUAvirulence_Xanthomonas_euvesicatoria
t3e:tr|Q156B7|Q156B7_9XANTPopC_Xanthomonas_oryzae_pv._oryzicola	t3e:tr|Q156B7|Q156B7_9XANTPopC_Xanthomonas_oryzae_pv._oryzicola
t3e:tr|Q156B7|Q156B7_9XANTPopC_Xanthomonas_oryzae_pv._oryzicola	t3e:G7TBW4_Xanthomonas_oryzae_pv._oryzicola
t3e:tr|Q156B7|Q156B7_9XANTPopC_Xanthomonas_oryzae_pv._oryzicola	t3e:XopL_Xanthomonas_euvesicatoria_pv._vesicatoria_str._85-10
t3e:common_HrpY__uniprot_Q2AC60__genbank_BAE80275.1__species_Acidovorax_avenae_subsp._avenae	t3e:common_HrpY__uniprot_Q2AC60__genbank_BAE80275.1__species_Acidovorax_avenae_subsp._avenae
t3e:sp|Q326N4|VIRA_SHIDSCysteine_Shigella_dysenteriae_1617	t3e:sp|Q326N4|VIRA_SHIDSCysteine_Shigella_dysenteriae_1617
t3e:sp|Q326N4|VIRA_SHIDSCysteine_Shigella_dysenteriae_1617	t3e:sp|Q3YTK0|VIRA_SHISSCysteine_Shigella_sonnei
t3e:sp|Q326N4|VIRA_SHIDSCysteine_Shigella_dysenteriae_1617	t3e:sp|Q7BU69|VIRA_SHIFLCysteine_Shigella_flexneri
t3e:sp|Q326N4|VIRA_SHIDSCysteine_Shigella_dysenteriae_1617	t3e:E7TGZ5_Shigella_flexneri
t3e:tr|Q327E0|Q327E0_SHIDSOspC1_Shigella_dysenteriae	t3e:tr|Q327E0|Q327E0_SHIDSOspC1_Shigella_dysenteriae
t3e:tr|Q327J1|Q327J1_SHIDSOspB_Shigella_dysenteriae_Sd197	t3e:tr|Q327J1|Q327J1_SHIDSOspB_Shigella_dysenteriae_Sd197
t3e:tr|Q3BRE0|Q3BRE0_XANC5Xanthomonas_Xanthomonas_euvesicatoria	t3e:tr|Q3BRE0|Q3BRE0_XANC5Xanthomonas_Xanthomonas_euvesicatoria
t3e:tr|Q3BY51|Q3BY51_XANC5Xanthomonas_Xanthomonas_euvesicatoria	t3e:tr|Q3BY51|Q3BY51_XANC5Xanthomonas_Xanthomonas_euvesicatoria
t3e:tr|Q3BY51|Q3BY51_XANC5Xanthomonas_Xanthomonas_euvesicatoria	t3e:tr|D4T148|D4T148_9XANTType_Xanthomonas_citri_pv._aurantifolii_str._ICPB_10535
t3e:tr|Q3BYJ5|Q3BYJ5_XANC5Xanthomonas_Xanthomonas_campestris_pv._vesicatoria_str._85-10	t3e:tr|Q3BYJ5|Q3BYJ5_XANC5Xanthomonas_Xanthomonas_campestris_pv._vesicatoria_str._85-10
t3e:tr|Q3YTN8|Q3YTN8_SHISSMxiL_Shigella_sonnei_(strain_Ss046)	t3e:tr|Q3YTN8|Q3YTN8_SHISSMxiL_Shigella_sonnei_(strain_Ss046)
t3e:tr|Q46210|Q46210_CHLCIInclusion_Chlamydia_caviae	t3e:tr|Q46210|Q46210_CHLCIInclusion_Chlamydia_caviae
t3e:sp|Q47278|HRPN_DICCHHarpin_Dickeya_chrysanthemi	t3e:sp|Q47278|HRPN_DICCHHarpin_Dickeya_chrysanthemi
t3e:tr|Q48B68|Q48B68_PSE14Syringolide_Pseudomonas_savastanoi_pv._phaseolicola	t3e:tr|Q48B68|Q48B68_PSE14Syringolide_Pseudomonas_savastanoi_pv._phaseolicola
t3e:tr|Q48B68|Q48B68_PSE14Syringolide_Pseudomonas_savastanoi_pv._phaseolicola	t3e:E2MMX4_Pseudomonas_syringae_group
t3e:tr|Q48B68|Q48B68_PSE14Syringolide_Pseudomonas_savastanoi_pv._phaseolicola	t3e:E7PEH8_Pseudomonas_savastanoi
t3e:tr|Q48B68|Q48B68_PSE14Syringolide_Pseudomonas_savastanoi_pv._phaseolicola	t3e:E7PU11_Pseudomonas_savastanoi
t3e:tr|Q48B68|Q48B68_PSE14Syringolide_Pseudomonas_savastanoi_pv._phaseolicola	t3e:F3FBA3_Pseudomonas_amygdali_pv._mori_str._301020
t3e:tr|Q48B68|Q48B68_PSE14Syringolide_Pseudomonas_savastanoi_pv._phaseolicola	t3e:F3I506_Pseudomonas_syringae_pv._actinidiae
t3e:tr|Q48B68|Q48B68_PSE14Syringolide_Pseudomonas_savastanoi_pv._phaseolicola	t3e:F3EKD3_Pseudomonas_amygdali
t3e:tr|Q48B68|Q48B68_PSE14Syringolide_Pseudomonas_savastanoi_pv._phaseolicola	t3e:O86071_Pseudomonas_syringae_pv._cilantro
t3e:tr|Q48B68|Q48B68_PSE14Syringolide_Pseudomonas_savastanoi_pv._phaseolicola	t3e:O86072_Pseudomonas_syringae_pv._apii
t3e:tr|Q4ZX47|Q4ZX47_PSEU2Type_Pseudomonas_syringae	t3e:tr|Q4ZX47|Q4ZX47_PSEU2Type_Pseudomonas_syringae
t3e:tr|Q4ZX47|Q4ZX47_PSEU2Type_Pseudomonas_syringae	t3e:F3HZ87_Pseudomonas_syringae
t3e:tr|Q4ZX47|Q4ZX47_PSEU2Type_Pseudomonas_syringae	t3e:hopZ3_Pseudomonas_syringae
t3e:tr|Q51451|Q51451_PSEAIExoenzyme_Pseudomonas_aeruginosa_PAO1	t3e:tr|Q51451|Q51451_PSEAIExoenzyme_Pseudomonas_aeruginosa_PAO1
t3e:tr|Q51451|Q51451_PSEAIExoenzyme_Pseudomonas_aeruginosa_PAO1	t3e:tr|Q9I788|Q9I788_PSEAEExoenzyme_Pseudomonas_aeruginosa
t3e:tr|Q51451|Q51451_PSEAIExoenzyme_Pseudomonas_aeruginosa_PAO1	t3e:G4LC22_Pseudomonas_aeruginosa_NCGM2.S1
t3e:tr|Q51451|Q51451_PSEAIExoenzyme_Pseudomonas_aeruginosa_PAO1	t3e:Q02V35_Pseudomonas_aeruginosa_(strain_UCBPP-PA14)
t3e:tr|Q51451|Q51451_PSEAIExoenzyme_Pseudomonas_aeruginosa_PAO1	t3e:Q51445_Pseudomonas_aeruginosa
t3e:tr|Q51451|Q51451_PSEAIExoenzyme_Pseudomonas_aeruginosa_PAO1	t3e:Q933J5_Pseudomonas_aeruginosa
t3e:tr|Q51451|Q51451_PSEAIExoenzyme_Pseudomonas_aeruginosa_PAO1	t3e:Q93SP9_Pseudomonas_aeruginosa
t3e:tr|Q51451|Q51451_PSEAIExoenzyme_Pseudomonas_aeruginosa_PAO1	t3e:Q93SQ0_Pseudomonas_aeruginosa
t3e:tr|Q51451|Q51451_PSEAIExoenzyme_Pseudomonas_aeruginosa_PAO1	t3e:Q93SQ1_Pseudomonas_aeruginosa
t3e:tr|Q51451|Q51451_PSEAIExoenzyme_Pseudomonas_aeruginosa_PAO1	t3e:Q93SQ2_Pseudomonas_aeruginosa
t3e:tr|Q51451|Q51451_PSEAIExoenzyme_Pseudomonas_aeruginosa_PAO1	t3e:Q93SQ3_Pseudomonas_aeruginosa
t3e:tr|Q51451|Q51451_PSEAIExoenzyme_Pseudomonas_aeruginosa_PAO1	t3e:tr|A0FKE4|A0FKE4_9GAMMAexT_Aeromonas_veronii
t3e:tr|Q51451|Q51451_PSEAIExoenzyme_Pseudomonas_aeruginosa_PAO1	t3e:tr|A0FKE5|A0FKE5_9GAMMAexU_Aeromonas_veronii
t3e:tr|Q51451|Q51451_PSEAIExoenzyme_Pseudomonas_aeruginosa_PAO1	t3e:tr|A6YCJ6|A6YCJ6_AERHYAexT_Aeromonas_piscicola
t3e:tr|Q51451|Q51451_PSEAIExoenzyme_Pseudomonas_aeruginosa_PAO1	t3e:sp|Q93Q17|AEXT_AERSAADP-ribosyltransferase_Aeromonas_salmonicida
t3e:sp|Q52430|AVRP3_PSESHCysteine_Pseudomonas_savastanoi_pv._phaseolicola	t3e:sp|Q52430|AVRP3_PSESHCysteine_Pseudomonas_savastanoi_pv._phaseolicola
t3e:sp|Q52430|AVRP3_PSESHCysteine_Pseudomonas_savastanoi_pv._phaseolicola	t3e:Q4LBP1_Pseudomonas_syringae_group
t3e:sp|Q52430|AVRP3_PSESHCysteine_Pseudomonas_savastanoi_pv._phaseolicola	t3e:hopAR1_Pseudomonas_amygdali
t3e:sp|Q55286|IPGD_SHISOInositol_Shigella_sonnei	t3e:sp|Q55286|IPGD_SHISOInositol_Shigella_sonnei
t3e:sp|Q55286|IPGD_SHISOInositol_Shigella_sonnei	t3e:sp|Q07566|IPGD_SHIFLInositol_Shigella_flexneri
t3e:sp|Q57KZ6|PIPB2_SALCHSecreted_Salmonella_enterica_subsp._enterica_serovar_Paratyphi_C_str._RKS4594	t3e:sp|Q57KZ6|PIPB2_SALCHSecreted_Salmonella_enterica_subsp._enterica_serovar_Paratyphi_C_str._RKS4594
t3e:sp|Q57KZ6|PIPB2_SALCHSecreted_Salmonella_enterica_subsp._enterica_serovar_Paratyphi_C_str._RKS4594	t3e:sp|Q5PEX4|PIPB2_SALPASecreted_Salmonella_paratyphi_A
t3e:sp|Q57KZ6|PIPB2_SALCHSecreted_Salmonella_enterica_subsp._enterica_serovar_Paratyphi_C_str._RKS4594	t3e:sp|Q8Z4G9|PIPB2_SALTISecreted_Salmonella_enterica_subsp._enterica_serovar_Typhi_str._P-stx-12
t3e:sp|Q57KZ6|PIPB2_SALCHSecreted_Salmonella_enterica_subsp._enterica_serovar_Paratyphi_C_str._RKS4594	t3e:sp|Q8ZMM8|PIPB2_SALTYSecreted_Salmonella_typhimurium
t3e:sp|Q57KZ6|PIPB2_SALCHSecreted_Salmonella_enterica_subsp._enterica_serovar_Paratyphi_C_str._RKS4594	t3e:B5CHY2_Salmonella_enterica_subsp._enterica_serovar_Schwarzengrund_str._CVM19633
t3e:sp|Q57KZ6|PIPB2_SALCHSecreted_Salmonella_enterica_subsp._enterica_serovar_Paratyphi_C_str._RKS4594	t3e:E8XK20_Salmonella_enterica_subsp._enterica_serovar_Typhimurium_str._ST4/74
t3e:sp|Q57KZ6|PIPB2_SALCHSecreted_Salmonella_enterica_subsp._enterica_serovar_Paratyphi_C_str._RKS4594	t3e:F5ZTM4_"Salmonella_enterica_subsp._enterica_serovar_4
t3e:sp|Q57KZ6|PIPB2_SALCHSecreted_Salmonella_enterica_subsp._enterica_serovar_Paratyphi_C_str._RKS4594	t3e:E9A5D3_Salmonella_enterica_subsp._enterica_serovar
t3e:sp|Q5PEA9|SPTP_SALPASecreted_Salmonella_enterica	t3e:sp|Q5PEA9|SPTP_SALPASecreted_Salmonella_enterica
t3e:sp|Q5PEA9|SPTP_SALPASecreted_Salmonella_enterica	t3e:sp|P74851|SPTP_SALTISecreted_Salmonella_typhi
t3e:sp|Q5PEA9|SPTP_SALPASecreted_Salmonella_enterica	t3e:sp|P74873|SPTP_SALTYSecreted_Salmonella_typhimurium
t3e:common_bapA__uniprot_Q63K38__genbank_WP_011205636.1__species_Burkholderia_pseudomallei_(strain_K96243)	t3e:common_bapA__uniprot_Q63K38__genbank_WP_011205636.1__species_Burkholderia_pseudomallei_(strain_K96243)
t3e:tr|Q63K40|Q63K40_BURPSPutative_Burkholderia_pseudomallei_(strain_K96243)	t3e:tr|Q63K40|Q63K40_BURPSPutative_Burkholderia_pseudomallei_(strain_K96243)
t3e:common_bopC__uniprot_Q63K50__genbank_WP_162487069.1__species_Burkholderia_pseudomallei_Pasteur_52237	t3e:common_bopC__uniprot_Q63K50__genbank_WP_162487069.1__species_Burkholderia_pseudomallei_Pasteur_52237
t3e:tr|Q6PLD0|Q6PLD0_VIBPHOuter_Vibrio_parahaemolyticus	t3e:tr|Q6PLD0|Q6PLD0_VIBPHOuter_Vibrio_parahaemolyticus
t3e:common_SG0576__uniprot_Q2NVH4__genbank_BAE73851.1__species_Sodalis_glossinidius	t3e:common_SG0576__uniprot_Q2NVH4__genbank_BAE73851.1__species_Sodalis_glossinidius
t3e:tr|Q6RK53|Q6RK53_PECATDspE_Pectobacterium_atrosepticum	t3e:tr|Q6RK53|Q6RK53_PECATDspE_Pectobacterium_atrosepticum
t3e:tr|Q6VE93|Q6VE93_PSESYOrf34_Pseudomonas_syringae	t3e:tr|Q6VE93|Q6VE93_PSESYOrf34_Pseudomonas_syringae
t3e:tr|Q6VE93|Q6VE93_PSESYOrf34_Pseudomonas_syringae	t3e:tr|Q8RP13|Q8RP13_PSEYMHopZ1_Pseudomonas_syringae_pv._maculicola
t3e:tr|Q6VE93|Q6VE93_PSESYOrf34_Pseudomonas_syringae	t3e:HopZ1_Pseudomonas_syringae_pv._syringae
t3e:tr|Q6XVT8|Q6XVT8_SHIFLIpaH1.4_Shigella_boydii	t3e:tr|Q6XVT8|Q6XVT8_SHIFLIpaH1.4_Shigella_boydii
t3e:tr|Q6XVT8|Q6XVT8_SHIFLIpaH1.4_Shigella_boydii	t3e:H6S51_RS01215_Shigella_flexneri
t3e:tr|Q6XVT8|Q6XVT8_SHIFLIpaH1.4_Shigella_boydii	t3e:H6S51_RS00275_Shigella_flexneri
t3e:tr|Q6XVT8|Q6XVT8_SHIFLIpaH1.4_Shigella_boydii	t3e:common_IpaH7.8__genbank_WP_010921637.1__uniprot_P18014__species_Shigella_flexneri
t3e:tr|Q700V9|Q700V9_RALSLPopP1_Ralstonia_pseudosolanacearum	t3e:tr|Q700V9|Q700V9_RALSLPopP1_Ralstonia_pseudosolanacearum
t3e:tr|Q700V9|Q700V9_RALSLPopP1_Ralstonia_pseudosolanacearum	t3e:tr|Q700W1|Q700W1_RALSLAvirulence_Ralstonia_solanacearum
t3e:tr|Q700V9|Q700V9_RALSLPopP1_Ralstonia_pseudosolanacearum	t3e:common_rip7/popP1__uniprot_Q8Y164__genbank_WP_011000779.1__species__Ralstonia_solanacearum
t3e:tr|Q700V9|Q700V9_RALSLPopP1_Ralstonia_pseudosolanacearum	t3e:RipP1_Ralstonia_pseudosolanacearum
t3e:tr|Q7BEN0|Q7BEN0_SHIFLEnterotoxin_Shigella_flexneri	t3e:tr|Q7BEN0|Q7BEN0_SHIFLEnterotoxin_Shigella_flexneri
t3e:tr|Q7MYD1|Q7MYD1_PHOLLUncharacterized_Photorhabdus_laumondii_subsp._laumondii_TTO1	t3e:tr|Q7MYD1|Q7MYD1_PHOLLUncharacterized_Photorhabdus_laumondii_subsp._laumondii_TTO1
t3e:tr|Q7N439|Q7N439_PHOLLUncharacterized_Photorhabdus_laumondii_subsp._laumondii	t3e:tr|Q7N439|Q7N439_PHOLLUncharacterized_Photorhabdus_laumondii_subsp._laumondii
t3e:tr|Q7NUX3|Q7NUX3_CHRVOSecretion_Chromobacterium_violaceum_ATCC_12472	t3e:tr|Q7NUX3|Q7NUX3_CHRVOSecretion_Chromobacterium_violaceum_ATCC_12472
t3e:tr|Q7NYG6|Q7NYG6_CHRVOHydrophilic_Chromobacterium_violaceum	t3e:tr|Q7NYG6|Q7NYG6_CHRVOHydrophilic_Chromobacterium_violaceum
t3e:tr|Q7NYG6|Q7NYG6_CHRVOHydrophilic_Chromobacterium_violaceum	t3e:sp|P0A2M9|SPVC_SALTYMAPK_Salmonella_typhimurium
t3e:tr|Q7NYG6|Q7NYG6_CHRVOHydrophilic_Chromobacterium_violaceum	t3e:sp|Q31SR9|OSPF_SHIBSPhosphothreonine_Shigella_boydii
t3e:tr|Q7NYG6|Q7NYG6_CHRVOHydrophilic_Chromobacterium_violaceum	t3e:sp|Q327I2|OSPF_SHIDSPhosphothreonine_Shigella_dysenteriae
t3e:tr|Q7NYG6|Q7NYG6_CHRVOHydrophilic_Chromobacterium_violaceum	t3e:sp|Q3YTY3|OSPF_SHISSPhosphothreonine_Shigella_sonnei
t3e:tr|Q7NYG6|Q7NYG6_CHRVOHydrophilic_Chromobacterium_violaceum	t3e:sp|Q8VSP9|OSPF_SHIFLPhosphothreonine_Shigella_flexneri
t3e:tr|Q7NYG6|Q7NYG6_CHRVOHydrophilic_Chromobacterium_violaceum	t3e:H6S51_RS00060_Shigella_flexneri
t3e:tr|Q7P1B7|Q7P1B7_CHRVOUncharacterized_Chromobacterium_violaceum	t3e:tr|Q7P1B7|Q7P1B7_CHRVOUncharacterized_Chromobacterium_violaceum
t3e:tr|Q824H6|Q824H6_CHLCVUncharacterized_Chlamydia_caviae	t3e:tr|Q824H6|Q824H6_CHLCVUncharacterized_Chlamydia_caviae
t3e:tr|Q87GE5|Q87GE5_VIBPAUncharacterized_Vibrio_parahaemolyticus	t3e:tr|Q87GE5|Q87GE5_VIBPAUncharacterized_Vibrio_parahaemolyticus
t3e:tr|Q87GE5|Q87GE5_VIBPAUncharacterized_Vibrio_parahaemolyticus	t3e:tr|C5IZN1|C5IZN1_VIBCLVopF_Vibrio_cholerae
t3e:common_VopV__uniprot_Q87GF9__genbank_WP_011106489.1__species_Vibrio_parahaemolyticus	t3e:common_VopV__uniprot_Q87GF9__genbank_WP_011106489.1__species_Vibrio_parahaemolyticus
t3e:tr|Q87GI9|Q87GI9_VIBPAPutative_Vibrio_parahaemolyticus	t3e:tr|Q87GI9|Q87GI9_VIBPAPutative_Vibrio_parahaemolyticus
t3e:sp|Q87P32|VOPS_VIBPAAdenosine_Vibrio_parahaemolyticus	t3e:sp|Q87P32|VOPS_VIBPAAdenosine_Vibrio_parahaemolyticus
t3e:tr|Q87P35|Q87P35_VIBPAUncharacterized_Vibrio_parahaemolyticus	t3e:tr|Q87P35|Q87P35_VIBPAUncharacterized_Vibrio_parahaemolyticus
t3e:common_VopQ__uniprot_Q87P38__genbank_WP_005464333.1__species_Vibrio_parahaemolyticus	t3e:common_VopQ__uniprot_Q87P38__genbank_WP_005464333.1__species_Vibrio_parahaemolyticus
t3e:common_HopAD1__uniprot_Q87W65__genbank_AAO58135.1__species_Pseudomonas_syringae_pv._tomato_str._DC3000	t3e:common_HopAD1__uniprot_Q87W65__genbank_AAO58135.1__species_Pseudomonas_syringae_pv._tomato_str._DC3000
t3e:common_HopAD1__uniprot_Q87W65__genbank_AAO58135.1__species_Pseudomonas_syringae_pv._tomato_str._DC3000	t3e:F2ZPS9_Pseudomonas_coronafaciens
t3e:common_HopAD1__uniprot_Q87W65__genbank_AAO58135.1__species_Pseudomonas_syringae_pv._tomato_str._DC3000	t3e:F3HRH0_Pseudomonas_syringae_group
t3e:common_HopS1__genbank_AAO58043.1__uniprot_Q87WF4__species_Pseudomonas_syringae_pv._tomato_str._DC3000,	t3e:common_HopS1__genbank_AAO58043.1__uniprot_Q87WF4__species_Pseudomonas_syringae_pv._tomato_str._DC3000,
t3e:common_HopO1-3__uniprot_Q87WF8__genbank_AAO58038.1__species_Pseudomonas_syringae_pv._tomato_str._DC3000	t3e:common_HopO1-3__uniprot_Q87WF8__genbank_AAO58038.1__species_Pseudomonas_syringae_pv._tomato_str._DC3000
t3e:common_HopO1-3__uniprot_Q87WF8__genbank_AAO58038.1__species_Pseudomonas_syringae_pv._tomato_str._DC3000	t3e:tr|A0A3M5TK21|A0A3M5TK21_9PSED_Pseudomonas_avellanae_BPIC_631
t3e:common_HopO1-3__uniprot_Q87WF8__genbank_AAO58038.1__species_Pseudomonas_syringae_pv._tomato_str._DC3000	t3e:common_HopO1-2__genbank_AAO58040.1__uniprot_Q87WF6__species_Pseudomonas_syringae_pv._tomato_str._DC3000
t3e:common_HopS2__genbank_AAO58034.1__uniprot_Q87WG2__species_Pseudomonas_syringae_pv._tomato_str._DC3000	t3e:common_HopS2__genbank_AAO58034.1__uniprot_Q87WG2__species_Pseudomonas_syringae_pv._tomato_str._DC3000
t3e:common_HopS2__genbank_AAO58034.1__uniprot_Q87WG2__species_Pseudomonas_syringae_pv._tomato_str._DC3000	t3e:Q0EE16_Pseudomonas_syringae_pv._actinidiae_ICMP_18884
t3e:common_HopS2__genbank_AAO58034.1__uniprot_Q87WG2__species_Pseudomonas_syringae_pv._tomato_str._DC3000	t3e:hopS2_Pseudomonas_syringae_group
t3e:common_HopE1__uniprot_Q87X57__genbank_AAO57782.1__species_Pseudomonas_syringae_pv._tomato_str._DC3000	t3e:common_HopE1__uniprot_Q87X57__genbank_AAO57782.1__species_Pseudomonas_syringae_pv._tomato_str._DC3000
t3e:common_HopE1__uniprot_Q87X57__genbank_AAO57782.1__species_Pseudomonas_syringae_pv._tomato_str._DC3000	t3e:F3E4I2_Pseudomonas_syringae_group
t3e:common_HopE1__uniprot_Q87X57__genbank_AAO57782.1__species_Pseudomonas_syringae_pv._tomato_str._DC3000	t3e:F3EDR2_Pseudomonas_syringae_group_genomosp._2
t3e:common_HopE1__uniprot_Q87X57__genbank_AAO57782.1__species_Pseudomonas_syringae_pv._tomato_str._DC3000	t3e:F3EX37_Pseudomonas_amygdali
t3e:common_HopE1__uniprot_Q87X57__genbank_AAO57782.1__species_Pseudomonas_syringae_pv._tomato_str._DC3000	t3e:F3IP97_Pseudomonas_syringae_group
t3e:common_HopQ1-1__genbank_AAO54411.1__uniprot_Q888Y7__species_Pseudomonas_syringae_pv._tomato_str._DC3000	t3e:common_HopQ1-1__genbank_AAO54411.1__uniprot_Q888Y7__species_Pseudomonas_syringae_pv._tomato_str._DC3000
t3e:common_HopQ1-1__genbank_AAO54411.1__uniprot_Q888Y7__species_Pseudomonas_syringae_pv._tomato_str._DC3000	t3e:E2MN16_Pseudomonas_syringae_pv._tomato
t3e:common_HopQ1-1__genbank_AAO54411.1__uniprot_Q888Y7__species_Pseudomonas_syringae_pv._tomato_str._DC3000	t3e:F2ZL57_Pseudomonas_coronafaciens_pv._oryzae
t3e:common_HopQ1-1__genbank_AAO54411.1__uniprot_Q888Y7__species_Pseudomonas_syringae_pv._tomato_str._DC3000	t3e:F3DP13_Pseudomonas_amygdali_pv._dendropanacis
t3e:common_HopQ1-1__genbank_AAO54411.1__uniprot_Q888Y7__species_Pseudomonas_syringae_pv._tomato_str._DC3000	t3e:Q48BD8_Pseudomonas_savastanoi_pv._phaseolicola_1448A
t3e:common_HopQ1-1__genbank_AAO54411.1__uniprot_Q888Y7__species_Pseudomonas_syringae_pv._tomato_str._DC3000	t3e:F3FB95_Pseudomonas_amygdali_pv._sesami
t3e:common_HopQ1-1__genbank_AAO54411.1__uniprot_Q888Y7__species_Pseudomonas_syringae_pv._tomato_str._DC3000	t3e:F3HNK9_Pseudomonas_syringae_pv._tomato
t3e:common_HopQ1-1__genbank_AAO54411.1__uniprot_Q888Y7__species_Pseudomonas_syringae_pv._tomato_str._DC3000	t3e:F3I2E4_Pseudomonas_syringae_pv._actinidiae_ICMP_18884
t3e:common_HopO1-1__uniprot_Q88BP8__genbank_AAO59043.1__species_Pseudomonas_syringae_pv._tomato_str._DC3000	t3e:common_HopO1-1__uniprot_Q88BP8__genbank_AAO59043.1__species_Pseudomonas_syringae_pv._tomato_str._DC3000
t3e:common_HopO1-1__uniprot_Q88BP8__genbank_AAO59043.1__species_Pseudomonas_syringae_pv._tomato_str._DC3000	t3e:E2MMY4_Pseudomonas_syringae_pv._tomato
t3e:common_HopO1-1__uniprot_Q88BP8__genbank_AAO59043.1__species_Pseudomonas_syringae_pv._tomato_str._DC3000	t3e:hopO1_Pseudomonas_amygdali_pv._ulmi
t3e:common_HopX1__genbank_AAO59038.1__uniprot_Q88BQ2__species_Pseudomonas_syringae_pv._tomato_str._DC3000	t3e:common_HopX1__genbank_AAO59038.1__uniprot_Q88BQ2__species_Pseudomonas_syringae_pv._tomato_str._DC3000
t3e:common_HopX1__genbank_AAO59038.1__uniprot_Q88BQ2__species_Pseudomonas_syringae_pv._tomato_str._DC3000	t3e:tr|A0A0P9SS82|A0A0P9SS82_PSESX_Pseudomonas_syringae_pv._avellanae_str._ISPaVe037
t3e:common_HopX1__genbank_AAO59038.1__uniprot_Q88BQ2__species_Pseudomonas_syringae_pv._tomato_str._DC3000	t3e:tr|Q48M17|Q48M17_PSE14Type_Pseudomonas_savastanoi_pv._phaseolicola_1448A
t3e:common_HopX1__genbank_AAO59038.1__uniprot_Q88BQ2__species_Pseudomonas_syringae_pv._tomato_str._DC3000	t3e:tr|Q4ZX48|Q4ZX48_PSEU2Type_Pseudomonas_syringae_pv._syringae
t3e:common_HopX1__genbank_AAO59038.1__uniprot_Q88BQ2__species_Pseudomonas_syringae_pv._tomato_str._DC3000	t3e:tr|Q52394|Q52394_PSESHAvrPphE_Pseudomonas_savastanoi_pv._phaseolicola
t3e:common_HopX1__genbank_AAO59038.1__uniprot_Q88BQ2__species_Pseudomonas_syringae_pv._tomato_str._DC3000	t3e:tr|Q83YM6|Q83YM6_PSEAJAvrPphE_Pseudomonas_amygdali_pv._tabaci
t3e:tr|Q89TL5|Q89TL5_BRADUBlr1904_Bradyrhizobium_diazoefficiens_USDA_110	t3e:tr|Q89TL5|Q89TL5_BRADUBlr1904_Bradyrhizobium_diazoefficiens_USDA_110
t3e:sp|Q8RK12|HPAB1_PSESGEffector_Pseudomonas_savastanoi	t3e:sp|Q8RK12|HPAB1_PSESGEffector_Pseudomonas_savastanoi
t3e:sp|Q8RK12|HPAB1_PSESGEffector_Pseudomonas_savastanoi	t3e:sp|Q48B61|HPAB1_PSE14Effector_Pseudomonas_savastanoi_pv._phaseolicola_
t3e:sp|Q8RK12|HPAB1_PSESGEffector_Pseudomonas_savastanoi	t3e:sp|Q8RK09|HPAB1_PSESSEffector_Pseudomonas_savastanoi
t3e:sp|Q8RK12|HPAB1_PSESGEffector_Pseudomonas_savastanoi	t3e:sp|Q4ZMD6|HPAB1_PSEU2Effector_Pseudomonas_syringae
t3e:common_AvrptoB__uniprot_Q8RSY1__genbank_AAL71883.1__species_Pseudomonas_syringae_group_3	t3e:common_AvrptoB__uniprot_Q8RSY1__genbank_AAL71883.1__species_Pseudomonas_syringae_group_3
t3e:common_AvrptoB__uniprot_Q8RSY1__genbank_AAL71883.1__species_Pseudomonas_syringae_group_3	t3e:sp|Q8RP04|HPAB3_PSEYMEffector_Pseudomonas_cannabina
t3e:common_AvrptoB__uniprot_Q8RSY1__genbank_AAL71883.1__species_Pseudomonas_syringae_group_3	t3e:E2MHW0_Pseudomonas_syringae_group
t3e:common_AvrptoB__uniprot_Q8RSY1__genbank_AAL71883.1__species_Pseudomonas_syringae_group_3	t3e:sp|Q2QCI9|HPAB3_PSEUBEffector_Pseudomonas_syringae
t3e:common_AvrptoB__uniprot_Q8RSY1__genbank_AAL71883.1__species_Pseudomonas_syringae_group_3	t3e:hopAY1_AAZ37994.1_Pseudomonas_savastanoi_pv._phaseolicola_1448A
t3e:tr|Q8VPK4|Q8VPK4_PSEFLPutative_Pseudomonas_fluorescens	t3e:tr|Q8VPK4|Q8VPK4_PSEFLPutative_Pseudomonas_fluorescens
t3e:common_rip19__uniprot_Q8XYE3__genbank_CAD15517.1__species__Ralstonia_solanacearum	t3e:common_rip19__uniprot_Q8XYE3__genbank_CAD15517.1__species__Ralstonia_solanacearum
t3e:common_rip19__uniprot_Q8XYE3__genbank_CAD15517.1__species__Ralstonia_solanacearum	t3e:sp|Q68A49|RIP19_RALSLTAL_Ralstonia_solanacearum
t3e:common_rip8/popP2-1__uniprot_Q8Y125__genbank_WP_043876564.1__species__Ralstonia_solanacearum	t3e:common_rip8/popP2-1__uniprot_Q8Y125__genbank_WP_043876564.1__species__Ralstonia_solanacearum
t3e:common_rip8/popP2-1__uniprot_Q8Y125__genbank_WP_043876564.1__species__Ralstonia_solanacearum	t3e:F6G2N7_Ralstonia_solanacearum
t3e:common_rip8/popP2-1__uniprot_Q8Y125__genbank_WP_043876564.1__species__Ralstonia_solanacearum	t3e:Q700U6_Ralstonia_solanacearum
t3e:common_rip8/popP2-1__uniprot_Q8Y125__genbank_WP_043876564.1__species__Ralstonia_solanacearum	t3e:Q700U7_Ralstonia_solanacearum
t3e:common_rip8/popP2-1__uniprot_Q8Y125__genbank_WP_043876564.1__species__Ralstonia_solanacearum	t3e:D2YZY4_Ralstonia_solanacearum
t3e:common_rip8/popP2-1__uniprot_Q8Y125__genbank_WP_043876564.1__species__Ralstonia_solanacearum	t3e:CMR15v4_30019_Ralstonia_solanacearum_CMR15
t3e:tr|Q8ZMI3|Q8ZMI3_SALTYPutative_Salmonella_enterica_subsp._enterica_serovar_Typhimurium	t3e:tr|Q8ZMI3|Q8ZMI3_SALTYPutative_Salmonella_enterica_subsp._enterica_serovar_Typhimurium
t3e:tr|Q8ZMY7|Q8ZMY7_SALTYGifsy-1_Salmonella_enterica	t3e:tr|Q8ZMY7|Q8ZMY7_SALTYGifsy-1_Salmonella_enterica
t3e:tr|Q8ZN18|Q8ZN18_SALTYGifsy-1_Salmonella_typhimurium	t3e:tr|Q8ZN18|Q8ZN18_SALTYGifsy-1_Salmonella_typhimurium
t3e:tr|Q8ZQA1|Q8ZQA1_SALTYGifsy-2_Salmonella_enterica_subsp._enterica	t3e:tr|Q8ZQA1|Q8ZQA1_SALTYGifsy-2_Salmonella_enterica_subsp._enterica
t3e:sp|Q8ZQC8|SOPD2_SALTYSecreted_Salmonella_typhimurium	t3e:sp|Q8ZQC8|SOPD2_SALTYSecreted_Salmonella_typhimurium
t3e:sp|Q8ZQC8|SOPD2_SALTYSecreted_Salmonella_typhimurium	t3e:sp|P40722|SOPD_SALTYSecreted_Salmonella_enterica_subsp._enterica_serovar_Typhimurium
t3e:tr|Q93KQ5|Q93KQ5_YERENYop_Yersinia_enterocolitica	t3e:tr|Q93KQ5|Q93KQ5_YERENYop_Yersinia_enterocolitica
t3e:tr|Q93KQ5|Q93KQ5_YERENYop_Yersinia_enterocolitica	t3e:sp|P31498|YOPJ_YERPSEffector_Yersinia_pseudotuberculosis_complex
t3e:tr|Q93KQ5|Q93KQ5_YERENYop_Yersinia_enterocolitica	t3e:tr|Q84GR3|Q84GR3_YERENPutative_Yersinia_enterocolitica
t3e:tr|Q989M4|Q989M4_RHILOMlr6361_Rhizobium_loti_(strain_MAFF303099)	t3e:tr|Q989M4|Q989M4_RHILOMlr6361_Rhizobium_loti_(strain_MAFF303099)
t3e:tr|Q989R4|Q989R4_RHILOMlr6316_Mesorhizobium_japonicum_MAFF_303099	t3e:tr|Q989R4|Q989R4_RHILOMlr6316_Mesorhizobium_japonicum_MAFF_303099
t3e:tr|Q9AN16|Q9AN16_BRAJPID636_Bradyrhizobium_japonicum	t3e:tr|Q9AN16|Q9AN16_BRAJPID636_Bradyrhizobium_japonicum
t3e:tr|Q9FCY7|Q9FCY7_PANSEWtsE_Pantoea_stewartii_subsp._stewartii	t3e:tr|Q9FCY7|Q9FCY7_PANSEWtsE_Pantoea_stewartii_subsp._stewartii
t3e:sp|Q9FD10|SSEJ_SALTYSecreted_Salmonella_typhimurium	t3e:sp|Q9FD10|SSEJ_SALTYSecreted_Salmonella_typhimurium
t3e:sp|Q9FD10|SSEJ_SALTYSecreted_Salmonella_typhimurium	t3e:B5R526_Salmonella_enteritidis_PT4
t3e:sp|Q9FD10|SSEJ_SALTYSecreted_Salmonella_typhimurium	t3e:B5RA48_Salmonella_enterica
t3e:sp|Q9FD10|SSEJ_SALTYSecreted_Salmonella_typhimurium	t3e:E8F1X3_Salmonella_enterica_subsp._enterica_serovar_Montevideo
t3e:sp|Q9FD10|SSEJ_SALTYSecreted_Salmonella_typhimurium	t3e:G5L8X7_Salmonella_enterica
t3e:sp|Q9FD10|SSEJ_SALTYSecreted_Salmonella_typhimurium	t3e:G5LNN5_Salmonella_enterica_subsp._enterica_serovar_Alachua_str._R6-377
t3e:sp|Q9FD10|SSEJ_SALTYSecreted_Salmonella_typhimurium	t3e:G5QZU7_Salmonella_enterica
t3e:sp|Q9FD10|SSEJ_SALTYSecreted_Salmonella_typhimurium	t3e:G5RV52_Salmonella_enterica_subsp._enterica_serovar_Urbana
t3e:common_HopB1__uniprot_Q9L6W4__genbank_WP_011103540.1__species_Pseudomonas_syringae_pv._tomato_str._DC3000	t3e:common_HopB1__uniprot_Q9L6W4__genbank_WP_011103540.1__species_Pseudomonas_syringae_pv._tomato_str._DC3000
t3e:tr|Q9Z785|Q9Z785_CHLPNPutative_Chlamydia_pneumoniae	t3e:tr|Q9Z785|Q9Z785_CHLPNPutative_Chlamydia_pneumoniae
t3e:tr|Q9Z7Q6|Q9Z7Q6_CHLPNUncharacterized_Chlamydia_pneumoniae	t3e:tr|Q9Z7Q6|Q9Z7Q6_CHLPNUncharacterized_Chlamydia_pneumoniae
t3e:common_CPj0585__genbank_BAA98792.1__unirprot_Q9Z7W9__species_Chlamydia_pneumoniae	t3e:common_CPj0585__genbank_BAA98792.1__unirprot_Q9Z7W9__species_Chlamydia_pneumoniae
t3e:sp|Q9Z7Y1|Y572_CHLPNUncharacterized_Chlamydia_pneumoniae	t3e:sp|Q9Z7Y1|Y572_CHLPNUncharacterized_Chlamydia_pneumoniae
t3e:tr|Q9Z861|Q9Z861_CHLPNUncharacterized_Chlamydia_pneumoniae	t3e:tr|Q9Z861|Q9Z861_CHLPNUncharacterized_Chlamydia_pneumoniae
t3e:tr|Q9Z877|Q9Z877_CHLPNPutative_Chlamydia_pneumoniae	t3e:tr|Q9Z877|Q9Z877_CHLPNPutative_Chlamydia_pneumoniae
t3e:common_CPj0308__genbank_WP_010882956.1__unirprot_Q9Z8N0__species_Chlamydia_pneumoniae	t3e:common_CPj0308__genbank_WP_010882956.1__unirprot_Q9Z8N0__species_Chlamydia_pneumoniae
t3e:tr|Q9Z8P6|Q9Z8P6_CHLPNInclusion_Chlamydia_pneumoniae	t3e:tr|Q9Z8P6|Q9Z8P6_CHLPNInclusion_Chlamydia_pneumoniae
t3e:common_IncB__uniprot_Q9Z8P7__genbank_WP_010882939.1__species_Chlamydia_pneumoniae	t3e:common_IncB__uniprot_Q9Z8P7__genbank_WP_010882939.1__species_Chlamydia_pneumoniae
t3e:sp|Q9Z8X8|Y206_CHLPNUncharacterized_Chlamydia_pneumoniae	t3e:sp|Q9Z8X8|Y206_CHLPNUncharacterized_Chlamydia_pneumoniae
t3e:common_CPj0186__genbank_BAA98396.1__unirprot_Q9Z8Z8__species_Chlamydia_pneumoniae	t3e:common_CPj0186__genbank_BAA98396.1__unirprot_Q9Z8Z8__species_Chlamydia_pneumoniae
t3e:common_HopBA1__uniprot_E5G0U4__genbank_WP_004417680.1__species_Pseudomonas_syringae	t3e:common_HopBA1__uniprot_E5G0U4__genbank_WP_004417680.1__species_Pseudomonas_syringae
t3e:tr|A0A0W0PVZ9|A0A0W0PVZ9_PSESF_Pseudomonas_syringae	t3e:tr|A0A0W0PVZ9|A0A0W0PVZ9_PSESF_Pseudomonas_syringae
t3e:tr|A0A656JXF7|A0A656JXF7_PSESF_Pseudomonas_syringae	t3e:tr|A0A656JXF7|A0A656JXF7_PSESF_Pseudomonas_syringae
t3e:gi|44307600|gb|AAS47020.1|non-LEE_Citrobacter_rodentium	t3e:gi|44307600|gb|AAS47020.1|non-LEE_Citrobacter_rodentium
t3e:gi|44307600|gb|AAS47020.1|non-LEE_Citrobacter_rodentium	t3e:tr|D2TML3|D2TML3_CITRIT3SS_Citrobacter_rodentium
t3e:gi|44307600|gb|AAS47020.1|non-LEE_Citrobacter_rodentium	t3e:tr|B7UNX6|B7UNX6_ECO27T3SS_Escherichia_coli_O127:H6_(strain_E2348/69_/_EPEC)
t3e:gi|44307600|gb|AAS47020.1|non-LEE_Citrobacter_rodentium	t3e:gi|666002584|gb|AIF92441.1|non-LEE-encoded_Escherichia_coli
t3e:gi|44307600|gb|AAS47020.1|non-LEE_Citrobacter_rodentium	t3e:E8HCS3_Escherichia_coli
t3e:gi|44307600|gb|AAS47020.1|non-LEE_Citrobacter_rodentium	t3e:B2PGF1_Escherichia_coli
t3e:gi|231273324|emb|CAX10239.1|putative_Chlamydia_trachomatis	t3e:gi|231273324|emb|CAX10239.1|putative_Chlamydia_trachomatis
t3e:gi|231273324|emb|CAX10239.1|putative_Chlamydia_trachomatis	t3e:WP_009873285.1_Chlamydia_trachomatis
t3e:gi|254593029|gb|ACT72390.1|translocated_Escherichia_coli	t3e:gi|254593029|gb|ACT72390.1|translocated_Escherichia_coli
t3e:WP_010875097.1_Sinorhizobium/Ensifer_group	t3e:WP_010875097.1_Sinorhizobium/Ensifer_group
t3e:gi|460416943|gb|AGH10037.1|type_Bradyrhizobium_japonicum	t3e:gi|460416943|gb|AGH10037.1|type_Bradyrhizobium_japonicum
t3e:gi|460416943|gb|AGH10037.1|type_Bradyrhizobium_japonicum	t3e:AGH10006.1_Bradyrhizobium_japonicum
t3e:gi|460416943|gb|AGH10037.1|type_Bradyrhizobium_japonicum	t3e:TWB51284.1_Bradyrhizobium_sacchari
t3e:gi|460416943|gb|AGH10037.1|type_Bradyrhizobium_japonicum	t3e:tr|Q89TX4|Q89TX4_BRADUBlr1649_Bradyrhizobium_diazoefficiens
t3e:gi|460416943|gb|AGH10037.1|type_Bradyrhizobium_japonicum	t3e:gi|460416969|gb|AGH10050.1|type_Bradyrhizobium_japonicum
t3e:gi|460416943|gb|AGH10037.1|type_Bradyrhizobium_japonicum	t3e:AGH09955.1_Bradyrhizobium_japonicum_USDA_6
t3e:gi|690355084|ref|YP_009062872.1|AopP_Aeromonas_salmonicida_subsp._salmonicida	t3e:gi|690355084|ref|YP_009062872.1|AopP_Aeromonas_salmonicida_subsp._salmonicida
t3e:common_brpD__uniprot_Q63K45__genbank_WP_004203128.1__species_Burkholderia_pseudomallei	t3e:common_brpD__uniprot_Q63K45__genbank_WP_004203128.1__species_Burkholderia_pseudomallei
t3e:common_XopAX__uniprot_Q3C018__genbank_CAJ19898.1__species_Xanthomonas_euvesicatoria_pv._vesicatoria_str._85-10	t3e:common_XopAX__uniprot_Q3C018__genbank_CAJ19898.1__species_Xanthomonas_euvesicatoria_pv._vesicatoria_str._85-10
t3e:tr|D2YZZ9|D2YZZ9_RALSL_Ralstonia_solanacearum	t3e:tr|D2YZZ9|D2YZZ9_RALSL_Ralstonia_solanacearum
t3e:tr|D2YZZ9|D2YZZ9_RALSL_Ralstonia_solanacearum	t3e:B5S5T9_Ralstonia_solanacearum
t3e:tr|D2YZZ9|D2YZZ9_RALSL_Ralstonia_solanacearum	t3e:B5SDL7_Ralstonia_solanacearum
t3e:tr|D2YZZ9|D2YZZ9_RALSL_Ralstonia_solanacearum	t3e:D8NEB0_Ralstonia_solanacearum
t3e:tr|D2YZZ9|D2YZZ9_RALSL_Ralstonia_solanacearum	t3e:D8P5E2_Ralstonia_solanacearum_CFBP2957
t3e:tr|D2YZZ9|D2YZZ9_RALSL_Ralstonia_solanacearum	t3e:F6G8Z9_Ralstonia_solanacearum_Po82
t3e:tr|D2YZZ9|D2YZZ9_RALSL_Ralstonia_solanacearum	t3e:RCFBP_mp30040_Ralstonia_solanacearum_CFBP2957
t3e:tr|D2YZZ9|D2YZZ9_RALSL_Ralstonia_solanacearum	t3e:RSPO_m00800_Ralstonia_solanacearum_Po82_
t3e:tr|Q7BEG8|Q7BEG8_SHIFL_Shigella_flexneri_5a	t3e:tr|Q7BEG8|Q7BEG8_SHIFL_Shigella_flexneri_5a
t3e:tr|Q9AFT7|Q9AFT7_SHIFL_Shigella_flexneri_5a_str._M90T	t3e:tr|Q9AFT7|Q9AFT7_SHIFL_Shigella_flexneri_5a_str._M90T
t3e:common_InnB__uniprot_A0A384VCK8__genbank_ASR87851.1__species_Bradyrhizobium_elkanii_USDA_61	t3e:common_InnB__uniprot_A0A384VCK8__genbank_ASR87851.1__species_Bradyrhizobium_elkanii_USDA_61
t3e:tr|A0A0K0WSG7|A0A0K0WSG7_BRAEL_Bradyrhizobium_elkanii	t3e:tr|A0A0K0WSG7|A0A0K0WSG7_BRAEL_Bradyrhizobium_elkanii
t3e:tr|A0A0K0WSG7|A0A0K0WSG7_BRAEL_Bradyrhizobium_elkanii	t3e:tr|Q89BB8|Q89BB8_BRADUBll8244_Bradyrhizobium_diazoefficiens
t3e:tr|A0A0K0WSG7|A0A0K0WSG7_BRAEL_Bradyrhizobium_elkanii	t3e:tr|Q89TT5|Q89TT5_BRADUBlr1693_Bradyrhizobium_diazoefficiens_USDA_110
t3e:tr|A0A508T046|A0A508T046_9BRAD_Bradyrhizobium_ivorense	t3e:tr|A0A508T046|A0A508T046_9BRAD_Bradyrhizobium_ivorense
t3e:common_APS58_0500__uniparc_UPI000662AA07__genbank_WP_048857514.1__species_Acidovorax_citrulli	t3e:common_APS58_0500__uniparc_UPI000662AA07__genbank_WP_048857514.1__species_Acidovorax_citrulli
t3e:QCX09914.1_Acidovorax_citrulli	t3e:QCX09914.1_Acidovorax_citrulli
t3e:common_APS58_1448__uniparc_UPI0008800F97__genbank_WP_133246132.1__species_Acidovorax_citrulli	t3e:common_APS58_1448__uniparc_UPI0008800F97__genbank_WP_133246132.1__species_Acidovorax_citrulli
t3e:common_APS58_2974__uniparc_UPI0002F761E5__genbank_WP_046060861.1__species_Acidovorax_citrulli	t3e:common_APS58_2974__uniparc_UPI0002F761E5__genbank_WP_046060861.1__species_Acidovorax_citrulli
t3e:common_APS58_3297__uniparc_UPI0005FBE681__genbank_WP_046060244.1__species_Acidovorax_citrulli	t3e:common_APS58_3297__uniparc_UPI0005FBE681__genbank_WP_046060244.1__species_Acidovorax_citrulli
t3e:common_APS58_4095__uniparc_UPI00088F3870__genbank_QCX12800.1__species_Acidovorax_citrulli	t3e:common_APS58_4095__uniparc_UPI00088F3870__genbank_QCX12800.1__species_Acidovorax_citrulli
t3e:common_APS58_4116__uniparc_UPI0005FBDCC3__genbank_WP_046059647.1__species_Acidovorax_citrulli	t3e:common_APS58_4116__uniparc_UPI0005FBDCC3__genbank_WP_046059647.1__species_Acidovorax_citrulli
t3e:C6UVK6_Escherichia_coli_FDA505	t3e:C6UVK6_Escherichia_coli_FDA505
t3e:C6UVK6_Escherichia_coli_FDA505	t3e:D6IHY3_Escherichia_coli
t3e:C6UVK6_Escherichia_coli_FDA505	t3e:E8H1S9_Escherichia_coli
t3e:C6UVK6_Escherichia_coli_FDA505	t3e:F7MSL2_Escherichia_coli
t3e:E8HFJ1_Escherichia_coli_O157:H-_str._493-89	t3e:E8HFJ1_Escherichia_coli_O157:H-_str._493-89
t3e:B2NKJ4_Escherichia_coli_O157:H7_str._EC4115	t3e:B2NKJ4_Escherichia_coli_O157:H7_str._EC4115
t3e:B5S0Q0_Ralstonia_solanacearum	t3e:B5S0Q0_Ralstonia_solanacearum
t3e:B5S0Q0_Ralstonia_solanacearum	t3e:D2YZY8_Ralstonia_solanacearum
t3e:B5S0Q0_Ralstonia_solanacearum	t3e:RCFBP_11870_Ralstonia_solanacearum_CFBP2957
t3e:B5S0Q0_Ralstonia_solanacearum	t3e:CMR15v4_20684_Ralstonia_solanacearum_CMR15
t3e:B5S0Q0_Ralstonia_solanacearum	t3e:common_rip16__uniprot_Q8XZC6__genbank_WP_011001424.1__species__Ralstonia_solanacearum
t3e:B5S0Q0_Ralstonia_solanacearum	t3e:RPSI07_1893_Ralstonia_solanacearum_PSI07
t3e:B5S0Q0_Ralstonia_solanacearum	t3e:RSPO_c01873-RSPO_c01872-RSPO_c01871_Ralstonia_solanacearum_Po82_
t3e:B5S0Q0_Ralstonia_solanacearum	t3e:RipM_Ralstonia_solanacearum
t3e:B5S3D2_Ralstonia_solanacearum	t3e:B5S3D2_Ralstonia_solanacearum
t3e:B5S3D2_Ralstonia_solanacearum	t3e:B5SBL9_Ralstonia_solanacearum_UW551
t3e:B5S3D2_Ralstonia_solanacearum	t3e:RCFBP_mp30157_Ralstonia_solanacearum_CFBP2957
t3e:B5S3D2_Ralstonia_solanacearum	t3e:CMR15v4_mp30047_Ralstonia_solanacearum_CMR15
t3e:B5S3D2_Ralstonia_solanacearum	t3e:RSPO_m00675_Ralstonia_solanacearum_Po82_
t3e:B5S586_Ralstonia_solanacearum	t3e:B5S586_Ralstonia_solanacearum
t3e:B5S586_Ralstonia_solanacearum	t3e:B5SD17_Ralstonia_solanacearum
t3e:B5S586_Ralstonia_solanacearum	t3e:F6G9K4_Ralstonia_solanacearum
t3e:B5S586_Ralstonia_solanacearum	t3e:RCFBP_mp20467_Ralstonia_solanacearum_CFBP2957
t3e:B5S586_Ralstonia_solanacearum	t3e:RPSI07_mp1017_Ralstonia_solanacearum_PSI07
t3e:B5S9R4_Ralstonia_solanacearum_IPO1609	t3e:B5S9R4_Ralstonia_solanacearum_IPO1609
t3e:B5SCL7_Ralstonia_solanacearum	t3e:B5SCL7_Ralstonia_solanacearum
t3e:B6R546_Pseudovibrio_sp._JE062	t3e:B6R546_Pseudovibrio_sp._JE062
t3e:B6VK43_Photorhabdus_asymbiotica	t3e:B6VK43_Photorhabdus_asymbiotica
t3e:C0SPN8_Ralstonia_solanacearum	t3e:C0SPN8_Ralstonia_solanacearum
t3e:C6UPC0_Escherichia_coli	t3e:C6UPC0_Escherichia_coli
t3e:C6UPC0_Escherichia_coli	t3e:E8HAM8_Escherichia_coli
t3e:C6UPC0_Escherichia_coli	t3e:E8HNV1_Escherichia_coli
t3e:C6UPC0_Escherichia_coli	t3e:E8I3D1_Escherichia_coli_O157:H-_str._H_2687
t3e:C6V1X0_Escherichia_coli	t3e:C6V1X0_Escherichia_coli
t3e:C6V1X0_Escherichia_coli	t3e:E8H9S8_Escherichia_coli
t3e:C6V1X0_Escherichia_coli	t3e:E8HNY6_Escherichia_coli
t3e:C6V1X0_Escherichia_coli	t3e:E8J924_Escherichia_coli
t3e:D2TXF1_Arsenophonus_nasoniae	t3e:D2TXF1_Arsenophonus_nasoniae
t3e:D2U1C8_Arsenophonus_nasoniae	t3e:D2U1C8_Arsenophonus_nasoniae
t3e:D2U3S1_Arsenophonus_nasoniae	t3e:D2U3S1_Arsenophonus_nasoniae
t3e:D4IGE7_Erwinia_amylovora	t3e:D4IGE7_Erwinia_amylovora
t3e:D4SV24_Xanthomonas_citri	t3e:D4SV24_Xanthomonas_citri
t3e:D4T152_Xanthomonas_citri	t3e:D4T152_Xanthomonas_citri
t3e:D4T6W6_Xanthomonas_citri	t3e:D4T6W6_Xanthomonas_citri
t3e:D4T6W6_Xanthomonas_citri	t3e:tr|Q3BY60|Q3BY60_XANC5Xanthomonas_Xanthomonas_campestris_pv._vesicatoria
t3e:D4T6W6_Xanthomonas_citri	t3e:D4STQ7_Xanthomonas_citri
t3e:D4T6W6_Xanthomonas_citri	t3e:XopX_Xanthomonas
t3e:D8N2M7_Ralstonia_solanacearum_PSI07	t3e:D8N2M7_Ralstonia_solanacearum_PSI07
t3e:D8N311_Ralstonia_solanacearum_PSI07	t3e:D8N311_Ralstonia_solanacearum_PSI07
t3e:D8N311_Ralstonia_solanacearum_PSI07	t3e:D8P6N2_Ralstonia_solanacearum_CFBP2957
t3e:D8N311_Ralstonia_solanacearum_PSI07	t3e:G2ZX16_Ralstonia_syzygii_subsp._celebesensis
t3e:D8N311_Ralstonia_solanacearum_PSI07	t3e:RSPO_m01600_Ralstonia_solanacearum_Po82_
t3e:D8N311_Ralstonia_solanacearum_PSI07	t3e:RipBH_Ralstonia_solanacearum
t3e:D8NHH7_Ralstonia_solanacearum	t3e:D8NHH7_Ralstonia_solanacearum
t3e:D8NHH7_Ralstonia_solanacearum	t3e:B5S4L3_Ralstonia_solanacearum
t3e:D8NHH7_Ralstonia_solanacearum	t3e:D8P3W2_Ralstonia_solanacearum_CFBP2957
t3e:D8NHH7_Ralstonia_solanacearum	t3e:RCFBP_mp20171_Ralstonia_solanacearum_CFBP2957
t3e:D8NHH7_Ralstonia_solanacearum	t3e:common_rip39__uniprot_Q8XRU9__genbank_WP_011004030.1__species__Ralstonia_solanacearum
t3e:D8NHH7_Ralstonia_solanacearum	t3e:RSPO_m01061_Ralstonia_solanacearum_Po82_
t3e:D8NHH7_Ralstonia_solanacearum	t3e:RipAV_Ralstonia_pseudosolanacearum
t3e:E2MHD7_Pseudomonas_syringae_group	t3e:E2MHD7_Pseudomonas_syringae_group
t3e:E2MHD7_Pseudomonas_syringae_group	t3e:F2ZR76_Pseudomonas_coronafaciens
t3e:E2MHD7_Pseudomonas_syringae_group	t3e:F3DP90_Pseudomonas_syringae_group
t3e:E2MHD7_Pseudomonas_syringae_group	t3e:tr|A0A0P9NJA0|A0A0P9NJA0_9PSED_Pseudomonas_syringae_pv._coryli
t3e:E2MHD7_Pseudomonas_syringae_group	t3e:common_HopAI1__uniprot_Q888W0__genbank_AAO54440.1__species_Pseudomonas_syringae_pv._tomato_str._DC3000
t3e:E2MHD7_Pseudomonas_syringae_group	t3e:F3H5E9_Pseudomonas_syringae
t3e:E2MHD7_Pseudomonas_syringae_group	t3e:F3INZ8_Pseudomonas_syringae_group
t3e:E2MHD7_Pseudomonas_syringae_group	t3e:F3IZ17_Pseudomonas_syringae_pv._aptata
t3e:E5B203_Erwinia_amylovora_ATCC_BAA-2158	t3e:E5B203_Erwinia_amylovora_ATCC_BAA-2158
t3e:E5B203_Erwinia_amylovora_ATCC_BAA-2158	t3e:tr|D4HWC7|D4HWC7_ERWACType_Erwinia_amylovora
t3e:E7I3A0_Escherichia_coli	t3e:E7I3A0_Escherichia_coli
t3e:E7I3A0_Escherichia_coli	t3e:G1ZH26_Escherichia_coli
t3e:E7I3A0_Escherichia_coli	t3e:G1Z248_Escherichia_coli
t3e:E7P6X3_Pseudomonas_savastanoi	t3e:E7P6X3_Pseudomonas_savastanoi
t3e:E7P6X3_Pseudomonas_savastanoi	t3e:E7PQL4_Pseudomonas_syringae_pv._daphniphylli
t3e:E7P6X3_Pseudomonas_savastanoi	t3e:F3I4T2_Pseudomonas_syringae_pv._actinidiae_ICMP_9617
t3e:E7PE76_Pseudomonas_syringae_group	t3e:E7PE76_Pseudomonas_syringae_group
t3e:E7PE76_Pseudomonas_syringae_group	t3e:F3ELP0_Pseudomonas_amygdali
t3e:E7PE76_Pseudomonas_syringae_group	t3e:F3IP94_Pseudomonas_syringae_group
t3e:E7PE76_Pseudomonas_syringae_group	t3e:common_HopAW1__genbank_AAX12112.1__uniprot_Q5DI78__species_Pseudomonas_savastanoi_pv._phaseolicola
t3e:E7PKT1_Pseudomonas_savastanoi	t3e:E7PKT1_Pseudomonas_savastanoi
t3e:E7PKT1_Pseudomonas_savastanoi	t3e:common_HopM1__uniprot_Q887D0__genbank_WP_005763919.1__species_Pseudomonas_syringae_pv._tomato_str._DC3000
t3e:E7PKT1_Pseudomonas_savastanoi	t3e:E7P9D9_Pseudomonas_savastanoi_pv._glycinea_str._B076
t3e:E7PKT1_Pseudomonas_savastanoi	t3e:sp|Q4ZX82|HOPM1_PSEU2Effector_Pseudomonas_syringae_pv._syringae
t3e:E7XTF4_Salmonella_enterica_subsp._enterica_serovar_Montevideo_str._OH_2009072675	t3e:E7XTF4_Salmonella_enterica_subsp._enterica_serovar_Montevideo_str._OH_2009072675
t3e:E8H2S2_Escherichia_coli	t3e:E8H2S2_Escherichia_coli
t3e:E8H2S2_Escherichia_coli	t3e:C6UW60_Escherichia_coli
t3e:E8H2S2_Escherichia_coli	t3e:E8I8S8_Escherichia_coli
t3e:E8H2S2_Escherichia_coli	t3e:E8J055_Escherichia_coli
t3e:F2ZG42_Pseudomonas_tremae	t3e:F2ZG42_Pseudomonas_tremae
t3e:F2ZG42_Pseudomonas_tremae	t3e:E7PDN3_Pseudomonas_savastanoi
t3e:F2ZG42_Pseudomonas_tremae	t3e:E7PH17_Pseudomonas_savastanoi
t3e:F2ZG42_Pseudomonas_tremae	t3e:F3DP12_Pseudomonas_amygdali
t3e:F2ZG42_Pseudomonas_tremae	t3e:F3E2W9_Pseudomonas_syringae_group_genomosp._3
t3e:F2ZG42_Pseudomonas_tremae	t3e:F3FB96_Pseudomonas_amygdali_pv._mori_str._301020
t3e:F2ZG42_Pseudomonas_tremae	t3e:F3HNK8_Pseudomonas_syringae_pv._tomato
t3e:F2ZG42_Pseudomonas_tremae	t3e:F3I2E5_Pseudomonas_syringae_pv._actinidiae
t3e:F2ZH84_Pseudomonas_coronafaciens	t3e:F2ZH84_Pseudomonas_coronafaciens
t3e:F2ZH84_Pseudomonas_coronafaciens	t3e:D4SQA7_Xanthomonas_citri_pv._aurantifolii_str._ICPB_11122
t3e:F2ZH84_Pseudomonas_coronafaciens	t3e:E7P2B4_Pseudomonas_savastanoi
t3e:F2ZH84_Pseudomonas_coronafaciens	t3e:F3DM15_Pseudomonas_amygdali_pv._eriobotryae
t3e:F2ZH84_Pseudomonas_coronafaciens	t3e:F3GD96_Pseudomonas_syringae_pv._pisi
t3e:F2ZH84_Pseudomonas_coronafaciens	t3e:F3HF02_Pseudomonas_syringae_group
t3e:F2ZH84_Pseudomonas_coronafaciens	t3e:F3IJQ6_Pseudomonas_syringae_group
t3e:F2ZH84_Pseudomonas_coronafaciens	t3e:F3JH07_Pseudomonas_syringae_group
t3e:F2ZKF1_Pseudomonas_coronafaciens	t3e:F2ZKF1_Pseudomonas_coronafaciens
t3e:F2ZKF4_Pseudomonas_coronafaciens	t3e:F2ZKF4_Pseudomonas_coronafaciens
t3e:F2ZNW9_Pseudomonas_coronafaciens	t3e:F2ZNW9_Pseudomonas_coronafaciens
t3e:F2ZNW9_Pseudomonas_coronafaciens	t3e:tr|F3IJD6|F3IJD6_PSEAVType_Pseudomonas_syringae_group
t3e:F2ZNW9_Pseudomonas_coronafaciens	t3e:F3DVN1_Pseudomonas_syringae_group
t3e:F2ZNW9_Pseudomonas_coronafaciens	t3e:F3I4M3_Pseudomonas_syringae
t3e:F3DLN5_Pseudomonas_amygdali	t3e:F3DLN5_Pseudomonas_amygdali
t3e:F3DLN5_Pseudomonas_amygdali	t3e:tr|E7PLP1|E7PLP1_PSESGType_Pseudomonas_savastanoi_pv._glycinea
t3e:F3DLN5_Pseudomonas_amygdali	t3e:common_HopAU1__genbank_AAX12110.1__uniprot_Q5DI80__species_Pseudomonas_savastanoi_pv._phaseolicola
t3e:F3DLN5_Pseudomonas_amygdali	t3e:tr|A0A3M2WSV6|A0A3M2WSV6_PSEA0_Pseudomonas_amygdali_pv._morsprunorum
t3e:F3DLN5_Pseudomonas_amygdali	t3e:common_HopAU1__genbank_AAX12110.1__uniprot_Q5DI80__species_Pseudomonas_savastanoi_pv._phaseolicola
t3e:F3DLN5_Pseudomonas_amygdali	t3e:F3IBE0_Pseudomonas_syringae
t3e:F3DLN5_Pseudomonas_amygdali	t3e:common_HopAU1__genbank_AAX12110.1__uniprot_Q5DI80__species_Pseudomonas_savastanoi_pv._phaseolicola
t3e:F3DMX5_Pseudomonas_syringae_group_genomosp._2	t3e:F3DMX5_Pseudomonas_syringae_group_genomosp._2
t3e:F3DMX5_Pseudomonas_syringae_group_genomosp._2	t3e:common_HopG1__uniprot_Q87W42__genbank_AAO58163.1__species_Pseudomonas_syringae_pv._tomato_str._DC3000
t3e:F3DMX5_Pseudomonas_syringae_group_genomosp._2	t3e:F3F4A9_Pseudomonas_amygdali_pv._mori_str._301020
t3e:F3DMX5_Pseudomonas_syringae_group_genomosp._2	t3e:D7HVH8_Pseudomonas_savastanoi_pv._savastanoi
t3e:F3DMX5_Pseudomonas_syringae_group_genomosp._2	t3e:E7P0E8_Pseudomonas_savastanoi_pv._glycinea
t3e:F3DMX5_Pseudomonas_syringae_group_genomosp._2	t3e:F2ZG41_Pseudomonas_cannabina_pv._alisalensis
t3e:F3DMX5_Pseudomonas_syringae_group_genomosp._2	t3e:Q48NG8_Pseudomonas_savastanoi_pv._phaseolicola
t3e:F3DP91_Pseudomonas_avellanae	t3e:F3DP91_Pseudomonas_avellanae
t3e:F3DP91_Pseudomonas_avellanae	t3e:F2ZR75_Pseudomonas_coronafaciens_pv._porri
t3e:F3DP91_Pseudomonas_avellanae	t3e:F3EHY3_Pseudomonas_amygdali_pv._lachrymans
t3e:F3DP91_Pseudomonas_avellanae	t3e:F3H5E8_Pseudomonas_syringae
t3e:F3DP91_Pseudomonas_avellanae	t3e:F3INZ7_Pseudomonas_syringae_pv._avii
t3e:F3DP91_Pseudomonas_avellanae	t3e:F3IZ18_Pseudomonas_syringae_pv._syringae
t3e:F3DP91_Pseudomonas_avellanae	t3e:F3JJA5_Pseudomonas_syringae_pv._syringae_B301D
t3e:F3DP91_Pseudomonas_avellanae	t3e:F3K7B2_Pseudomonas_amygdali_pv._tabaci
t3e:F3G8F7_Pseudomonas_syringae_pv._pisi_str._1704B	t3e:F3G8F7_Pseudomonas_syringae_pv._pisi_str._1704B
t3e:F3H6E0_Pseudomonas_syringae	t3e:F3H6E0_Pseudomonas_syringae
t3e:F3H6E0_Pseudomonas_syringae	t3e:F3FGS4_Pseudomonas_syringae_pv._japonica_str._M301072
t3e:F3H6E0_Pseudomonas_syringae	t3e:F3J6R6_Pseudomonas_syringae
t3e:F3H6E0_Pseudomonas_syringae	t3e:F3JM18_Pseudomonas_syringae_pv._aceris_str._M302273
t3e:F3H6E0_Pseudomonas_syringae	t3e:Q4ZRR7_Pseudomonas_savastanoi_pv._phaseolicola
t3e:F3H6E0_Pseudomonas_syringae	t3e:tr|A0A3M5TYK5|A0A3M5TYK5_9PSED_Pseudomonas_avellanae
t3e:F3H6E0_Pseudomonas_syringae	t3e:common_HopAH2-2__uniprot_Q87ZX9__genbank_AAO56771.1__species_Pseudomonas_syringae_pv._tomato_str._DC3000
t3e:F3H6E0_Pseudomonas_syringae	t3e:tr|S6U6V3|S6U6V3_PSESFType_Pseudomonas_syringae
t3e:F3H6E0_Pseudomonas_syringae	t3e:tr|A0A656JUY3|A0A656JUY3_PSESF_Pseudomonas_syringae
t3e:F3H6E0_Pseudomonas_syringae	t3e:E2MH40_Pseudomonas_syringae_group
t3e:F3H6E0_Pseudomonas_syringae	t3e:F3DBD0_Pseudomonas_amygdali_pv._aesculi_str._0893_23
t3e:F3H6E0_Pseudomonas_syringae	t3e:F3K117_Pseudomonas_savastanoi
t3e:F3H6E0_Pseudomonas_syringae	t3e:Q48HC0_Pseudomonas_savastanoi_pv._phaseolicola
t3e:F3H6E0_Pseudomonas_syringae	t3e:F3EWR8_Pseudomonas_amygdali_pv._mori_str._301020
t3e:F3HPT6_Pseudomonas_syringae_pv._tomato	t3e:F3HPT6_Pseudomonas_syringae_pv._tomato
t3e:F3I4T0_Pseudomonas_syringae_pv._actinidiae_ICMP_9853	t3e:F3I4T0_Pseudomonas_syringae_pv._actinidiae_ICMP_9853
t3e:F3I4T0_Pseudomonas_syringae_pv._actinidiae_ICMP_9853	t3e:F3EHY5_Pseudomonas_amygdali_pv._lachrymans
t3e:common_HopAM1-2__uniprot_F3IQF4__genbank_WP_005770909.1__species_Pseudomonas_syringae_pv._tomato	t3e:common_HopAM1-2__uniprot_F3IQF4__genbank_WP_005770909.1__species_Pseudomonas_syringae_pv._tomato
t3e:F3IRS4_Pseudomonas_amygdali_pv._lachrymans_str._M302278	t3e:F3IRS4_Pseudomonas_amygdali_pv._lachrymans_str._M302278
t3e:F3IRS4_Pseudomonas_amygdali_pv._lachrymans_str._M302278	t3e:E7PE49_Pseudomonas_savastanoi_pv._glycinea_str._B076
t3e:F3IRS4_Pseudomonas_amygdali_pv._lachrymans_str._M302278	t3e:F3GCC0_Pseudomonas_syringae_pv._pisi_str._1704B
t3e:F3IUT8_Pseudomonas_syringae	t3e:F3IUT8_Pseudomonas_syringae
t3e:F3IUT8_Pseudomonas_syringae	t3e:tr|F3FD38|F3FD38_PSESXType_Pseudomonas_syringae
t3e:F3IUT8_Pseudomonas_syringae	t3e:tr|A0A656GSU4|A0A656GSU4_PSESX_Pseudomonas_syringae
t3e:F3IUT8_Pseudomonas_syringae	t3e:F3JBG9_Pseudomonas_syringae_pv._aceris_str._M302273
t3e:F3IUT8_Pseudomonas_syringae	t3e:EKG39881.1_Pseudomonas_syringae
t3e:F3K7B4_Pseudomonas_syringae_pv._syringae	t3e:F3K7B4_Pseudomonas_syringae_pv._syringae
t3e:F3K7B4_Pseudomonas_syringae_pv._syringae	t3e:F3JJA2_Pseudomonas_syringae_pv._aceris_str._M302273
t3e:F6G1N7_Ralstonia_solanacearum_Po82	t3e:F6G1N7_Ralstonia_solanacearum_Po82
t3e:F6G1P1_Ralstonia_solanacearum_Po82	t3e:F6G1P1_Ralstonia_solanacearum_Po82
t3e:F6G6M2_Ralstonia_solanacearum	t3e:F6G6M2_Ralstonia_solanacearum
t3e:F6G8U4_Ralstonia_solanacearum_Po82	t3e:F6G8U4_Ralstonia_solanacearum_Po82
t3e:F6G9B0_Ralstonia_solanacearum_Po82	t3e:F6G9B0_Ralstonia_solanacearum_Po82
t3e:F6GB33_Ralstonia_solanacearum_Po82	t3e:F6GB33_Ralstonia_solanacearum_Po82
t3e:F9QUY4_Escherichia_coli	t3e:F9QUY4_Escherichia_coli
t3e:G0CIQ6_Xanthomonas_campestris	t3e:G0CIQ6_Xanthomonas_campestris
t3e:G7T9M2_Xanthomonas_oryzae_pv._oryzicola_BLS256	t3e:G7T9M2_Xanthomonas_oryzae_pv._oryzicola_BLS256
t3e:G7TBE7_Xanthomonas_oryzae_pv._oryzicola_BLS256	t3e:G7TBE7_Xanthomonas_oryzae_pv._oryzicola_BLS256
t3e:G7TC47_Xanthomonas_oryzae_pv._oryzicola_BLS256	t3e:G7TC47_Xanthomonas_oryzae_pv._oryzicola_BLS256
t3e:G7TC47_Xanthomonas_oryzae_pv._oryzicola_BLS256	t3e:tr|H6UWS2|H6UWS2_XANOOT3SS_Xanthomonas_oryzae_pv._oryzae_KACC_10331
t3e:G7TLG0_Xanthomonas_oryzae	t3e:G7TLG0_Xanthomonas_oryzae
t3e:common_HopK1__genbank_AAO53599.1__uniprot_Q88BH0__species_Pseudomonas_syringae_pv._tomato_str._DC3000,	t3e:common_HopK1__genbank_AAO53599.1__uniprot_Q88BH0__species_Pseudomonas_syringae_pv._tomato_str._DC3000,
t3e:common_HopK1__genbank_AAO53599.1__uniprot_Q88BH0__species_Pseudomonas_syringae_pv._tomato_str._DC3000,	t3e:F2ZWA0_Pseudomonas_syringae_group
t3e:common_HopK1__genbank_AAO53599.1__uniprot_Q88BH0__species_Pseudomonas_syringae_pv._tomato_str._DC3000,	t3e:tr|Q48B92|Q48B92_PSE14Type_Pseudomonas_savastanoi_pv._Phaseolicola
t3e:common_HopK1__genbank_AAO53599.1__uniprot_Q88BH0__species_Pseudomonas_syringae_pv._tomato_str._DC3000,	t3e:tr|A0A3M5TXA8|A0A3M5TXA8_9PSED_Pseudomonas_syringae_group
t3e:Q8RP10_Pseudomonas_syringae_group	t3e:Q8RP10_Pseudomonas_syringae_group
t3e:Q8RP10_Pseudomonas_syringae_group	t3e:E2MKS1_Pseudomonas_syringae_group
t3e:Q8RP10_Pseudomonas_syringae_group	t3e:common_HrpAK1__genbank_AAO57557.1__uniprot_Q87XS5__species_Pseudomonas_syringae_pv._tomato_str._DC3000
t3e:D8P5L5_Ralstonia_solanacearum_CFBP2957	t3e:D8P5L5_Ralstonia_solanacearum_CFBP2957
t3e:B2NKI1_Escherichia_coli_O157:H7_str._EC4115	t3e:B2NKI1_Escherichia_coli_O157:H7_str._EC4115
t3e:C0Q2Y0_Salmonella_enterica	t3e:C0Q2Y0_Salmonella_enterica
t3e:common_EspY4__uniprot_C6UYV3__genbank_WP_000225956.1__species_Escherichia_coli	t3e:common_EspY4__uniprot_C6UYV3__genbank_WP_000225956.1__species_Escherichia_coli
t3e:D6II30_Escherichia_coli_B185	t3e:D6II30_Escherichia_coli_B185
t3e:D6II30_Escherichia_coli_B185	t3e:C6UVQ6_Escherichia_coli
t3e:D6II30_Escherichia_coli_B185	t3e:F7MSR3_Escherichia_coli_B354
t3e:E7PDN5_Pseudomonas_savastanoi_pv._glycinea	t3e:E7PDN5_Pseudomonas_savastanoi_pv._glycinea
t3e:E7PDN5_Pseudomonas_savastanoi_pv._glycinea	t3e:E7PH19_Pseudomonas_savastanoi
t3e:E7PDN5_Pseudomonas_savastanoi_pv._glycinea	t3e:F3DLS4_Pseudomonas_amygdali
t3e:E7PDN5_Pseudomonas_savastanoi_pv._glycinea	t3e:F3F4A1_Pseudomonas_syringae
t3e:E8NNS3_Salmonella_enterica_subsp._enterica_serovar	t3e:E8NNS3_Salmonella_enterica_subsp._enterica_serovar
t3e:E8NNS3_Salmonella_enterica_subsp._enterica_serovar	t3e:sp|Q5PHN0|SOPE2_SALPAGuanine_Salmonella_paratyphi_A
t3e:E8NNS3_Salmonella_enterica_subsp._enterica_serovar	t3e:sp|Q7CQD4|SOPE2_SALTYGuanine_Salmonella_enterica
t3e:E8NNS3_Salmonella_enterica_subsp._enterica_serovar	t3e:tr|B5R8S6|B5R8S6_SALG2Type_Salmonella_enterica
t3e:E8NNS3_Salmonella_enterica_subsp._enterica_serovar	t3e:sp|O06949|SOPE_SALDUGuanine_Salmonella_dublin
t3e:E8NNS3_Salmonella_enterica_subsp._enterica_serovar	t3e:sp|O52623|SOPE_SALTMGuanine_Salmonella_typhimurium
t3e:E8NNS3_Salmonella_enterica_subsp._enterica_serovar	t3e:sp|Q5PFI5|SOPE_SALPAGuanine_Salmonella_paratyphi_A
t3e:E8NNS3_Salmonella_enterica_subsp._enterica_serovar	t3e:sp|Q7BD17|SOPE_SALETGuanine_Salmonella_enterica
t3e:E8NNS3_Salmonella_enterica_subsp._enterica_serovar	t3e:sp|Q8VPM1|SOPE_SALHAGuanine_Salmonella_enterica
t3e:E8NNS3_Salmonella_enterica_subsp._enterica_serovar	t3e:sp|Q8VSR1|SOPE_SALEEGuanine_Salmonella_enterica
t3e:E8NNS3_Salmonella_enterica_subsp._enterica_serovar	t3e:sp|Q8VSR2|SOPE_SALHOGuanine_Salmonella_enterica
t3e:E8NNS3_Salmonella_enterica_subsp._enterica_serovar	t3e:gi|206708426|emb|CAR32737.1|type_Salmonella_enterica_subsp._enterica_serovar_Enteritidis_str._P125109
t3e:E8NNS3_Salmonella_enterica_subsp._enterica_serovar	t3e:ACH76391.1_Salmonella_enterica
t3e:E8NNS3_Salmonella_enterica_subsp._enterica_serovar	t3e:AAK63084.1_Salmonella_enterica
t3e:E8NNS3_Salmonella_enterica_subsp._enterica_serovar	t3e:AAL67191.1_Salmonella_enterica_subsp._houtenae
t3e:F3EHY1_Pseudomonas_amygdali_pv._lachrymans	t3e:F3EHY1_Pseudomonas_amygdali_pv._lachrymans
t3e:F3HM16_Pseudomonas_syringae_group	t3e:F3HM16_Pseudomonas_syringae_group
t3e:F3HM16_Pseudomonas_syringae_group	t3e:tr|Q8RP09|Q8RP09_PSEYMType_Pseudomonas_syringae_group
t3e:F3HM16_Pseudomonas_syringae_group	t3e:tr|A3QR01|A3QR01_PSESYHopI1_Pseudomonas_syringae
t3e:F3HM16_Pseudomonas_syringae_group	t3e:tr|A3QR00|A3QR00_PSESYHopI1_Pseudomonas_syringae_pv._syringae
t3e:F3HM16_Pseudomonas_syringae_group	t3e:tr|E7PJ45|E7PJ45_PSESGType_Pseudomonas_savastanoi
t3e:F3HM16_Pseudomonas_syringae_group	t3e:tr|A0A656G4D5|A0A656G4D5_PSEA0_Pseudomonas_amygdali_pv._mori_str._301020
t3e:F3HM16_Pseudomonas_syringae_group	t3e:tr|F3FCB6|F3FCB6_PSESXType_Pseudomonas_syringae
t3e:F3HM16_Pseudomonas_syringae_group	t3e:tr|F3G4A3|F3G4A3_PSESJType_Pseudomonas_syringae_group
t3e:F3HM16_Pseudomonas_syringae_group	t3e:common_HopI1__uniprot_Q87W07__genbank_AAO58206.1__species_Pseudomonas_syringae_pv._tomato_str._DC3000
t3e:F3HM16_Pseudomonas_syringae_group	t3e:tr|A0A0N1JIP6|A0A0N1JIP6_PSEAV_Pseudomonas_amygdali
t3e:F3HM16_Pseudomonas_syringae_group	t3e:tr|Q48DQ9|Q48DQ9_PSE14Type_Pseudomonas_savastanoi_pv._phaseolicola
t3e:F3HM16_Pseudomonas_syringae_group	t3e:tr|Q4ZNB6|Q4ZNB6_PSEU2Type_Pseudomonas_syringae_pv._syringae
t3e:F3HM16_Pseudomonas_syringae_group	t3e:tr|S3MPF6|S3MPF6_PSESYType_Pseudomonas_syringae
t3e:F3HM16_Pseudomonas_syringae_group	t3e:F3DC82_Pseudomonas_syringae_group
t3e:F3HM16_Pseudomonas_syringae_group	t3e:D7I5K5_Pseudomonas_savastanoi_pv._savastanoi
t3e:F3HM16_Pseudomonas_syringae_group	t3e:F3IXN2_Pseudomonas_syringae
t3e:F3HM16_Pseudomonas_syringae_group	t3e:F3JCH0_Pseudomonas_syringae
t3e:F3HM16_Pseudomonas_syringae_group	t3e:E2M7R3_Pseudomonas_syringae_group
t3e:F3IRV3_Pseudomonas_amygdali_pv._lachrymans_str._M302278	t3e:F3IRV3_Pseudomonas_amygdali_pv._lachrymans_str._M302278
t3e:F5P8E5_Shigella_flexneri	t3e:F5P8E5_Shigella_flexneri
t3e:F5P8E5_Shigella_flexneri	t3e:F5MNS9_Shigella_flexneri_K-671
t3e:F8VGD4_Salmonella_bongori_serovar_66:z41:-_str._SA19983605	t3e:F8VGD4_Salmonella_bongori_serovar_66:z41:-_str._SA19983605
t3e:Q6XVY7_Shigella_flexneri	t3e:Q6XVY7_Shigella_flexneri
t3e:Q6XVY7_Shigella_flexneri	t3e:common_Ipb1__genbank_WP_001166521.1__uniprot_P33548__species_Shigella_flexneri
t3e:Q6XVY7_Shigella_flexneri	t3e:tr|Q326S7|Q326S7_SHIDSIpgB1_Shigella_dysenteriae
t3e:A6AUE3_Vibrio_campbellii_HY01	t3e:A6AUE3_Vibrio_campbellii_HY01
t3e:A6AUE3_Vibrio_campbellii_HY01	t3e:F0LXU3_Vibrio_furnissii
t3e:A6AUE3_Vibrio_campbellii_HY01	t3e:A7K1U2_Vibrio_antiquarius
t3e:A6AUE3_Vibrio_campbellii_HY01	t3e:B8K6S6_Vibrio_furnissii
t3e:A6AUE3_Vibrio_campbellii_HY01	t3e:E1D1X7_Vibrio_parahaemolyticus_UCM-V493
t3e:A6AUE3_Vibrio_campbellii_HY01	t3e:C6XMK1_Hirschia_baltica
t3e:A6AUE3_Vibrio_campbellii_HY01	t3e:C9QFQ5_Vibrio_orientalis
t3e:A6AUE3_Vibrio_campbellii_HY01	t3e:C9NS88_Vibrio_parahaemolyticus_16
t3e:A6AUE3_Vibrio_campbellii_HY01	t3e:D9SIB1_Gallionella_capsiferriformans
t3e:A6AUE3_Vibrio_campbellii_HY01	t3e:D5CLS9_Sideroxydans_lithotrophicus
t3e:A6AUE3_Vibrio_campbellii_HY01	t3e:F3LJT1_gamma_proteobacterium_IMCC1989
t3e:A6AUE3_Vibrio_campbellii_HY01	t3e:F9ZXK0_Methylomonas_methanica
t3e:A6AUE3_Vibrio_campbellii_HY01	t3e:E8VUS9_Vibrio_vulnificus
t3e:A6AUE3_Vibrio_campbellii_HY01	t3e:C9PGS9_Vibrio_furnissii
t3e:A6AUE3_Vibrio_campbellii_HY01	t3e:F9RUL2_Vibrio_scophthalmi
t3e:A6AUE3_Vibrio_campbellii_HY01	t3e:F5T294_Methylophaga_aminisulfidivorans
t3e:A6AUE3_Vibrio_campbellii_HY01	t3e:F9RDA3_Vibrio_sp._(strain_N418)
t3e:A6AUE3_Vibrio_campbellii_HY01	t3e:F2JVT1_Marinomonas_mediterranea
t3e:A6AUE3_Vibrio_campbellii_HY01	t3e:A6VW63_Marinomonas_sp._MWYL1
t3e:A6AUE3_Vibrio_campbellii_HY01	t3e:F6CT38_Marinomonas_posidonica
t3e:A6AUE3_Vibrio_campbellii_HY01	t3e:G4DB19_Thiomicrospira_aerophila
t3e:A6AUE3_Vibrio_campbellii_HY01	t3e:F4AS90_Glaciecola_sp._4H-3-7+YE-5
t3e:A6AUE3_Vibrio_campbellii_HY01	t3e:F7P087_Rheinheimera_sp._A13L
t3e:B5S288_Ralstonia_solanacearum	t3e:B5S288_Ralstonia_solanacearum
t3e:B5S288_Ralstonia_solanacearum	t3e:B5SF38_Ralstonia_solanacearum
t3e:B5S288_Ralstonia_solanacearum	t3e:F6G049_Ralstonia_solanacearum
t3e:B5S288_Ralstonia_solanacearum	t3e:RCFBP_11288_Ralstonia_solanacearum_CFBP2957
t3e:B5S288_Ralstonia_solanacearum	t3e:CMR15v4_11276_Ralstonia_solanacearum_CMR15
t3e:B5S288_Ralstonia_solanacearum	t3e:common_rip21__uniprot_Q8XXL2__genbank_CAD15808.2__species__Ralstonia_solanacearum
t3e:B5S288_Ralstonia_solanacearum	t3e:RPSI07_1328_Ralstonia_solanacearum_PSI07
t3e:B5S5T5_Ralstonia_solanacearum	t3e:B5S5T5_Ralstonia_solanacearum
t3e:B5S5T5_Ralstonia_solanacearum	t3e:B5SDL3_Ralstonia_solanacearum
t3e:B5S5T5_Ralstonia_solanacearum	t3e:D2YZZ8_Ralstonia_solanacearum
t3e:B5S5T5_Ralstonia_solanacearum	t3e:F6G903_Ralstonia_solanacearum
t3e:B5S5T5_Ralstonia_solanacearum	t3e:RCFBP_mp30036_Ralstonia_solanacearum_CFBP2957
t3e:B5S5T5_Ralstonia_solanacearum	t3e:RPSI07_mp1242_Ralstonia_solanacearum_PSI07
t3e:C0SPQ2_Ralstonia_solanacearum	t3e:C0SPQ2_Ralstonia_solanacearum
t3e:C6URC5_Escherichia_coli	t3e:C6URC5_Escherichia_coli
t3e:C6URG1_Escherichia_coli	t3e:C6URG1_Escherichia_coli
t3e:C6UYD7_Escherichia_coli	t3e:C6UYD7_Escherichia_coli
t3e:C6UYD7_Escherichia_coli	t3e:C6UYD9_Escherichia_coli
t3e:C6UYD7_Escherichia_coli	t3e:E8HGQ3_Escherichia_coli
t3e:C6UYD7_Escherichia_coli	t3e:E8I9E7_Escherichia_coli
t3e:C6UYD7_Escherichia_coli	t3e:E8H2M5_Escherichia_coli
t3e:C6V2F8_Escherichia_coli	t3e:C6V2F8_Escherichia_coli
t3e:C6V2F8_Escherichia_coli	t3e:D6I7T2_Escherichia_coli
t3e:C6V2F8_Escherichia_coli	t3e:E8IX49_Escherichia_coli
t3e:C6V2F8_Escherichia_coli	t3e:F7MUJ5_Escherichia_coli
t3e:D2YZY0_Ralstonia_solanacearum	t3e:D2YZY0_Ralstonia_solanacearum
t3e:D2YZY0_Ralstonia_solanacearum	t3e:B5S7C0_Ralstonia_solanacearum
t3e:D2YZY0_Ralstonia_solanacearum	t3e:RCFBP_21404_Ralstonia_solanacearum_CFBP2957
t3e:D2YZY0_Ralstonia_solanacearum	t3e:CMR15v4_30863_Ralstonia_solanacearum_CMR15
t3e:D2YZY0_Ralstonia_solanacearum	t3e:RSc0041_Ralstonia_solanacearum_GMI1000
t3e:D2YZY0_Ralstonia_solanacearum	t3e:RPSI07_3337_Ralstonia_solanacearum_PSI07
t3e:D2YZY0_Ralstonia_solanacearum	t3e:RSPO_c03319_Ralstonia_solanacearum_Po82_
t3e:D2YZY5_Ralstonia_solanacearum	t3e:D2YZY5_Ralstonia_solanacearum
t3e:common_rip42__uniprot_D2YZZ3__genbank_CUV19694.1__species_Ralstonia_solanacearum	t3e:common_rip42__uniprot_D2YZZ3__genbank_CUV19694.1__species_Ralstonia_solanacearum
t3e:D4SVG1_Xanthomonas_citri_pv._aurantifolii_str._ICPB_11122	t3e:D4SVG1_Xanthomonas_citri_pv._aurantifolii_str._ICPB_11122
t3e:D4T2F0_Xanthomonas_citri	t3e:D4T2F0_Xanthomonas_citri
t3e:D8N5P7_Ralstonia_solanacearum	t3e:D8N5P7_Ralstonia_solanacearum
t3e:D8NXR3_Ralstonia_solanacearum	t3e:D8NXR3_Ralstonia_solanacearum
t3e:D8NXR3_Ralstonia_solanacearum	t3e:tr|C0SPP7|C0SPP7_RALSLType_Ralstonia_solanacearum
t3e:D8NXR3_Ralstonia_solanacearum	t3e:B5SGW1_Ralstonia_solanacearum
t3e:D8NXR3_Ralstonia_solanacearum	t3e:D8N783_Ralstonia_solanacearum
t3e:D8NXR3_Ralstonia_solanacearum	t3e:F6G507_Ralstonia_solanacearum
t3e:D8NXR3_Ralstonia_solanacearum	t3e:RCFBP_20857_Ralstonia_solanacearum_CFBP2957
t3e:D8NXR3_Ralstonia_solanacearum	t3e:RipAA_Ralstonia_solanacearum
t3e:D8NXR3_Ralstonia_solanacearum	t3e:common_rip5/avrA__uniprot_Q8Y1T1__genbank_CAD14138.1__species__Ralstonia_solanacearum
t3e:D8NXR3_Ralstonia_solanacearum	t3e:G3A4Y3_Ralstonia_syzygii
t3e:E2MMQ4_Pseudomonas_syringae_group	t3e:E2MMQ4_Pseudomonas_syringae_group
t3e:E2MMQ4_Pseudomonas_syringae_group	t3e:sp|Q6LAD6|ARPT2_PSEUBCysteine_Pseudomonas_syringae_group
t3e:E3DFP0_Erwinia_sp._Ejp617	t3e:E3DFP0_Erwinia_sp._Ejp617
t3e:E4PQF6_Marinobacter_adhaerens	t3e:E4PQF6_Marinobacter_adhaerens
t3e:E8AJE0_Salmonella_enterica	t3e:E8AJE0_Salmonella_enterica
t3e:E8AJE0_Salmonella_enterica	t3e:E8D9Z5_Salmonella_enterica_subsp._enterica_serovar_Montevideo_str._MB102109-0047
t3e:E8AJE0_Salmonella_enterica	t3e:G5LAD3_Salmonella_enterica_subsp._enterica_serovar_Adelaide_str._A4-669
t3e:E8HJ45_Escherichia_coli_O157:H-_str._493-89	t3e:E8HJ45_Escherichia_coli_O157:H-_str._493-89
t3e:F2ZCK7_Pseudomonas_syringae_group	t3e:F2ZCK7_Pseudomonas_syringae_group
t3e:F3DLU3_Pseudomonas_amygdali	t3e:F3DLU3_Pseudomonas_amygdali
t3e:F3DLU3_Pseudomonas_amygdali	t3e:F3JHR3_Pseudomonas_syringae
t3e:F3DLU3_Pseudomonas_amygdali	t3e:F3I6I9_Pseudomonas_syringae
t3e:F3DLU3_Pseudomonas_amygdali	t3e:hopBB1-2_Pseudomonas_syringae_pv._actinidiae
t3e:F3DLU3_Pseudomonas_amygdali	t3e:tr|Q83YN7|Q83YN7_9PSEDUncharacterized_Pseudomonas_syringae_pv._delphinii
t3e:F3DLU3_Pseudomonas_amygdali	t3e:tr|S6TW99|S6TW99_PSESFType_Pseudomonas_syringae
t3e:F3DLU3_Pseudomonas_amygdali	t3e:F3DPZ3_Pseudomonas_amygdali_pv._morsprunorum_str._M302280
t3e:F3DLU3_Pseudomonas_amygdali	t3e:E2MBU5_Pseudomonas_syringae_group
t3e:F3DLU3_Pseudomonas_amygdali	t3e:common_HopF2__genbank_AAO54046.1__uniprot_Q88A90__genbank_AAO56771.1__species_Pseudomonas_syringae_pv._tomato_str._DC3000
t3e:F3DLU3_Pseudomonas_amygdali	t3e:hopF1_Pseudomonas_amygdali
t3e:F3DLU3_Pseudomonas_amygdali	t3e:tr|A2BCU8|A2BCU8_PSESHAvrPphF_Pseudomonas_savastanoi_pv._phaseolicola
t3e:F3DLU3_Pseudomonas_amygdali	t3e:tr|Q9K2L5|Q9K2L5_PSESHORF2_Pseudomonas_savastanoi_pv._phaseolicola
t3e:F3DLU3_Pseudomonas_amygdali	t3e:hopBB1-1_Pseudomonas_syringae_pv._actinidiae
t3e:F3DLU3_Pseudomonas_amygdali	t3e:tr|E5G0U5|E5G0U5_PSEA0HopBB1_Pseudomonas_amygdali_pv._mori_str._301020
t3e:F3DLU3_Pseudomonas_amygdali	t3e:tr|A0A656GNA3|A0A656GNA3_PSEA0_Pseudomonas_amygdali_pv._mori_str._301020
t3e:F3DLU3_Pseudomonas_amygdali	t3e:tr|A0A3M5TKI9|A0A3M5TKI9_9PSED_Pseudomonas_avellanae
t3e:F3DLU3_Pseudomonas_amygdali	t3e:common_avrRpm2__genbank_WP_002556083.1__species_Pseudomonas_savastanoi_pv._savastanoi_NCPPB_3335
t3e:F3DLU3_Pseudomonas_amygdali	t3e:avrrpm2_Pseudomonas_syringae_pv._actinidiae
t3e:F3EPS5_Pseudomonas_syringae	t3e:F3EPS5_Pseudomonas_syringae
t3e:F3EPS5_Pseudomonas_syringae	t3e:F3DLY8_Pseudomonas_syringae_group
t3e:F3EPS5_Pseudomonas_syringae	t3e:Q48NF3_Pseudomonas_savastanoi_pv._phaseolicola
t3e:F3EPS5_Pseudomonas_syringae	t3e:common_AvrB3__genbank_WP_004665643.1__uniprot_Q5DI82__species_Pseudomonas_savastanoi_pv._phaseolicola
t3e:F3EPS5_Pseudomonas_syringae	t3e:AvrB3_Pseudomonas_syringae
t3e:F3EPS5_Pseudomonas_syringae	t3e:Q4ZX49_Pseudomonas_syringae
t3e:F3FBT4_Pseudomonas_syringae_pv._japonica_str._M301072	t3e:F3FBT4_Pseudomonas_syringae_pv._japonica_str._M301072
t3e:F3G209_Pseudomonas_syringae_pv._pisi_str._1704B	t3e:F3G209_Pseudomonas_syringae_pv._pisi_str._1704B
t3e:F3I4D3_Pseudomonas_syringae	t3e:F3I4D3_Pseudomonas_syringae
t3e:F3I4D3_Pseudomonas_syringae	t3e:F3HET8_Pseudomonas_syringae_group
t3e:F5P1A2_Shigella_dysenteriae_155-74	t3e:F5P1A2_Shigella_dysenteriae_155-74
t3e:F5P4G8_Shigella_flexneri_K-227	t3e:F5P4G8_Shigella_flexneri_K-227
t3e:F5V2G4_Methylomicrobium_album_BG8	t3e:F5V2G4_Methylomicrobium_album_BG8
t3e:F5V2G4_Methylomicrobium_album_BG8	t3e:D5BCT3_Zunongwangia_profunda
t3e:F5V2G4_Methylomicrobium_album_BG8	t3e:G3J2E1_Methylobacter_tundripaludum
t3e:F5V2G4_Methylomicrobium_album_BG8	t3e:G4T3E8_Methylotuvimicrobium_alcaliphilum
t3e:F5V2G4_Methylomicrobium_album_BG8	t3e:F3KBK9_gamma_proteobacterium_IMCC2047
t3e:F8UV27_Erwinia_amylovora	t3e:F8UV27_Erwinia_amylovora
t3e:F8UV27_Erwinia_amylovora	t3e:D0FW04_Erwinia_pyrifoliae
t3e:F8UV27_Erwinia_amylovora	t3e:F8UV37_Erwinia_amylovora
t3e:F8UV27_Erwinia_amylovora	t3e:F8UV21_Erwinia_amylovora
t3e:F8UV27_Erwinia_amylovora	t3e:tr|D4HVP7|D4HVP7_ERWACAvirulence_Erwinia_amylovora
t3e:G2ZM30_Ralstonia_syzygii	t3e:G2ZM30_Ralstonia_syzygii
t3e:G3A9P0_Ralstonia_syzygii	t3e:G3A9P0_Ralstonia_syzygii
t3e:G3A9P0_Ralstonia_syzygii	t3e:G2ZUW6_Ralstonia_syzygii
t3e:G3A9P0_Ralstonia_syzygii	t3e:common_rip49/popA__uniprot_Q9RBS0__genbank_WP_011004174.1__species__Ralstonia_solanacearum
t3e:G3A9P0_Ralstonia_syzygii	t3e:B7ZJG6_Ralstonia_solanacearum
t3e:G3A9P0_Ralstonia_syzygii	t3e:D8NHY1_Ralstonia_solanacearum
t3e:G3A9P0_Ralstonia_syzygii	t3e:Q84IE8_Ralstonia_solanacearum
t3e:G3A9P0_Ralstonia_syzygii	t3e:RipX_Ralstonia_pseudosolanacearum
t3e:G3A9P0_Ralstonia_syzygii	t3e:A3RV23_Ralstonia_solanacearum
t3e:G3A9P0_Ralstonia_syzygii	t3e:B5SCP8_Ralstonia_solanacearum_IPO1609
t3e:G3A9P0_Ralstonia_syzygii	t3e:D8P4B2_Ralstonia_solanacearum
t3e:G3A9P0_Ralstonia_syzygii	t3e:F6GBA2_Ralstonia_solanacearum
t3e:G3A9P0_Ralstonia_syzygii	t3e:D8N0M0_Ralstonia_solanacearum
t3e:G3ABF4_Ralstonia_syzygii	t3e:G3ABF4_Ralstonia_syzygii
t3e:G7TFU3_Xanthomonas_oryzae	t3e:G7TFU3_Xanthomonas_oryzae
t3e:G7TFU3_Xanthomonas_oryzae	t3e:tr|Q3BWS7|Q3BWS7_XANC5Xanthomonas_Xanthomonas_euvesicatoria
t3e:Q44445_Rhizobium/Agrobacterium_group	t3e:Q44445_Rhizobium/Agrobacterium_group
t3e:Q44445_Rhizobium/Agrobacterium_group	t3e:A5WY71_Rhizobium/Agrobacterium_group
t3e:Q48G35_Pseudomonas_savastanoi_pv._phaseolicola	t3e:Q48G35_Pseudomonas_savastanoi_pv._phaseolicola
t3e:A5W905_Pseudomonas_putida	t3e:A5W905_Pseudomonas_putida
t3e:A5W905_Pseudomonas_putida	t3e:common_hopPmaJ__genbank_AAL84249.1__uniprot_
t3e:A5W905_Pseudomonas_putida	t3e:B0KGW0_Pseudomonas_putida
t3e:A5W905_Pseudomonas_putida	t3e:B1J2V8_Pseudomonas_putida
t3e:A5W905_Pseudomonas_putida	t3e:E4R4X0_Pseudomonas_putida
t3e:A5W905_Pseudomonas_putida	t3e:F0E258_Pseudomonas_sp._(strain_TJI-51)
t3e:A5W905_Pseudomonas_putida	t3e:F2ZJW3_Pseudomonas_coronafaciens_pv._oryzae
t3e:A5W905_Pseudomonas_putida	t3e:F3FLD4_Pseudomonas_syringae_pv._syringae
t3e:A5W905_Pseudomonas_putida	t3e:F3GD21_Pseudomonas_syringae_pv._pisi
t3e:A5W905_Pseudomonas_putida	t3e:F3GW34_Pseudomonas_syringae
t3e:A5W905_Pseudomonas_putida	t3e:F3IU89_Pseudomonas_syringae_pv._aptata
t3e:A5W905_Pseudomonas_putida	t3e:F6AEI6_Pseudomonas_fulva
t3e:A5W905_Pseudomonas_putida	t3e:F8G5Z3_Pseudomonas_putida
t3e:A5W905_Pseudomonas_putida	t3e:Q4KI56_Pseudomonas_protegens
t3e:A5W905_Pseudomonas_putida	t3e:YP_234111.2_Pseudomonas_syringae_pv._syringae
t3e:A5W905_Pseudomonas_putida	t3e:A6V1Y6_Pseudomonas_aeruginosa
t3e:B2TT97_Shigella_boydii	t3e:B2TT97_Shigella_boydii
t3e:B5S0T6_Ralstonia_solanacearum	t3e:B5S0T6_Ralstonia_solanacearum
t3e:B5S0T6_Ralstonia_solanacearum	t3e:B5SKI2_Ralstonia_solanacearum_IPO1609
t3e:B5S0T6_Ralstonia_solanacearum	t3e:D8NJ74_Ralstonia_solanacearum_CFBP2957
t3e:B5S0T6_Ralstonia_solanacearum	t3e:D8NTP6_Ralstonia_solanacearum
t3e:B5S0T6_Ralstonia_solanacearum	t3e:F6G106_Ralstonia_solanacearum_Po82
t3e:B5S0T6_Ralstonia_solanacearum	t3e:G2ZV37_Ralstonia_syzygii_subsp._celebesensis
t3e:B5S507_Ralstonia_solanacearum	t3e:B5S507_Ralstonia_solanacearum
t3e:B5SCL2_Ralstonia_solanacearum	t3e:B5SCL2_Ralstonia_solanacearum
t3e:B5SCL2_Ralstonia_solanacearum	t3e:B5S4W8_Ralstonia_solanacearum
t3e:C6URC9_Escherichia_coli	t3e:C6URC9_Escherichia_coli
t3e:C6URC9_Escherichia_coli	t3e:C6USQ8_Escherichia_coli_O111:H-_str._11128
t3e:C6UU57_Escherichia_coli	t3e:C6UU57_Escherichia_coli
t3e:C6UU57_Escherichia_coli	t3e:D6IAG7_Escherichia_coli
t3e:C6UU57_Escherichia_coli	t3e:E8HF43_Escherichia_coli
t3e:C6UU57_Escherichia_coli	t3e:E8HTZ1_Escherichia_coli
t3e:C6UVP4_Escherichia_coli	t3e:C6UVP4_Escherichia_coli
t3e:C6UVP4_Escherichia_coli	t3e:E8I893_Escherichia_coli
t3e:C6UVP4_Escherichia_coli	t3e:E8H1W5_Escherichia_coli_O157:H7_str._G5101
t3e:C6UVP4_Escherichia_coli	t3e:E8J137_Escherichia_coli
t3e:C6V200_Escherichia_coli	t3e:C6V200_Escherichia_coli
t3e:C6V246_Escherichia_coli	t3e:C6V246_Escherichia_coli
t3e:D2BZV0_Dickeya_zeae	t3e:D2BZV0_Dickeya_zeae
t3e:D2BZV0_Dickeya_zeae	t3e:C6CHG6_Dickeya_chrysanthemi
t3e:D2U1Z2_Arsenophonus_nasoniae	t3e:D2U1Z2_Arsenophonus_nasoniae
t3e:D4SV28_Xanthomonas_citri	t3e:D4SV28_Xanthomonas_citri
t3e:D8MYI1_Ralstonia_solanacearum_PSI07	t3e:D8MYI1_Ralstonia_solanacearum_PSI07
t3e:D8MYI1_Ralstonia_solanacearum_PSI07	t3e:G2ZXD6_Ralstonia_syzygii_subsp._celebesensis
t3e:D8MYI1_Ralstonia_solanacearum_PSI07	t3e:Q68A36_Ralstonia_solanacearum
t3e:D8N0L8_Ralstonia_solanacearum_PSI07	t3e:D8N0L8_Ralstonia_solanacearum_PSI07
t3e:D8N4C7_Ralstonia_solanacearum	t3e:D8N4C7_Ralstonia_solanacearum
t3e:D8NFL3_Ralstonia_solanacearum_CMR15	t3e:D8NFL3_Ralstonia_solanacearum_CMR15
t3e:D8NFL3_Ralstonia_solanacearum_CMR15	t3e:common_rip28__uniprot_Q8XTS6__genbank_CAD17179.2__species__Ralstonia_solanacearum
t3e:D8NFL3_Ralstonia_solanacearum_CMR15	t3e:RPSI07_mp0038_Ralstonia_solanacearum_PSI07
t3e:D8NFL3_Ralstonia_solanacearum_CMR15	t3e:RipG3_Ralstonia_pseudosolanacearum
t3e:D8NFL3_Ralstonia_solanacearum_CMR15	t3e:B5RYY9_Ralstonia_solanacearum
t3e:D8NFL3_Ralstonia_solanacearum_CMR15	t3e:B5SAM0_Ralstonia_solanacearum
t3e:D8NFL3_Ralstonia_solanacearum_CMR15	t3e:D8P6Z5_Ralstonia_solanacearum_CFBP2957
t3e:D8NFL3_Ralstonia_solanacearum_CMR15	t3e:F6G800_Ralstonia_solanacearum
t3e:D8NFL3_Ralstonia_solanacearum_CMR15	t3e:RCFBP_mp10032_Ralstonia_solanacearum_CFBP2957
t3e:D8NFW9_Ralstonia_solanacearum_CMR15	t3e:D8NFW9_Ralstonia_solanacearum_CMR15
t3e:D8NHB6_Ralstonia_solanacearum_CMR15	t3e:D8NHB6_Ralstonia_solanacearum_CMR15
t3e:D8NJ73_Ralstonia_solanacearum_CFBP2957	t3e:D8NJ73_Ralstonia_solanacearum_CFBP2957
t3e:D8NJ73_Ralstonia_solanacearum_CFBP2957	t3e:B5S0T7_Ralstonia_solanacearum
t3e:D8NJ73_Ralstonia_solanacearum_CFBP2957	t3e:F6G105_Ralstonia_solanacearum
t3e:D8NJP6_Ralstonia_solanacearum_CFBP2957	t3e:D8NJP6_Ralstonia_solanacearum_CFBP2957
t3e:E0WT68_Candidatus_Regiella_insecticola_LSR1	t3e:E0WT68_Candidatus_Regiella_insecticola_LSR1
t3e:E3DFN8_Erwinia_sp._Ejp617	t3e:E3DFN8_Erwinia_sp._Ejp617
t3e:E3DFN8_Erwinia_sp._Ejp617	t3e:common_HrpN__genbank_WP_004155369__uniprot_Q01099__species_Erwinia_amylovora
t3e:E3DFN8_Erwinia_sp._Ejp617	t3e:D0FW06_Erwinia_pyrifoliae
t3e:E3DFP2_Erwinia_sp._Ejp617	t3e:E3DFP2_Erwinia_sp._Ejp617
t3e:E3DFP2_Erwinia_sp._Ejp617	t3e:D0FW02_Erwinia_pyrifoliae
t3e:E9A032_Salmonella_enterica	t3e:E9A032_Salmonella_enterica
t3e:E9A032_Salmonella_enterica	t3e:sp|Q8ZQ59|PIPB_SALTYSecreted_Salmonella_typhimurium
t3e:F3HVG8_Pseudomonas_syringae	t3e:F3HVG8_Pseudomonas_syringae
t3e:F3HVG8_Pseudomonas_syringae	t3e:common_HopN1__genbank_AAO54892.1__uniprot_Q9JP32__species_Pseudomonas_syringae_pv._tomato_str._DC3000
t3e:F3HVG8_Pseudomonas_syringae	t3e:F3DQ33_Pseudomonas_syringae_group
t3e:G2BLM3_Escherichia_coli	t3e:G2BLM3_Escherichia_coli
t3e:G2ZZ36_Ralstonia_syzygii_R24	t3e:G2ZZ36_Ralstonia_syzygii_R24
t3e:G3A7R8_Ralstonia_syzygii_R24	t3e:G3A7R8_Ralstonia_syzygii_R24
t3e:G3A7R8_Ralstonia_syzygii_R24	t3e:G3A7R9_Ralstonia_syzygii_R24
t3e:G3A7R8_Ralstonia_syzygii_R24	t3e:D8NC19_Ralstonia_solanacearum_CMR15
t3e:G3A7R8_Ralstonia_syzygii_R24	t3e:RipG4_Ralstonia_pseudosolanacearum
t3e:G3A7R8_Ralstonia_syzygii_R24	t3e:D8NC18_Ralstonia_solanacearum
t3e:G3A9N8_Ralstonia_syzygii	t3e:G3A9N8_Ralstonia_syzygii
t3e:Q6RK52_Pectobacterium_atrosepticum	t3e:Q6RK52_Pectobacterium_atrosepticum
t3e:Q8RP05_Pseudomonas_syringae_pv._maculicola	t3e:Q8RP05_Pseudomonas_syringae_pv._maculicola
t3e:Q8RP12_Pseudomonas_syringae_group_genomosp._3	t3e:Q8RP12_Pseudomonas_syringae_group_genomosp._3
t3e:Q8RP12_Pseudomonas_syringae_group_genomosp._3	t3e:tr|O87327|O87327_PSESXHrp_Pseudomonas_syringae
t3e:Q8RP12_Pseudomonas_syringae_group_genomosp._3	t3e:common_Hrpw1__genbank_WP_005763926.1__uniprot_Q7C4I5__species_Pseudomonas_syringae_pv._tomato_str._DC3000
t3e:common_rip13__uniprot_Q8XZN9__genbank_WP_011001305.1__species__Ralstonia_solanacearum	t3e:common_rip13__uniprot_Q8XZN9__genbank_WP_011001305.1__species__Ralstonia_solanacearum
t3e:common_rip13__uniprot_Q8XZN9__genbank_WP_011001305.1__species__Ralstonia_solanacearum	t3e:D8N4V8_Ralstonia_solanacearum
t3e:common_rip13__uniprot_Q8XZN9__genbank_WP_011001305.1__species__Ralstonia_solanacearum	t3e:B5RZW9_Ralstonia_solanacearum
t3e:common_rip13__uniprot_Q8XZN9__genbank_WP_011001305.1__species__Ralstonia_solanacearum	t3e:B5SLJ7_Ralstonia_solanacearum
t3e:common_rip13__uniprot_Q8XZN9__genbank_WP_011001305.1__species__Ralstonia_solanacearum	t3e:F6G214_Ralstonia_solanacearum
t3e:common_rip13__uniprot_Q8XZN9__genbank_WP_011001305.1__species__Ralstonia_solanacearum	t3e:RCFBP_20073_Ralstonia_solanacearum_CFBP2957
t3e:common_rip13__uniprot_Q8XZN9__genbank_WP_011001305.1__species__Ralstonia_solanacearum	t3e:RSPO_c01999_Ralstonia_solanacearum_Po82_
t3e:common_rip13__uniprot_Q8XZN9__genbank_WP_011001305.1__species__Ralstonia_solanacearum	t3e:D8NU54_Ralstonia_solanacearum
t3e:B5S4X5_Ralstonia_solanacearum	t3e:B5S4X5_Ralstonia_solanacearum
t3e:B5S4X5_Ralstonia_solanacearum	t3e:common_rip45__uniprot_Q8XRI4__genbank_WP_011004145.1__species__Ralstonia_solanacearum
t3e:B5S4X5_Ralstonia_solanacearum	t3e:RCFBP_mp20291_Ralstonia_solanacearum_CFBP2957
t3e:B5S4X5_Ralstonia_solanacearum	t3e:CMR15v4_mp10826_Ralstonia_solanacearum_CMR15
t3e:B5S4X5_Ralstonia_solanacearum	t3e:RPSI07_mp0792_Ralstonia_solanacearum_PSI07
t3e:B5S4X5_Ralstonia_solanacearum	t3e:RSPO_m01690-RSPO_m01166_Ralstonia_solanacearum_Po82_
t3e:B5S5B1_Ralstonia_solanacearum	t3e:B5S5B1_Ralstonia_solanacearum
t3e:B5S5B1_Ralstonia_solanacearum	t3e:B5SD38_Ralstonia_solanacearum
t3e:B5S5B1_Ralstonia_solanacearum	t3e:D2YZZ7_Ralstonia_solanacearum
t3e:B5S5B1_Ralstonia_solanacearum	t3e:F6G9N3_Ralstonia_solanacearum_Po82
t3e:B5S5B1_Ralstonia_solanacearum	t3e:RCFBP_mp20492_Ralstonia_solanacearum_CFBP2957
t3e:B5S5B1_Ralstonia_solanacearum	t3e:CMR15v4_mp20114_Ralstonia_solanacearum_CMR15
t3e:B5S5B1_Ralstonia_solanacearum	t3e:common_rip57__uniprot_Q8XR37__genbank_CAD18182.2__species__Ralstonia_solanacearum
t3e:B5S5B1_Ralstonia_solanacearum	t3e:RPSI07_mp1030_Ralstonia_solanacearum_PSI07
t3e:B5S5B1_Ralstonia_solanacearum	t3e:RSPO_m01312_Ralstonia_solanacearum_Po82_
t3e:C0SPN7_Ralstonia_solanacearum	t3e:C0SPN7_Ralstonia_solanacearum
t3e:C0SPN7_Ralstonia_solanacearum	t3e:RCFBP_mp20290_Ralstonia_solanacearum_CFBP2957
t3e:C0SPN7_Ralstonia_solanacearum	t3e:CMR15v4_mp10825_Ralstonia_solanacearum_CMR15
t3e:C0SPN7_Ralstonia_solanacearum	t3e:common_rip44__uniprot_Q8XRI5__genbank_WP_011004144.1__species__Ralstonia_solanacearum
t3e:C0SPN7_Ralstonia_solanacearum	t3e:RPSI07_mp0791_Ralstonia_solanacearum_PSI07
t3e:C0SPN7_Ralstonia_solanacearum	t3e:RSPO_m01165_Ralstonia_solanacearum_Po82_
t3e:C0SPN7_Ralstonia_solanacearum	t3e:common_awr3__uniprot_Q8XRI5__genbank_CAD17997.1__species_Ralstonia_solanacearum
t3e:D4SZ81_Xanthomonas_citri_pv._aurantifolii_str._ICPB_11122	t3e:D4SZ81_Xanthomonas_citri_pv._aurantifolii_str._ICPB_11122
t3e:D4SZ81_Xanthomonas_citri_pv._aurantifolii_str._ICPB_11122	t3e:G7TBV9_Xanthomonas_oryzae_pv._oryzicola_BLS256
t3e:D8P012_Ralstonia_solanacearum	t3e:D8P012_Ralstonia_solanacearum
t3e:D8P012_Ralstonia_solanacearum	t3e:D8NQU6_Ralstonia_solanacearum_CFBP2957
t3e:D8P012_Ralstonia_solanacearum	t3e:G2ZMX3_Ralstonia_syzygii_subsp._celebesensis
t3e:D8P012_Ralstonia_solanacearum	t3e:G3A3Q3_Ralstonia_syzygii
t3e:D8P012_Ralstonia_solanacearum	t3e:common_ripB__uniprot_Q8Y2T7__genbank_CAD13773.2__species__Ralstonia_solanacearum
t3e:D8P012_Ralstonia_solanacearum	t3e:B5S7T2_Ralstonia_solanacearum
t3e:D8P012_Ralstonia_solanacearum	t3e:B5SEH7_Ralstonia_solanacearum
t3e:D8P012_Ralstonia_solanacearum	t3e:F6G5M5_Ralstonia_solanacearum
t3e:D8P012_Ralstonia_solanacearum	t3e:D8N9J6_Ralstonia_solanacearum
t3e:F3IDI1_Pseudomonas_syringae_pv._tomato	t3e:F3IDI1_Pseudomonas_syringae_pv._tomato
t3e:F6G9L1_Ralstonia_solanacearum	t3e:F6G9L1_Ralstonia_solanacearum
t3e:F6GAL4_Ralstonia_solanacearum	t3e:F6GAL4_Ralstonia_solanacearum
t3e:G7TH64_Xanthomonas_oryzae_pv._oryzicola_BLS256	t3e:G7TH64_Xanthomonas_oryzae_pv._oryzicola_BLS256
t3e:Q48J78_Pseudomonas_savastanoi_pv._glycinea	t3e:Q48J78_Pseudomonas_savastanoi_pv._glycinea
t3e:Q48J78_Pseudomonas_savastanoi_pv._glycinea	t3e:D7HZJ0_Pseudomonas_syringae_pv._cerasicola
t3e:Q48J78_Pseudomonas_savastanoi_pv._glycinea	t3e:F2ZG46_Pseudomonas_syringae_pv._maculicola
t3e:Q48J78_Pseudomonas_savastanoi_pv._glycinea	t3e:common_HopV1__genbank_AAO58158.1__uniprot_Q87W46__species_Pseudomonas_syringae_pv._tomato_str._DC3000
t3e:B5SKJ7_Ralstonia_solanacearum	t3e:B5SKJ7_Ralstonia_solanacearum
t3e:B5SKJ7_Ralstonia_solanacearum	t3e:F6G0Z1_Ralstonia_solanacearum
t3e:B5RZP1_Ralstonia_solanacearum	t3e:B5RZP1_Ralstonia_solanacearum
t3e:F6G9V0_Ralstonia_solanacearum_Po82	t3e:F6G9V0_Ralstonia_solanacearum_Po82
t3e:G3AA44_Ralstonia_syzygii_R24	t3e:G3AA44_Ralstonia_syzygii_R24
t3e:G3AA44_Ralstonia_syzygii_R24	t3e:D8NDP6_Ralstonia_solanacearum_CMR15
t3e:G3AA44_Ralstonia_syzygii_R24	t3e:D8N152_Ralstonia_solanacearum_PSI07
t3e:G3ACT8_Ralstonia_syzygii	t3e:G3ACT8_Ralstonia_syzygii
t3e:G3ACT8_Ralstonia_syzygii	t3e:D8MYL2_Ralstonia_solanacearum
t3e:G3ACT8_Ralstonia_syzygii	t3e:D8NFQ4_Ralstonia_solanacearum
t3e:G3ACT8_Ralstonia_syzygii	t3e:common_rip29__uniprot_Q8XTK9__genbank_WP_011003416.1__species__Ralstonia_solanacearum
t3e:G3ACT8_Ralstonia_syzygii	t3e:tr|D8P729|D8P729_RALSLType_Ralstonia_solanacearum
t3e:G3ACT8_Ralstonia_syzygii	t3e:C0SPN6_Ralstonia_solanacearum
t3e:G3ACT8_Ralstonia_syzygii	t3e:G2ZXG4_Ralstonia_syzygii_subsp._celebesensis
t3e:G3ACT8_Ralstonia_syzygii	t3e:B5SAI8_Ralstonia_solanacearum
t3e:G3ACT8_Ralstonia_syzygii	t3e:F6G758_Ralstonia_solanacearum
t3e:G3ACT8_Ralstonia_syzygii	t3e:B5RZ24_Ralstonia_solanacearum
t3e:G3ACT8_Ralstonia_syzygii	t3e:RCFBP_mp10070_Ralstonia_solanacearum_CFBP2957
t3e:Q8XXH5_Ralstonia_pseudosolanacearum	t3e:Q8XXH5_Ralstonia_pseudosolanacearum
t3e:D4T318_Xanthomonas_citri_pv._aurantifolii_str._ICPB_10535	t3e:D4T318_Xanthomonas_citri_pv._aurantifolii_str._ICPB_10535
t3e:E7PDN4_Pseudomonas_savastanoi_pv._glycinea_str._B076	t3e:E7PDN4_Pseudomonas_savastanoi_pv._glycinea_str._B076
t3e:G7TG75_Xanthomonas_oryzae	t3e:G7TG75_Xanthomonas_oryzae
t3e:G7TG75_Xanthomonas_oryzae	t3e:tr|Q5EN61|Q5EN61_XANEUEarly_Xanthomonas_euvesicatoria
t3e:E7UY63_Salmonella_enterica_subsp._enterica_serovar_Typhimurium	t3e:E7UY63_Salmonella_enterica_subsp._enterica_serovar_Typhimurium
t3e:E7UY63_Salmonella_enterica_subsp._enterica_serovar_Typhimurium	t3e:G5L9Q6_Salmonella_enterica_subsp._enterica_serovar_Cerro
t3e:E7UY63_Salmonella_enterica_subsp._enterica_serovar_Typhimurium	t3e:G5MYB6_Salmonella_enterica_subsp._enterica_serovar_Hvittingfoss_str._A4-620
t3e:E7UY63_Salmonella_enterica_subsp._enterica_serovar_Typhimurium	t3e:G5R0N3_Salmonella_enterica_subsp._enterica_serovar_Senftenberg_str._A4-543
t3e:E8FZ79_Salmonella_enterica_subsp._enterica_serovar_Montevideo_str._IA_2010008283	t3e:E8FZ79_Salmonella_enterica_subsp._enterica_serovar_Montevideo_str._IA_2010008283
t3e:A3RV42_Ralstonia_solanacearum	t3e:A3RV42_Ralstonia_solanacearum
t3e:B3Y096_Escherichia_coli	t3e:B3Y096_Escherichia_coli
t3e:B3Y096_Escherichia_coli	t3e:tr|Q7WRZ5|Q7WRZ5_ECOLXCell_Escherichia_coli
t3e:B5S080_Ralstonia_solanacearum	t3e:B5S080_Ralstonia_solanacearum
t3e:B5S080_Ralstonia_solanacearum	t3e:B5SLK4_Ralstonia_solanacearum
t3e:B5S080_Ralstonia_solanacearum	t3e:RCFBP_20079_Ralstonia_solanacearum_CFBP2957
t3e:B5S080_Ralstonia_solanacearum	t3e:RSPO_c02006_Ralstonia_solanacearum_Po82_
t3e:B5S5G4_Ralstonia_solanacearum	t3e:B5S5G4_Ralstonia_solanacearum
t3e:B5S5G4_Ralstonia_solanacearum	t3e:B5SD92_Ralstonia_solanacearum
t3e:B5S5G4_Ralstonia_solanacearum	t3e:F6GAT8_Ralstonia_solanacearum
t3e:B5S5G4_Ralstonia_solanacearum	t3e:RCFBP_mp20549_Ralstonia_solanacearum_CFBP2957
t3e:B5S9H0_Ralstonia_solanacearum	t3e:B5S9H0_Ralstonia_solanacearum
t3e:B5S9Y0_Ralstonia_solanacearum	t3e:B5S9Y0_Ralstonia_solanacearum
t3e:B5SCV7_Ralstonia_solanacearum	t3e:B5SCV7_Ralstonia_solanacearum
t3e:B5SDQ3_Ralstonia_solanacearum	t3e:B5SDQ3_Ralstonia_solanacearum
t3e:B5SDQ3_Ralstonia_solanacearum	t3e:B5RY42_Ralstonia_solanacearum
t3e:B5SDQ3_Ralstonia_solanacearum	t3e:F6G847_Ralstonia_solanacearum_Po82
t3e:B5SDQ3_Ralstonia_solanacearum	t3e:RCFBP_mp10151_Ralstonia_solanacearum_CFBP2957
t3e:B5SDQ3_Ralstonia_solanacearum	t3e:CMR15v4_mp10127_Ralstonia_solanacearum_CMR15
t3e:B5SDQ3_Ralstonia_solanacearum	t3e:common_rip30__uniprot_Q8XTF2__genbank_CAD17311.2__species__Ralstonia_solanacearum
t3e:B5SDQ3_Ralstonia_solanacearum	t3e:RPSI07_mp0106_Ralstonia_solanacearum_PSI07
t3e:B5SDQ3_Ralstonia_solanacearum	t3e:RSPO_m00157_Ralstonia_solanacearum_Po82_
t3e:B5SEB1_Ralstonia_solanacearum_IPO1609	t3e:B5SEB1_Ralstonia_solanacearum_IPO1609
t3e:B5SEB1_Ralstonia_solanacearum_IPO1609	t3e:RCFBP_21236_Ralstonia_solanacearum_CFBP2957
t3e:B5SEB1_Ralstonia_solanacearum_IPO1609	t3e:CMR15v4_30690_Ralstonia_solanacearum_CMR15
t3e:B5SEB1_Ralstonia_solanacearum_IPO1609	t3e:common_rip3__uniprot_Q8Y2S8__genbank_WP_011000224.1__species__Ralstonia_solanacearum
t3e:B5SEB1_Ralstonia_solanacearum_IPO1609	t3e:RPSI07_3157_Ralstonia_solanacearum_PSI07
t3e:B5SEB1_Ralstonia_solanacearum_IPO1609	t3e:RSPO_c03153_Ralstonia_solanacearum_Po82_
t3e:B5SEB1_Ralstonia_solanacearum_IPO1609	t3e:RipY_Ralstonia_solanacearum_IPO1609
t3e:B5SGD7_Ralstonia_solanacearum	t3e:B5SGD7_Ralstonia_solanacearum
t3e:B5Z1A4_Escherichia_coli_O157:H7	t3e:B5Z1A4_Escherichia_coli_O157:H7
t3e:B7A4F0_Escherichia_coli	t3e:B7A4F0_Escherichia_coli
t3e:B7A4F0_Escherichia_coli	t3e:tr|B7UNX2|B7UNX2_ECO27T3SS_Escherichia_coli
t3e:B7A4F0_Escherichia_coli	t3e:B5Z314_Escherichia_coli
t3e:C0SPQ5_Ralstonia_solanacearum	t3e:C0SPQ5_Ralstonia_solanacearum
t3e:C6UUD1_Escherichia_coli_DEC4C	t3e:C6UUD1_Escherichia_coli_DEC4C
t3e:C6UUD1_Escherichia_coli_DEC4C	t3e:ECs_2154_Escherichia_coli
t3e:C6UUD1_Escherichia_coli_DEC4C	t3e:ECs_1996_Escherichia_coli
t3e:D4SQC2_Xanthomonas_citri_pv._aurantifolii_str._ICPB_11122	t3e:D4SQC2_Xanthomonas_citri_pv._aurantifolii_str._ICPB_11122
t3e:D4TA13_Xanthomonas_citri_pv._aurantifolii_str._ICPB_10535	t3e:D4TA13_Xanthomonas_citri_pv._aurantifolii_str._ICPB_10535
t3e:D7I6E6_Pseudomonas_savastanoi_pv._savastanoi	t3e:D7I6E6_Pseudomonas_savastanoi_pv._savastanoi
t3e:D7I6E6_Pseudomonas_savastanoi_pv._savastanoi	t3e:common_HopR1__uniprot_Q888Y1__genbank_AAO54417.1__species_Pseudomonas_syringae_pv._tomato_str._DC3000
t3e:D7I6E6_Pseudomonas_savastanoi_pv._savastanoi	t3e:E2MHF7_Pseudomonas_syringae_pv._tomato_T1
t3e:D7I6E6_Pseudomonas_savastanoi_pv._savastanoi	t3e:Q48Q39_Pseudomonas_savastanoi_pv._phaseolicola_1448A
t3e:E6KYT5_Aggregatibacter_segnis	t3e:E6KYT5_Aggregatibacter_segnis
t3e:E6VPS4_Rhodopseudomonas_palustris	t3e:E6VPS4_Rhodopseudomonas_palustris
t3e:E6VPS4_Rhodopseudomonas_palustris	t3e:B3Q6V9_Rhodopseudomonas_palustris_TIE-1
t3e:E7NZY2_Pseudomonas_savastanoi_pv._glycinea_str._B076	t3e:E7NZY2_Pseudomonas_savastanoi_pv._glycinea_str._B076
t3e:E7NZY2_Pseudomonas_savastanoi_pv._glycinea_str._B076	t3e:F3IDI2_Pseudomonas_amygdali_pv._lachrymans_str._M302278
t3e:E7NZY2_Pseudomonas_savastanoi_pv._glycinea_str._B076	t3e:E7PIM5_Pseudomonas_savastanoi_pv._glycinea_str._race_4
t3e:E7NZY2_Pseudomonas_savastanoi_pv._glycinea_str._B076	t3e:F3DNH1_Pseudomonas_amygdali_pv._aesculi_str._0893_23
t3e:E7NZY2_Pseudomonas_savastanoi_pv._glycinea_str._B076	t3e:F3DTN0_Pseudomonas_avellanae
t3e:E7NZY2_Pseudomonas_savastanoi_pv._glycinea_str._B076	t3e:F3ECT3_Pseudomonas_amygdali_pv._lachrymans
t3e:E7NZY2_Pseudomonas_savastanoi_pv._glycinea_str._B076	t3e:F3F170_Pseudomonas_amygdali_pv._mori_str._301020
t3e:E7NZY2_Pseudomonas_savastanoi_pv._glycinea_str._B076	t3e:F3I2C9_Pseudomonas_syringae_pv._actinidiae_ICMP_9617
t3e:E7NZY2_Pseudomonas_savastanoi_pv._glycinea_str._B076	t3e:F3K3N6_Pseudomonas_amygdali_pv._tabaci_str._6605
t3e:E7P5K0_Pseudomonas_savastanoi_pv._glycinea	t3e:E7P5K0_Pseudomonas_savastanoi_pv._glycinea
t3e:E7P5K0_Pseudomonas_savastanoi_pv._glycinea	t3e:E7PP92_Pseudomonas_savastanoi_pv._phaseolicola
t3e:E7P5K0_Pseudomonas_savastanoi_pv._glycinea	t3e:F3DFE9_Pseudomonas_amygdali
t3e:E7P5K0_Pseudomonas_savastanoi_pv._glycinea	t3e:F3EL96_Pseudomonas_amygdali_pv._lachrymans
t3e:E7P5K0_Pseudomonas_savastanoi_pv._glycinea	t3e:F3JTH9_Pseudomonas_syringae_pv._cerasicola
t3e:E7PCJ5_Pseudomonas_savastanoi_pv._glycinea_str._B076	t3e:E7PCJ5_Pseudomonas_savastanoi_pv._glycinea_str._B076
t3e:E7PCJ5_Pseudomonas_savastanoi_pv._glycinea_str._B076	t3e:F2ZE72_Pseudomonas_coronafaciens_pv._oryzae_str._1_6
t3e:E7PCJ5_Pseudomonas_savastanoi_pv._glycinea_str._B076	t3e:F3CK99_Pseudomonas_savastanoi_pv._glycinea_str._race_4
t3e:E7PCJ5_Pseudomonas_savastanoi_pv._glycinea_str._B076	t3e:F3DP08_Pseudomonas_amygdali
t3e:E7PCJ5_Pseudomonas_savastanoi_pv._glycinea_str._B076	t3e:F3DPC0_Pseudomonas_avellanae
t3e:E7PCJ5_Pseudomonas_savastanoi_pv._glycinea_str._B076	t3e:F3FAX9_Pseudomonas_amygdali_pv._mori_str._301020
t3e:E7PCJ5_Pseudomonas_savastanoi_pv._glycinea_str._B076	t3e:F3INX7_Pseudomonas_amygdali_pv._lachrymans
t3e:E7PIK1_Pseudomonas_savastanoi_pv._glycinea	t3e:E7PIK1_Pseudomonas_savastanoi_pv._glycinea
t3e:E7PIK1_Pseudomonas_savastanoi_pv._glycinea	t3e:tr|C0SPQ3|C0SPQ3_RALSLType_Ralstonia_solanacearum
t3e:E7PIK1_Pseudomonas_savastanoi_pv._glycinea	t3e:D8NGC2_Ralstonia_solanacearum
t3e:F2JYU5_Marinomonas_mediterranea_MMB-1	t3e:F2JYU5_Marinomonas_mediterranea_MMB-1
t3e:F2ZSA5_Pseudomonas_coronafaciens_pv._oryzae	t3e:F2ZSA5_Pseudomonas_coronafaciens_pv._oryzae
t3e:F3C0Z2_Pseudomonas_savastanoi_pv._glycinea_str._race_4	t3e:F3C0Z2_Pseudomonas_savastanoi_pv._glycinea_str._race_4
t3e:F3C0Z2_Pseudomonas_savastanoi_pv._glycinea_str._race_4	t3e:common_HopAS1/HopAY1__genbank_AAX19058.1__uniprot_Q5D158__species_Pseudomonas_savastanoi_pv._phaseolicola_1448A
t3e:F3C0Z2_Pseudomonas_savastanoi_pv._glycinea_str._race_4	t3e:D7I623_Pseudomonas_savastanoi_pv._nerii
t3e:F3C0Z2_Pseudomonas_savastanoi_pv._glycinea_str._race_4	t3e:F3HD29_Pseudomonas_syringae_pv._maculicola
t3e:F3C0Z2_Pseudomonas_savastanoi_pv._glycinea_str._race_4	t3e:common_HopAS1/HopAY1__genbank_AAX19058.1__uniprot_Q5D158__species_Pseudomonas_savastanoi_pv._phaseolicola_1448A
t3e:F3EHY2_Pseudomonas_amygdali_pv._hibisci	t3e:F3EHY2_Pseudomonas_amygdali_pv._hibisci
t3e:F3FPV3_Pseudomonas_syringae_pv._japonica_str._M301072	t3e:F3FPV3_Pseudomonas_syringae_pv._japonica_str._M301072
t3e:F3HEJ8_Pseudomonas_syringae_pv._maculicola_str._ES4326	t3e:F3HEJ8_Pseudomonas_syringae_pv._maculicola_str._ES4326
t3e:F3HEJ8_Pseudomonas_syringae_pv._maculicola_str._ES4326	t3e:tr|E7PKW2|E7PKW2_PSESGType_Pseudomonas_syringae_pv._maculicola
t3e:F3HEJ8_Pseudomonas_syringae_pv._maculicola_str._ES4326	t3e:tr|S6SR13|S6SR13_PSESFType_Pseudomonas_syringae_pv._actinidifoliorum
t3e:F3HEJ8_Pseudomonas_syringae_pv._maculicola_str._ES4326	t3e:E7P9A8_Pseudomonas_savastanoi_pv._glycinea
t3e:F3HEJ8_Pseudomonas_syringae_pv._maculicola_str._ES4326	t3e:F3JWC8_Pseudomonas_amygdali_pv._tabaci
t3e:F3HNQ9_Pseudomonas_syringae_pv._maculicola_str._ES4326	t3e:F3HNQ9_Pseudomonas_syringae_pv._maculicola_str._ES4326
t3e:F3HNQ9_Pseudomonas_syringae_pv._maculicola_str._ES4326	t3e:F3GGL0_Pseudomonas_syringae_pv._pisi_str._1704B
t3e:F3HXE3_Pseudomonas_syringae	t3e:F3HXE3_Pseudomonas_syringae
t3e:F3HXE3_Pseudomonas_syringae	t3e:tr|Q7PC42|Q7PC42_PSEU2Putative_Pseudomonas_syringae
t3e:F3HXE3_Pseudomonas_syringae	t3e:F2ZFE7_Pseudomonas_coronafaciens
t3e:F3HXE3_Pseudomonas_syringae	t3e:F3DRX0_Pseudomonas_syringae_group
t3e:F3JBD7_Pseudomonas_syringae	t3e:F3JBD7_Pseudomonas_syringae
t3e:common_ExoU__uniprot_UPI00106C375A__genbank_WP_134607685.1__species_Pseudomonas_aeruginosa	t3e:common_ExoU__uniprot_UPI00106C375A__genbank_WP_134607685.1__species_Pseudomonas_aeruginosa
t3e:common_ExoU__uniprot_UPI00106C375A__genbank_WP_134607685.1__species_Pseudomonas_aeruginosa	t3e:E2ZQ61_Pseudomonas_aeruginosa_39016
t3e:F6G116_Ralstonia_solanacearum_Po82	t3e:F6G116_Ralstonia_solanacearum_Po82
t3e:F6G1P2_Ralstonia_solanacearum_Po82	t3e:F6G1P2_Ralstonia_solanacearum_Po82
t3e:F6G2T8_Ralstonia_solanacearum	t3e:F6G2T8_Ralstonia_solanacearum
t3e:F6G3K7_Ralstonia_solanacearum_Po82	t3e:F6G3K7_Ralstonia_solanacearum_Po82
t3e:F6GBB5_Ralstonia_solanacearum_Po82	t3e:F6GBB5_Ralstonia_solanacearum_Po82
t3e:F6GBB5_Ralstonia_solanacearum_Po82	t3e:common_rip23__uniprot_B5S514.1__genbank_WP_003276866.1__species__Ralstonia_solanacearum
t3e:F6GBB5_Ralstonia_solanacearum_Po82	t3e:B5SCR2_Ralstonia_solanacearum
t3e:F8FWY9_Pseudomonas_putida	t3e:F8FWY9_Pseudomonas_putida
t3e:G2ZTU3_Ralstonia_syzygii_subsp._celebesensis	t3e:G2ZTU3_Ralstonia_syzygii_subsp._celebesensis
t3e:G2ZTU3_Ralstonia_syzygii_subsp._celebesensis	t3e:RPSI07_mp1569_Ralstonia_solanacearum_PSI07
t3e:G2ZTU3_Ralstonia_syzygii_subsp._celebesensis	t3e:RipTAL_Ralstonia_solanacearum
t3e:G7TD81_Xanthomonas_oryzae	t3e:G7TD81_Xanthomonas_oryzae
t3e:G7TD81_Xanthomonas_oryzae	t3e:D4T0A1_Xanthomonas_citri_pv._aurantifolii
t3e:G7TD81_Xanthomonas_oryzae	t3e:AAM35643.1_Xanthomonas_citri_pv._citri_str._306
t3e:G7TD81_Xanthomonas_oryzae	t3e:XopI_WP_008576800.1_Xanthomonas_perforans
t3e:G7TD81_Xanthomonas_oryzae	t3e:XopI_WP_011346406.1_Xanthomonas
t3e:G7TG77_Xanthomonas_oryzae	t3e:G7TG77_Xanthomonas_oryzae
t3e:G7TH63_Xanthomonas_oryzae	t3e:G7TH63_Xanthomonas_oryzae
t3e:G7TH63_Xanthomonas_oryzae	t3e:tr|Q3BW96|Q3BW96_XANC5Xanthomonas_Xanthomonas_euvesicatoria
t3e:G7TH63_Xanthomonas_oryzae	t3e:D4SRH6_Xanthomonas_citri
t3e:G7TH63_Xanthomonas_oryzae	t3e:G7TH62_Xanthomonas_oryzae
t3e:G7TH63_Xanthomonas_oryzae	t3e:XopP_Xanthomonas_perforans
t3e:Q4ZV88_Pseudomonas_syringae	t3e:Q4ZV88_Pseudomonas_syringae
t3e:common_HopU1/HopPtoS2__uniprot_Q88A91__genbank_AAO54045.1__species_Pseudomonas_syringae_pv._tomato_str._DC3000	t3e:common_HopU1/HopPtoS2__uniprot_Q88A91__genbank_AAO54045.1__species_Pseudomonas_syringae_pv._tomato_str._DC3000
t3e:F3EGS9_Pseudomonas_amygdali_pv._tabaci	t3e:F3EGS9_Pseudomonas_amygdali_pv._tabaci
t3e:F3EGS9_Pseudomonas_amygdali_pv._tabaci	t3e:tr|A0A656GG29|A0A656GG29_PSEA0_Pseudomonas_amygdali_pv._mori
t3e:F3EGS9_Pseudomonas_amygdali_pv._tabaci	t3e:F2ZKN4_Pseudomonas_coronafaciens
t3e:F3JJA6_Pseudomonas_syringae_pv._aceris_str._M302273	t3e:F3JJA6_Pseudomonas_syringae_pv._aceris_str._M302273
t3e:B0RTJ2_Xanthomonas_campestris	t3e:B0RTJ2_Xanthomonas_campestris
t3e:B0RTJ2_Xanthomonas_campestris	t3e:tr|Q3C000|Q3C000_XANC5Avirulence_Xanthomonas_campestris_pv._vesicatoria
t3e:B1EQ19_Escherichia_albertii	t3e:B1EQ19_Escherichia_albertii
t3e:B1EQ19_Escherichia_albertii	t3e:tr|B3Y0U1|B3Y0U1_ECO11T3SS_Escherichia_coli_O111:H-
t3e:B1EQ19_Escherichia_albertii	t3e:tr|B7UR63|B7UR63_ECO27T3SS_Escherichia_coli_O127:H6_(strain_E2348/69_/_EPEC)
t3e:B1EQ19_Escherichia_albertii	t3e:tr|D2TRX8|D2TRX8_CITRIT3SS_Citrobacter_rodentium
t3e:B5BZ46_Salmonella_enterica	t3e:B5BZ46_Salmonella_enterica
t3e:B5BZ46_Salmonella_enterica	t3e:sp|D0ZVG2|SSPH1_SALT1E3_Salmonella_typhimurium
t3e:B5MTV2_Salmonella_enterica_subsp._enterica	t3e:B5MTV2_Salmonella_enterica_subsp._enterica
t3e:B5MTV2_Salmonella_enterica_subsp._enterica	t3e:B4AAL9_Salmonella_enterica_subsp._enterica_serovar_Newport_str._SL317
t3e:B5SE27_Ralstonia_solanacearum	t3e:B5SE27_Ralstonia_solanacearum
t3e:C6UUD2_Escherichia_coli	t3e:C6UUD2_Escherichia_coli
t3e:C6UUD2_Escherichia_coli	t3e:ECs_2155_Escherichia_coli
t3e:C6UUD2_Escherichia_coli	t3e:ECs_1995_Escherichia_coli
t3e:D0ZDK8_Edwardsiella_tarda	t3e:D0ZDK8_Edwardsiella_tarda
t3e:D4T0K6_Xanthomonas_citri_pv._aurantifolii_str._ICPB_11122	t3e:D4T0K6_Xanthomonas_citri_pv._aurantifolii_str._ICPB_11122
t3e:D4T0K6_Xanthomonas_citri_pv._aurantifolii_str._ICPB_11122	t3e:D4SXM1_Xanthomonas_citri_pv._aurantifolii_str._ICPB_11122
t3e:D4T3U6_Xanthomonas_citri_pv._aurantifolii_str._ICPB_10535	t3e:D4T3U6_Xanthomonas_citri_pv._aurantifolii_str._ICPB_10535
t3e:D4T3U6_Xanthomonas_citri_pv._aurantifolii_str._ICPB_10535	t3e:D4TC59_Xanthomonas_citri_pv._aurantifolii_str._ICPB_10535
t3e:D4T719_Xanthomonas_citri_pv._aurantifolii_str._ICPB_10535	t3e:D4T719_Xanthomonas_citri_pv._aurantifolii_str._ICPB_10535
t3e:D4T719_Xanthomonas_citri_pv._aurantifolii_str._ICPB_10535	t3e:D4SW41_Xanthomonas_citri_pv._aurantifolii_str._ICPB_11122
t3e:D4T7D5_Xanthomonas_citri_pv._aurantifolii_str._ICPB_10535	t3e:D4T7D5_Xanthomonas_citri_pv._aurantifolii_str._ICPB_10535
t3e:D4T7S0_Xanthomonas_citri	t3e:D4T7S0_Xanthomonas_citri
t3e:D4T7S0_Xanthomonas_citri	t3e:D4SX58_Xanthomonas_citri
t3e:D4T7S0_Xanthomonas_citri	t3e:AAM38074.1_Xanthomonas_citri_pv._citri_str._306
t3e:D4T7S0_Xanthomonas_citri	t3e:HopO1-1_Xanthomonas_vesicatoria
t3e:D4T7S0_Xanthomonas_citri	t3e:tr|Q3BTM6|Q3BTM6_XANC5Xanthomonas_Xanthomonas_campestris_pv._vesicatoria
t3e:D4TBN9_Xanthomonas_citri	t3e:D4TBN9_Xanthomonas_citri
t3e:D4TBN9_Xanthomonas_citri	t3e:D4SZN5_Xanthomonas_citri_pv._aurantifolii
t3e:D6I939_Escherichia_coli	t3e:D6I939_Escherichia_coli
t3e:D8N2L9_Ralstonia_solanacearum_PSI07	t3e:D8N2L9_Ralstonia_solanacearum_PSI07
t3e:E8I5N4_Escherichia_coli_O157:H-_str._H_2687	t3e:E8I5N4_Escherichia_coli_O157:H-_str._H_2687
t3e:F2ZG44_Pseudomonas_coronafaciens_pv._porri	t3e:F2ZG44_Pseudomonas_coronafaciens_pv._porri
t3e:F2ZG44_Pseudomonas_coronafaciens_pv._porri	t3e:common_HopD2/hopAO1__genbank_AAO33450.1__uniprot_Q79LY0__species_Pseudomonas_syringae_pv._tomato_str._DC3000
t3e:F2ZG44_Pseudomonas_coronafaciens_pv._porri	t3e:F3FAU3_Pseudomonas_amygdali_pv._mori_str._301020
t3e:F2ZG44_Pseudomonas_coronafaciens_pv._porri	t3e:F3DLE0_Pseudomonas_amygdali_pv._aesculi_str._0893_23
t3e:F2ZG44_Pseudomonas_coronafaciens_pv._porri	t3e:hopAO1_WP_002556090.1_Pseudomonas_syringae_group
t3e:F2ZG44_Pseudomonas_coronafaciens_pv._porri	t3e:tr|Q48BE0|Q48BE0_PSE14Type_Pseudomonas_savastanoi_pv._phaseolicola
t3e:F2ZG44_Pseudomonas_coronafaciens_pv._porri	t3e:common_HopD1__uniprot_Q888Y8__genbank_AAO54410.1__species_Pseudomonas_syringae_pv._tomato_str._DC3000
t3e:F2ZG44_Pseudomonas_coronafaciens_pv._porri	t3e:sp|Q8RK06|AVRD1_PSESGEffector_Pseudomonas_savastanoi
t3e:F2ZG44_Pseudomonas_coronafaciens_pv._porri	t3e:sp|Q8RK07|AVRD1_PSESSEffector_Pseudomonas_savastanoi
t3e:F2ZG44_Pseudomonas_coronafaciens_pv._porri	t3e:D7I6E2_Pseudomonas_savastanoi
t3e:F2ZG44_Pseudomonas_coronafaciens_pv._porri	t3e:E2MN17_Pseudomonas_syringae_group
t3e:F2ZG44_Pseudomonas_coronafaciens_pv._porri	t3e:Q08I86_Pseudomonas_syringae_pv._tomato_str._DC3000
t3e:F2ZG44_Pseudomonas_coronafaciens_pv._porri	t3e:HopD1_WP_080438900.1_Pseudomonas_syringae_group
t3e:F3IDP7_Pseudomonas_syringae_group	t3e:F3IDP7_Pseudomonas_syringae_group
t3e:F6G8P4_Ralstonia_solanacearum_Po82	t3e:F6G8P4_Ralstonia_solanacearum_Po82
t3e:F6G8W8_Ralstonia_solanacearum_Po82	t3e:F6G8W8_Ralstonia_solanacearum_Po82
t3e:G4LGR4_Pseudomonas_aeruginosa	t3e:G4LGR4_Pseudomonas_aeruginosa
t3e:G4LGR4_Pseudomonas_aeruginosa	t3e:E3A3D3_Pseudomonas_aeruginosa
t3e:Q8XXI4_Ralstonia_solanacearum_GMI1000	t3e:Q8XXI4_Ralstonia_solanacearum_GMI1000
t3e:D8NDP7_Ralstonia_solanacearum_CMR15	t3e:D8NDP7_Ralstonia_solanacearum_CMR15
t3e:G2ZSQ9_Ralstonia_syzygii	t3e:G2ZSQ9_Ralstonia_syzygii
t3e:D3GUB4_Escherichia_coli	t3e:D3GUB4_Escherichia_coli
t3e:D3GUB4_Escherichia_coli	t3e:F7MTM4_Escherichia_coli
t3e:D3GUB4_Escherichia_coli	t3e:common_EspY3__uniprot_Q8XE85__genbank_WP_000978349.1__species_Escherichia_coli_O157:H7
t3e:D4SZ85_Xanthomonas_citri_pv._aurantifolii_str._ICPB_11122	t3e:D4SZ85_Xanthomonas_citri_pv._aurantifolii_str._ICPB_11122
t3e:D4TA89_Xanthomonas_citri_pv._aurantifolii_str._ICPB_10535	t3e:D4TA89_Xanthomonas_citri_pv._aurantifolii_str._ICPB_10535
t3e:D4TA89_Xanthomonas_citri_pv._aurantifolii_str._ICPB_10535	t3e:D4SQC7_Xanthomonas_citri_pv._aurantifolii_str._ICPB_11122
t3e:D8NHX9_Ralstonia_solanacearum_CMR15	t3e:D8NHX9_Ralstonia_solanacearum_CMR15
t3e:F6G9L3_Ralstonia_solanacearum_Po82	t3e:F6G9L3_Ralstonia_solanacearum_Po82
t3e:G0CKQ9_Xanthomonas_campestris	t3e:G0CKQ9_Xanthomonas_campestris
t3e:G0CKQ9_Xanthomonas_campestris	t3e:common_avrACXcc8004__uniprot_Q4UWF4__genbank_AAY48619.1__species_Xanthomonas_campestris_pv._campestris_str._8004
t3e:G0CKQ9_Xanthomonas_campestris	t3e:XopAC_Xanthomonas_campestris
t3e:G2ZY06_Ralstonia_syzygii_subsp._celebesensis	t3e:G2ZY06_Ralstonia_syzygii_subsp._celebesensis
t3e:G7THN8_Xanthomonas_oryzae_pv._oryzicola_BLS256	t3e:G7THN8_Xanthomonas_oryzae_pv._oryzicola_BLS256
t3e:Q9Z9F5_Chlamydia_pneumoniae	t3e:Q9Z9F5_Chlamydia_pneumoniae
t3e:CAL14209.1_Yersinia_enterocolitica	t3e:CAL14209.1_Yersinia_enterocolitica
t3e:common_YspL__uniprot_A1JI17__genbank_CAL10255.1__species_Yersinia_enterocolitica	t3e:common_YspL__uniprot_A1JI17__genbank_CAL10255.1__species_Yersinia_enterocolitica
t3e:common_YspF__uniprot_A1JM55__genbank_CAL12065.1__species_Yersinia_enterocolitica	t3e:common_YspF__uniprot_A1JM55__genbank_CAL12065.1__species_Yersinia_enterocolitica
t3e:common_YspE__uniprot_A1JI19__genbank_CAL10257.1__species_Yersinia_enterocolitica	t3e:common_YspE__uniprot_A1JI19__genbank_CAL10257.1__species_Yersinia_enterocolitica
t3e:common_YspL__uniprot_A1JRY1__genbank_CAL12491.1__species_Yersinia_enterocolitica	t3e:common_YspL__uniprot_A1JRY1__genbank_CAL12491.1__species_Yersinia_enterocolitica
t3e:CAL12493.1_Yersinia_enterocolitica	t3e:CAL12493.1_Yersinia_enterocolitica
t3e:CAL12493.1_Yersinia_enterocolitica	t3e:sp|D2AJU3|OSPG_SHIF2Protein_Shigella_flexneri_serotype_X_(strain_2002017)
t3e:AAX65982.1_Salmonella_enterica_subsp._enterica_serovar_Choleraesuis_str._SC-B67	t3e:AAX65982.1_Salmonella_enterica_subsp._enterica_serovar_Choleraesuis_str._SC-B67
t3e:WP_012908052_Citrobacter_rodentium	t3e:WP_012908052_Citrobacter_rodentium
t3e:WP_012908052_Citrobacter_rodentium	t3e:tr|B1GVN9|B1GVN9_CITROEspM3_Citrobacter_rodentium
t3e:WP_012908052_Citrobacter_rodentium	t3e:tr|Q9AJW7|Q9AJW7_SHIFLIpgB2_Shigella_flexneri
t3e:WP_012908052_Citrobacter_rodentium	t3e:tr|B3Y1A0|B3Y1A0_ECO11T3SS_Escherichia_coli_O111:H-
t3e:WP_012908052_Citrobacter_rodentium	t3e:ECs_3485_Escherichia_coli
t3e:WP_012908052_Citrobacter_rodentium	t3e:gi|254592186|gb|ACT71547.1|non-LEE-encoded_Escherichia_coli
t3e:WP_012908052_Citrobacter_rodentium	t3e:C6URF9_Escherichia_coli
t3e:WP_012905490_Citrobacter_rodentium	t3e:WP_012905490_Citrobacter_rodentium
t3e:WP_012905490_Citrobacter_rodentium	t3e:tr|Q8X782|Q8X782_ECO57Uncharacterized_Escherichia_coli
t3e:WP_012908743_Citrobacter_rodentium	t3e:WP_012908743_Citrobacter_rodentium
t3e:WP_012908743_Citrobacter_rodentium	t3e:C6UUW9_Escherichia_coli_O157:H7
t3e:WP_012906143_Citrobacter_rodentium	t3e:WP_012906143_Citrobacter_rodentium
t3e:WP_012908051_Citrobacter_rodentium	t3e:WP_012908051_Citrobacter_rodentium
t3e:WP_012908051_Citrobacter_rodentium	t3e:C6URG0_Escherichia_coli
t3e:WP_012908051_Citrobacter_rodentium	t3e:C6USQ9_Escherichia_coli_O157:H7
t3e:WP_012908650_Citrobacter_rodentium	t3e:WP_012908650_Citrobacter_rodentium
t3e:common_NleN__uniprot_D2TRX6__genbank_WP_012908739__species_Citrobacter_rodentium_ICC168	t3e:common_NleN__uniprot_D2TRX6__genbank_WP_012908739__species_Citrobacter_rodentium_ICC168
t3e:common_NleO__uniprot_D2TI13__genbank_WP_012908044__species_Citrobacter_rodentium_ICC168	t3e:common_NleO__uniprot_D2TI13__genbank_WP_012908044__species_Citrobacter_rodentium_ICC168
t3e:ECs_1561_Escherichia_coli	t3e:ECs_1561_Escherichia_coli
t3e:common_OspI__uniprot_Q8VSD5__genbank_WP_010921709.1__species_Shigella_flexneri	t3e:common_OspI__uniprot_Q8VSD5__genbank_WP_010921709.1__species_Shigella_flexneri
t3e:H6S51_RS00590_Shigella_flexneri_5a_str._M90T	t3e:H6S51_RS00590_Shigella_flexneri_5a_str._M90T
t3e:H6S51_RS00590_Shigella_flexneri_5a_str._M90T	t3e:tr|Q326T5|Q326T5_SHIDSIpaJ_Shigella_dysenteriae_Sd197
t3e:H6S51_RS00055_Shigella_flexneri_5a_str._M90T	t3e:H6S51_RS00055_Shigella_flexneri_5a_str._M90T
t3e:H6S51_RS00055_Shigella_flexneri_5a_str._M90T	t3e:tr|D2AJ54|D2AJ54_SHIF2OspD2_Shigella_flexneri
t3e:common_xopXccN__uniprot_A0A0H2X2M3__genbank_AAY47328.1__species_Xanthomonas_campestris_pv._campestris_str._8004	t3e:common_xopXccN__uniprot_A0A0H2X2M3__genbank_AAY47328.1__species_Xanthomonas_campestris_pv._campestris_str._8004
t3e:common_XopXccP__uniprot_A0A0H2XB85__genbank_AAY50042.1__species_Xanthomonas_campestris_pv._campestris_str._8004	t3e:common_XopXccP__uniprot_A0A0H2XB85__genbank_AAY50042.1__species_Xanthomonas_campestris_pv._campestris_str._8004
t3e:common_XopXccP__uniprot_A0A0H2XB85__genbank_AAY50042.1__species_Xanthomonas_campestris_pv._campestris_str._8004	t3e:G0CIT6_Xanthomonas_campestris
t3e:common_XopXccE1__uniprot_A0A0H2X9N7__genbank_AAY50043.1__species_Xanthomonas_campestris_pv._campestris_str._8004	t3e:common_XopXccE1__uniprot_A0A0H2X9N7__genbank_AAY50043.1__species_Xanthomonas_campestris_pv._campestris_str._8004
t3e:common_XopXccE1__uniprot_A0A0H2X9N7__genbank_AAY50043.1__species_Xanthomonas_campestris_pv._campestris_str._8004	t3e:G0CIT5_Xanthomonas_campestris_pv._incanae
t3e:common_XopXccR1__uniprot_A0A0H2XBQ0__genbank_AAY50204.1__species_Xanthomonas_campestris_pv._campestris_str._8004	t3e:common_XopXccR1__uniprot_A0A0H2XBQ0__genbank_AAY50204.1__species_Xanthomonas_campestris_pv._campestris_str._8004
t3e:common_XopXccR1__uniprot_A0A0H2XBQ0__genbank_AAY50204.1__species_Xanthomonas_campestris_pv._campestris_str._8004	t3e:XopAM_WP_006452218.1_Xanthomonas_hortorum
t3e:common_XopXccR1__uniprot_A0A0H2XBQ0__genbank_AAY50204.1__species_Xanthomonas_campestris_pv._campestris_str._8004	t3e:XopAM_AAM40388.1_Xanthomonas_campestris_pv._campestris_str._ATCC_33913
t3e:common_AvrXccB__uniprot_A0A0H2XDD4__genbank_AAY50842.1__species_Xanthomonas_campestris_pv._campestris_str._8004	t3e:common_AvrXccB__uniprot_A0A0H2XDD4__genbank_AAY50842.1__species_Xanthomonas_campestris_pv._campestris_str._8004
t3e:common_AvrXccB__uniprot_A0A0H2XDD4__genbank_AAY50842.1__species_Xanthomonas_campestris_pv._campestris_str._8004	t3e:D4T3J1_Xanthomonas_citri_pv._aurantifolii_str._ICPB_10535
t3e:AAY50050.1_Xanthomonas_campestris	t3e:AAY50050.1_Xanthomonas_campestris
t3e:AAY50071.1_Xanthomonas_campestris	t3e:AAY50071.1_Xanthomonas_campestris
t3e:AAY49067.1_Xanthomonas_campestris	t3e:AAY49067.1_Xanthomonas_campestris
t3e:AAY49067.1_Xanthomonas_campestris	t3e:A2BCU4_Pseudomonas_savastanoi_pv._phaseolicola
t3e:AAY49067.1_Xanthomonas_campestris	t3e:P13836_Pseudomonas_savastanoi_pv._glycinea
t3e:AAY48282.1_Xanthomonas_campestris	t3e:AAY48282.1_Xanthomonas_campestris
t3e:AAY50072.1_Xanthomonas_campestris	t3e:AAY50072.1_Xanthomonas_campestris
t3e:AAY48279.1_Xanthomonas_campestris_pv._campestris_str._ATCC_33913	t3e:AAY48279.1_Xanthomonas_campestris_pv._campestris_str._ATCC_33913
t3e:AAY47622.1_Xanthomonas_campestris_pv._campestris_str._ATCC_33913	t3e:AAY47622.1_Xanthomonas_campestris_pv._campestris_str._ATCC_33913
t3e:AAY49265.1_Xanthomonas_campestris_pv._campestris_str._ATCC_33913	t3e:AAY49265.1_Xanthomonas_campestris_pv._campestris_str._ATCC_33913
t3e:AAY48782.1_Xanthomonas_campestris	t3e:AAY48782.1_Xanthomonas_campestris
t3e:AAY50040.1_Xanthomonas_campestris	t3e:AAY50040.1_Xanthomonas_campestris
t3e:AAY47623.1_Xanthomonas_campestris_pv._campestris_str._ATCC_33913	t3e:AAY47623.1_Xanthomonas_campestris_pv._campestris_str._ATCC_33913
t3e:common_XC_3176__uniprot_A0A0H2X9U1__genbank_AAY50220.1__species_Xanthomonas_campestris_pv._campestris_str._8004	t3e:common_XC_3176__uniprot_A0A0H2X9U1__genbank_AAY50220.1__species_Xanthomonas_campestris_pv._campestris_str._8004
t3e:AAY51353.1_Xanthomonas_campestris	t3e:AAY51353.1_Xanthomonas_campestris
t3e:AAM38068.1_Xanthomonas_citri_pv._citri_str._306	t3e:AAM38068.1_Xanthomonas_citri_pv._citri_str._306
t3e:AAM38068.1_Xanthomonas_citri_pv._citri_str._306	t3e:D4STP9_Xanthomonas_citri_pv._aurantifolii
t3e:AAM38068.1_Xanthomonas_citri_pv._citri_str._306	t3e:G4U4P3_Xanthomonas_arboricola
t3e:AAM39048.1_Xanthomonas_citri_pv._citri	t3e:AAM39048.1_Xanthomonas_citri_pv._citri
t3e:AAM35284.1_Xanthomonas_citri_pv._citri_str._306	t3e:AAM35284.1_Xanthomonas_citri_pv._citri_str._306
t3e:AAM35284.1_Xanthomonas_citri_pv._citri_str._306	t3e:G7TAD4_Xanthomonas_oryzae_pv._oryzicola_BLS256
t3e:AAM38509.1_Xanthomonas_citri_pv._citri_str._306	t3e:AAM38509.1_Xanthomonas_citri_pv._citri_str._306
t3e:AAM36043.1_Xanthomonas_citri	t3e:AAM36043.1_Xanthomonas_citri
t3e:AAM36044.1_Xanthomonas_citri_pv._citri_str._306	t3e:AAM36044.1_Xanthomonas_citri_pv._citri_str._306
t3e:AAM36044.1_Xanthomonas_citri_pv._citri_str._306	t3e:tr|Q3BWD5|Q3BWD5_XANC5_Xanthomonas_campestris_pv._vesicatoria_str._85-10
t3e:CAJ22929.1_Xanthomonas_campestris_pv._vesicatoria_str._85-10	t3e:CAJ22929.1_Xanthomonas_campestris_pv._vesicatoria_str._85-10
t3e:CAJ26159.1_Xanthomonas_campestris_pv._vesicatoria_str._85-10	t3e:CAJ26159.1_Xanthomonas_campestris_pv._vesicatoria_str._85-10
t3e:CAJ26159.1_Xanthomonas_campestris_pv._vesicatoria_str._85-10	t3e:G7TIM2_Xanthomonas_oryzae_pv._oryzicola
t3e:YP_233875.1_Pseudomonas_syringae_pv._syringae_B728a	t3e:YP_233875.1_Pseudomonas_syringae_pv._syringae_B728a
t3e:YP_233875.1_Pseudomonas_syringae_pv._syringae_B728a	t3e:common_HopAH1__uniprot_Q888W1__genbank_AAO54439.1__species_Pseudomonas_syringae_pv._tomato_str._DC3000
t3e:YP_233875.1_Pseudomonas_syringae_pv._syringae_B728a	t3e:E2MHD8_Pseudomonas_syringae_pv._tomato
t3e:ABA41454.1_Pseudomonas_syringae_pv._maculicola	t3e:ABA41454.1_Pseudomonas_syringae_pv._maculicola
t3e:EPF65342.1_Pseudomonas_syringae	t3e:EPF65342.1_Pseudomonas_syringae
t3e:EPF65342.1_Pseudomonas_syringae	t3e:tr|A0A2S4I4K0|A0A2S4I4K0_PSEA0_Pseudomonas_syringae_group
t3e:EPF65342.1_Pseudomonas_syringae	t3e:tr|A0A1H1MQF9|A0A1H1MQF9_PSESX_Pseudomonas_syringae
t3e:EPF65342.1_Pseudomonas_syringae	t3e:tr|F3IJ53|F3IJ53_PSEAVType_Pseudomonas_syringae_group
t3e:EPF65342.1_Pseudomonas_syringae	t3e:sp|Q08370|HRMA_PSESYProtein_Pseudomonas_syringae
t3e:EPF65342.1_Pseudomonas_syringae	t3e:common_HopA1__uniprot_Q87UE5__genbank_AAO58779.1__species_Pseudomonas_syringae_pv._tomato_str._DC3000
t3e:EPF65342.1_Pseudomonas_syringae	t3e:tr|S6W322|S6W322_PSESFType_Pseudomonas_syringae
t3e:EPF65342.1_Pseudomonas_syringae	t3e:F3EA95_Pseudomonas_amygdali
t3e:EPF65342.1_Pseudomonas_syringae	t3e:common_HOPA1__genbank__WP_002556172.1__species_Pseudomonas_savastanoi_pv._savastanoi_NCPPB_3335
t3e:EPF65342.1_Pseudomonas_syringae	t3e:tr|F3G1H5|F3G1H5_PSESJType_Pseudomonas_syringae_pv._pisi_str._1704B
t3e:HopAY1_WP_196766517.1_Pantoea_agglomerans	t3e:HopAY1_WP_196766517.1_Pantoea_agglomerans
t3e:pseB_Pantoea_agglomerans	t3e:pseB_Pantoea_agglomerans
t3e:pthGPAB_Pantoea_agglomerans	t3e:pthGPAB_Pantoea_agglomerans
t3e:pthGPAB_Pantoea_agglomerans	t3e:tr|O85666|O85666_PANAYPthG_Pantoea_agglomerans
t3e:DspA-E_Pantoea_agglomerans	t3e:DspA-E_Pantoea_agglomerans
t3e:DspA-E_Pantoea_agglomerans	t3e:DspA/E_Pantoea_agglomerans
t3e:DspA-E_Pantoea_agglomerans	t3e:E3DFP3_Erwinia_sp._Ejp617
t3e:DspA-E_Pantoea_agglomerans	t3e:common_DspA/E__genbank_WP_004155375.1__uniprot_O54581__species_Erwinia_amylovora
t3e:DspA-E_Pantoea_agglomerans	t3e:D0FW01_Erwinia_pyrifoliae
t3e:HopAF_Pantoea_agglomerans	t3e:HopAF_Pantoea_agglomerans
t3e:HopAF_Pantoea_agglomerans	t3e:D7HX72_Pseudomonas_savastanoi
t3e:HopAF_Pantoea_agglomerans	t3e:common_HopAF1__genbank_AAO55088.1__uniprot_Q886L1__species_Pseudomonas_syringae_pv._tomato_str._DC3000
t3e:HopAF_Pantoea_agglomerans	t3e:D7HX67_Pseudomonas_syringae_pv._rhaphiolepidis
t3e:HopAF_Pantoea_agglomerans	t3e:E2MFS6_Pseudomonas_syringae_pv._tomato
t3e:HopAF_Pantoea_agglomerans	t3e:G4XKY6_Pseudomonas_savastanoi_pv._glycinea
t3e:HopAF_Pantoea_agglomerans	t3e:Q48LM3_Pseudomonas_savastanoi_pv._phaseolicola
t3e:HopAF_Pantoea_agglomerans	t3e:Q4ZPS9_Pseudomonas_syringae_pv._syringae_B728a
t3e:BAE66792.1_Xanthomonas_oryzae_pv._oryzae_MAFF_311018	t3e:BAE66792.1_Xanthomonas_oryzae_pv._oryzae_MAFF_311018
t3e:BAE66792.1_Xanthomonas_oryzae_pv._oryzae_MAFF_311018	t3e:G7T9P9_Xanthomonas_oryzae_pv._oryzicola_BLS256
t3e:BAE68243.1_Xanthomonas_oryzae_pv._oryzae_MAFF_311018	t3e:BAE68243.1_Xanthomonas_oryzae_pv._oryzae_MAFF_311018
t3e:BAE68243.1_Xanthomonas_oryzae_pv._oryzae_MAFF_311018	t3e:G7TDQ2_Xanthomonas_oryzae_pv._oryzicola_BLS256
t3e:BAE68965.1_Xanthomonas_oryzae_pv._oryzae_MAFF_311018	t3e:BAE68965.1_Xanthomonas_oryzae_pv._oryzae_MAFF_311018
t3e:BAE69632.1_Xanthomonas_oryzae	t3e:BAE69632.1_Xanthomonas_oryzae
t3e:ACCM_2045_Acidovorax_citrulli	t3e:ACCM_2045_Acidovorax_citrulli
t3e:ACCM_1921_Acidovorax_citrulli	t3e:ACCM_1921_Acidovorax_citrulli
t3e:ACCM_2156_Acidovorax_citrulli	t3e:ACCM_2156_Acidovorax_citrulli
t3e:ACCM_2228_Acidovorax_citrulli	t3e:ACCM_2228_Acidovorax_citrulli
t3e:ACCM_2313_Acidovorax_citrulli	t3e:ACCM_2313_Acidovorax_citrulli
t3e:ACCM_2799_Acidovorax_citrulli	t3e:ACCM_2799_Acidovorax_citrulli
t3e:ACCM_3109_Acidovorax_citrulli	t3e:ACCM_3109_Acidovorax_citrulli
t3e:ACCM_3261_Acidovorax_citrulli	t3e:ACCM_3261_Acidovorax_citrulli
t3e:ACCM_3288_Acidovorax_citrulli	t3e:ACCM_3288_Acidovorax_citrulli
t3e:ACCM_3289_Acidovorax_citrulli	t3e:ACCM_3289_Acidovorax_citrulli
t3e:ACCM_0178_Acidovorax_citrulli	t3e:ACCM_0178_Acidovorax_citrulli
t3e:ACCM_4113_Acidovorax_citrulli	t3e:ACCM_4113_Acidovorax_citrulli
t3e:ACCM_3930_Acidovorax_citrulli	t3e:ACCM_3930_Acidovorax_citrulli
t3e:ACCM_0502_Acidovorax_citrulli	t3e:ACCM_0502_Acidovorax_citrulli
t3e:ACCM_0542_Acidovorax_citrulli	t3e:ACCM_0542_Acidovorax_citrulli
t3e:ACCM_0542_Acidovorax_citrulli	t3e:F3HPU1_Pseudomonas_syringae_group
t3e:ACCM_0885_Acidovorax_citrulli	t3e:ACCM_0885_Acidovorax_citrulli
t3e:ACCM_1433_Acidovorax_citrulli	t3e:ACCM_1433_Acidovorax_citrulli
t3e:ACCM_1627_Acidovorax_citrulli	t3e:ACCM_1627_Acidovorax_citrulli
t3e:ACCM_0030_Acidovorax_citrulli	t3e:ACCM_0030_Acidovorax_citrulli
t3e:ACCM_0030_Acidovorax_citrulli	t3e:C5ALT8_Burkholderia_glumae
t3e:ACCM_0167_Acidovorax_citrulli	t3e:ACCM_0167_Acidovorax_citrulli
t3e:ACCM_0492_Acidovorax_citrulli	t3e:ACCM_0492_Acidovorax_citrulli
t3e:ACCM_0506_Acidovorax_citrulli	t3e:ACCM_0506_Acidovorax_citrulli
t3e:ACCM_0658_Acidovorax_citrulli	t3e:ACCM_0658_Acidovorax_citrulli
t3e:ACCM_0664_Acidovorax_citrulli	t3e:ACCM_0664_Acidovorax_citrulli
t3e:ACCM_1023_Acidovorax_citrulli	t3e:ACCM_1023_Acidovorax_citrulli
t3e:ACCM_1255_Acidovorax_citrulli	t3e:ACCM_1255_Acidovorax_citrulli
t3e:ACCM_1482_Acidovorax_citrulli	t3e:ACCM_1482_Acidovorax_citrulli
t3e:ACCM_1634_Acidovorax_citrulli	t3e:ACCM_1634_Acidovorax_citrulli
t3e:ACCM_1657_Acidovorax_citrulli_AAC00-1	t3e:ACCM_1657_Acidovorax_citrulli_AAC00-1
t3e:ACCM_1658_Acidovorax_citrulli	t3e:ACCM_1658_Acidovorax_citrulli
t3e:ACCM_1760_Acidovorax_citrulli_AAC00-1	t3e:ACCM_1760_Acidovorax_citrulli_AAC00-1
t3e:ACCM_1966_Acidovorax_citrulli	t3e:ACCM_1966_Acidovorax_citrulli
t3e:ACCM_2122_Acidovorax_citrulli	t3e:ACCM_2122_Acidovorax_citrulli
t3e:ACCM_2287_Acidovorax_citrulli	t3e:ACCM_2287_Acidovorax_citrulli
t3e:ACCM_2345_Acidovorax_citrulli	t3e:ACCM_2345_Acidovorax_citrulli
t3e:ACCM_2589_Acidovorax_citrulli	t3e:ACCM_2589_Acidovorax_citrulli
t3e:ACCM_3252_Acidovorax_citrulli	t3e:ACCM_3252_Acidovorax_citrulli
t3e:ACCM_3303_Acidovorax_citrulli	t3e:ACCM_3303_Acidovorax_citrulli
t3e:ACCM_3344_Acidovorax_citrulli_AAC00-1	t3e:ACCM_3344_Acidovorax_citrulli_AAC00-1
t3e:ACCM_3909_Acidovorax_citrulli_AAC00-1	t3e:ACCM_3909_Acidovorax_citrulli_AAC00-1
t3e:ACCM_4070_Acidovorax_citrulli	t3e:ACCM_4070_Acidovorax_citrulli
t3e:ACCM_4101_Acidovorax_citrulli	t3e:ACCM_4101_Acidovorax_citrulli
t3e:ACCM_4112_Acidovorax_citrulli	t3e:ACCM_4112_Acidovorax_citrulli
t3e:ACCM_4317_Acidovorax_citrulli	t3e:ACCM_4317_Acidovorax_citrulli
t3e:ACCM_1209_Acidovorax_citrulli	t3e:ACCM_1209_Acidovorax_citrulli
t3e:ACCM_1676_Acidovorax_citrulli	t3e:ACCM_1676_Acidovorax_citrulli
t3e:ACCM_2229_Acidovorax_citrulli	t3e:ACCM_2229_Acidovorax_citrulli
t3e:ACCM_2767_Acidovorax_citrulli	t3e:ACCM_2767_Acidovorax_citrulli
t3e:CEO91485.1_Sinorhizobium_fredii_HH103	t3e:CEO91485.1_Sinorhizobium_fredii_HH103
t3e:AWS20424.1_Bradyrhizobium_sp.	t3e:AWS20424.1_Bradyrhizobium_sp.
t3e:ANU04583.1_Bradyrhizobium_sp.	t3e:ANU04583.1_Bradyrhizobium_sp.
t3e:BAU89920.1_Methylorubrum_populi	t3e:BAU89920.1_Methylorubrum_populi
t3e:BBJ34157.1_Bradyrhizobium_elkanii_USDA_61	t3e:BBJ34157.1_Bradyrhizobium_elkanii_USDA_61
t3e:BBJ34157.1_Bradyrhizobium_elkanii_USDA_61	t3e:tr|Q79UN8|Q79UN8_BRADUBll1862_Bradyrhizobium_diazoefficiens_
t3e:AGH09924.1_Sinorhizobium/Ensifer_group	t3e:AGH09924.1_Sinorhizobium/Ensifer_group
t3e:AGH09924.1_Sinorhizobium/Ensifer_group	t3e:sp|P55704|NOPL_SINFNNodulation_Sinorhizobium_fredii
t3e:SPP97830.1_Bradyrhizobium_vignae	t3e:SPP97830.1_Bradyrhizobium_vignae
t3e:WP_097587933.1_Sinorhizobium_fredii	t3e:WP_097587933.1_Sinorhizobium_fredii
t3e:WP_097587933.1_Sinorhizobium_fredii	t3e:sp|P55724|NOPP_SINFNEffector_Sinorhizobium_fredii
t3e:WP_097587933.1_Sinorhizobium_fredii	t3e:tr|Q50EL2|Q50EL2_RHIFRNopP_Sinorhizobium_fredii
t3e:BBA94277.1_Bradyrhizobium_diazoefficiens	t3e:BBA94277.1_Bradyrhizobium_diazoefficiens
t3e:SFV18823.1_Bradyrhizobium_arachidis	t3e:SFV18823.1_Bradyrhizobium_arachidis
t3e:SFV18823.1_Bradyrhizobium_arachidis	t3e:sp|Q9AMW4|Y2058_BRADUPutative_Bradyrhizobium_diazoefficiens
t3e:AGH09914.1_Sinorhizobium/Ensifer_group	t3e:AGH09914.1_Sinorhizobium/Ensifer_group
t3e:AGH09914.1_Sinorhizobium/Ensifer_group	t3e:tr|Q89TW7|Q89TW7_BRADUBlr1656_Bradyrhizobium_diazoefficiens
t3e:AGH09980.1_Bradyrhizobium_japonicum	t3e:AGH09980.1_Bradyrhizobium_japonicum
t3e:BAB52641.1_Mesorhizobium_japonicum_MAFF_303099	t3e:BAB52641.1_Mesorhizobium_japonicum_MAFF_303099
t3e:BAB52669.1_Mesorhizobium_japonicum_MAFF_303099	t3e:BAB52669.1_Mesorhizobium_japonicum_MAFF_303099
t3e:BBI37140.1_Bradyrhizobium_elkanii	t3e:BBI37140.1_Bradyrhizobium_elkanii
t3e:CMR15v4_mp20105-CMR15v4_mp20106_Ralstonia_solanacearum_CMR15	t3e:CMR15v4_mp20105-CMR15v4_mp20106_Ralstonia_solanacearum_CMR15
t3e:CMR15v4_mp20105-CMR15v4_mp20106_Ralstonia_solanacearum_CMR15	t3e:common_rip56__uniprot_Q8XR44__genbank_CAD18175.2__species__Ralstonia_solanacearum
t3e:RPSI07_mp1022_Ralstonia_solanacearum_PSI07	t3e:RPSI07_mp1022_Ralstonia_solanacearum_PSI07
t3e:RPSI07_mp1022_Ralstonia_solanacearum_PSI07	t3e:tr|D8P4R3|D8P4R3_RALSLAWR5_Ralstonia_solanacearum_CFBP2957
t3e:RPSI07_mp1022_Ralstonia_solanacearum_PSI07	t3e:B5S592_Ralstonia_solanacearum
t3e:RPSI07_mp1022_Ralstonia_solanacearum_PSI07	t3e:F6G9L0_Ralstonia_solanacearum_Po82
t3e:RPSI07_mp1022_Ralstonia_solanacearum_PSI07	t3e:RCFBP_mp20473_Ralstonia_solanacearum_CFBP2957
t3e:RPSI07_mp1022_Ralstonia_solanacearum_PSI07	t3e:RSPO_m01289-RSPO_m01290_Ralstonia_solanacearum_Po82_
t3e:RPSI07_mp1273_Ralstonia_solanacearum_PSI07	t3e:RPSI07_mp1273_Ralstonia_solanacearum_PSI07
t3e:RPSI07_mp1273_Ralstonia_solanacearum_PSI07	t3e:CMR15v4_mp20344_Ralstonia_solanacearum_CMR15
t3e:RPSI07_mp1273_Ralstonia_solanacearum_PSI07	t3e:common_rip62__uniprot_Q8XQI6__genbank_CAD18390.2__species__Ralstonia_solanacearum
t3e:RCFBP_mp20032_Ralstonia_solanacearum_CFBP2957	t3e:RCFBP_mp20032_Ralstonia_solanacearum_CFBP2957
t3e:RPSI07_mp0284_Ralstonia_solanacearum_PSI07	t3e:RPSI07_mp0284_Ralstonia_solanacearum_PSI07
t3e:RPSI07_mp0284_Ralstonia_solanacearum_PSI07	t3e:RCFBP_mp10324_Ralstonia_solanacearum_CFBP2957
t3e:RPSI07_mp0284_Ralstonia_solanacearum_PSI07	t3e:CMR15v4_mp10274_Ralstonia_solanacearum_CMR15
t3e:RPSI07_mp0284_Ralstonia_solanacearum_PSI07	t3e:common_rip34__uniprot_Q8XT13__genbank_CAD17455.1__species__Ralstonia_solanacearum
t3e:RPSI07_mp0284_Ralstonia_solanacearum_PSI07	t3e:B5S9K4_Ralstonia_solanacearum
t3e:RPSI07_mp0284_Ralstonia_solanacearum_PSI07	t3e:B5SAA9_Ralstonia_solanacearum
t3e:RPSI07_mp0284_Ralstonia_solanacearum_PSI07	t3e:F6GBL5_Ralstonia_solanacearum
t3e:RPSI07_1845_Ralstonia_solanacearum_PSI07	t3e:RPSI07_1845_Ralstonia_solanacearum_PSI07
t3e:RSPO_c00070_Ralstonia_solanacearum_Po82_	t3e:RSPO_c00070_Ralstonia_solanacearum_Po82_
t3e:RSPO_c00070_Ralstonia_solanacearum_Po82_	t3e:F6G5V8_Ralstonia_solanacearum_Po82
t3e:RSPO_c00070_Ralstonia_solanacearum_Po82_	t3e:B5RXF6_Ralstonia_solanacearum
t3e:RSPO_c00070_Ralstonia_solanacearum_Po82_	t3e:RCFBP_10094_Ralstonia_solanacearum_CFBP2957
t3e:RSPO_c00070_Ralstonia_solanacearum_Po82_	t3e:CMR15v4_10099_Ralstonia_solanacearum_CMR15
t3e:RSPO_c00070_Ralstonia_solanacearum_Po82_	t3e:tr|C0SPQ1|C0SPQ1_RALSLType_Ralstonia_solanacearum
t3e:RSPO_c00070_Ralstonia_solanacearum_Po82_	t3e:common_rip26__uniprot_Q8XU25__genbank_WP_011003250.1__species__Ralstonia_solanacearum
t3e:RSPO_c00070_Ralstonia_solanacearum_Po82_	t3e:RPSI07_0072_Ralstonia_solanacearum_PSI07
t3e:RSPO_c02513_Ralstonia_solanacearum_Po82_	t3e:RSPO_c02513_Ralstonia_solanacearum_Po82_
t3e:RSPO_c02513_Ralstonia_solanacearum_Po82_	t3e:RCFBP_mp10565_Ralstonia_solanacearum_CFBP2957
t3e:RSPO_c02513_Ralstonia_solanacearum_Po82_	t3e:CMR15v4_mp10526-CMR15v4_mp10525_Ralstonia_solanacearum_CMR15
t3e:RSp1555_Ralstonia_solanacearum_GMI1000	t3e:RSp1555_Ralstonia_solanacearum_GMI1000
t3e:RSp1555_Ralstonia_solanacearum_GMI1000	t3e:CMR15v4_mp30202_Ralstonia_solanacearum_CMR15
t3e:RSp1555_Ralstonia_solanacearum_GMI1000	t3e:CMR15v4_mp10884_Ralstonia_solanacearum_CMR15
t3e:RSp1555_Ralstonia_solanacearum_GMI1000	t3e:RCFBP_mp30438_Ralstonia_solanacearum_CFBP2957
t3e:RSp1555_Ralstonia_solanacearum_GMI1000	t3e:RSp0900_Ralstonia_solanacearum_GMI1000
t3e:RSp1555_Ralstonia_solanacearum_GMI1000	t3e:RPSI07_mp1659_Ralstonia_solanacearum_PSI07
t3e:RSp1555_Ralstonia_solanacearum_GMI1000	t3e:RSPO_m01541_Ralstonia_solanacearum_Po82_
t3e:RSp1555_Ralstonia_solanacearum_GMI1000	t3e:ripF1_Ralstonia_solanacearum
t3e:RPSI07_mp1050_Ralstonia_solanacearum_PSI07	t3e:RPSI07_mp1050_Ralstonia_solanacearum_PSI07
t3e:RPSI07_mp1050_Ralstonia_solanacearum_PSI07	t3e:RPSI07_mp1048_Ralstonia_solanacearum_PSI07
t3e:RPSI07_mp1050_Ralstonia_solanacearum_PSI07	t3e:Q68A35_Ralstonia_solanacearum
t3e:RPSI07_mp1050_Ralstonia_solanacearum_PSI07	t3e:common_rip53__uniprot_Q8XRE0__genbank_CAD18065.1_species__Ralstonia_solanacearum
t3e:RPSI07_mp1050_Ralstonia_solanacearum_PSI07	t3e:RipG1_Ralstonia_pseudosolanacearum
t3e:CMR15v4_mp10641_Ralstonia_solanacearum_CMR15	t3e:CMR15v4_mp10641_Ralstonia_solanacearum_CMR15
t3e:CMR15v4_mp10641_Ralstonia_solanacearum_CMR15	t3e:common_rip37__uniprot_Q8XS09__genbank_WP_043876830.1__species__Ralstonia_solanacearum
t3e:CMR15v4_11805_Ralstonia_solanacearum_CMR15	t3e:CMR15v4_11805_Ralstonia_solanacearum_CMR15
t3e:CMR15v4_11805_Ralstonia_solanacearum_CMR15	t3e:common_rip17__uniprot_Q8XYF8__genbank_CAD15502.2__species__Ralstonia_solanacearum
t3e:CMR15v4_11806_Ralstonia_solanacearum_CMR15	t3e:CMR15v4_11806_Ralstonia_solanacearum_CMR15
t3e:CMR15v4_11806_Ralstonia_solanacearum_CMR15	t3e:common_rip18__uniprot_Q8XYF7__genbank_CAD15503.2__species__Ralstonia_solanacearum
t3e:CMR15v4_20568_Ralstonia_solanacearum_CMR15	t3e:CMR15v4_20568_Ralstonia_solanacearum_CMR15
t3e:CMR15v4_20568_Ralstonia_solanacearum_CMR15	t3e:D8N4V9_Ralstonia_solanacearum
t3e:CMR15v4_20568_Ralstonia_solanacearum_CMR15	t3e:D8NU53_Ralstonia_solanacearum
t3e:CMR15v4_20568_Ralstonia_solanacearum_CMR15	t3e:common_rip14__uniprot_Q8XZN8__genbank_CAD15059.1__species__Ralstonia_solanacearum
t3e:CMR15v4_20568_Ralstonia_solanacearum_CMR15	t3e:RPSI07_2009_Ralstonia_solanacearum_PSI07
t3e:CMR15v4_20568_Ralstonia_solanacearum_CMR15	t3e:ripG7_Ralstonia_solanacearum
t3e:CMR15v4_20568_Ralstonia_solanacearum_CMR15	t3e:B5S085_Ralstonia_solanacearum_MolK2
t3e:CMR15v4_20568_Ralstonia_solanacearum_CMR15	t3e:B5SLJ6_Ralstonia_solanacearum
t3e:CMR15v4_20568_Ralstonia_solanacearum_CMR15	t3e:D8NJP5_Ralstonia_solanacearum_CFBP2957
t3e:CMR15v4_20568_Ralstonia_solanacearum_CMR15	t3e:F6G213_Ralstonia_solanacearum_Po82
t3e:CMR15v4_20568_Ralstonia_solanacearum_CMR15	t3e:RCFBP_20072_Ralstonia_solanacearum_CFBP2957
t3e:CMR15v4_20568_Ralstonia_solanacearum_CMR15	t3e:B5S4F6_Ralstonia_solanacearum
t3e:CMR15v4_20568_Ralstonia_solanacearum_CMR15	t3e:B5SCC6_Ralstonia_solanacearum
t3e:CMR15v4_20568_Ralstonia_solanacearum_CMR15	t3e:D8N0U1_Ralstonia_solanacearum
t3e:CMR15v4_20568_Ralstonia_solanacearum_CMR15	t3e:D8P3Q5_Ralstonia_solanacearum
t3e:CMR15v4_20568_Ralstonia_solanacearum_CMR15	t3e:F6GAC9_Ralstonia_solanacearum
t3e:CMR15v4_10224_Ralstonia_solanacearum_CMR15	t3e:CMR15v4_10224_Ralstonia_solanacearum_CMR15
t3e:RPSI07_1976_Ralstonia_solanacearum_PSI07	t3e:RPSI07_1976_Ralstonia_solanacearum_PSI07
t3e:RPSI07_1976_Ralstonia_solanacearum_PSI07	t3e:B5S0S3_Ralstonia_solanacearum
t3e:RPSI07_1976_Ralstonia_solanacearum_PSI07	t3e:B5SKZ2_Ralstonia_solanacearum
t3e:RPSI07_1976_Ralstonia_solanacearum_PSI07	t3e:RCFBP_11850_Ralstonia_solanacearum_CFBP2957
t3e:RPSI07_1976_Ralstonia_solanacearum_PSI07	t3e:RSPO_c01846_Ralstonia_solanacearum_Po82_
t3e:RPSI07_1976_Ralstonia_solanacearum_PSI07	t3e:D2YZY7_Ralstonia_solanacearum
t3e:RPSI07_1976_Ralstonia_solanacearum_PSI07	t3e:CMR15v4_20596_Ralstonia_solanacearum_CMR15
t3e:RPSI07_1976_Ralstonia_solanacearum_PSI07	t3e:common_rip15__uniprot_Q8XZK9__genbank_WP_011001335.1__species__Ralstonia_solanacearum
t3e:RSPO_m00202_Ralstonia_solanacearum_Po82_	t3e:RSPO_m00202_Ralstonia_solanacearum_Po82_
t3e:RSPO_m00202_Ralstonia_solanacearum_Po82_	t3e:common_rip32__uniprot_Q8XT99__genbank_WP_011003530.1__species__Ralstonia_solanacearum
t3e:RSPO_m00202_Ralstonia_solanacearum_Po82_	t3e:D2YZZ1_Ralstonia_solanacearum
t3e:RSPO_m00202_Ralstonia_solanacearum_Po82_	t3e:CMR15v4_mp10182_Ralstonia_solanacearum_CMR15
t3e:RSPO_m00202_Ralstonia_solanacearum_Po82_	t3e:B5RY01_Ralstonia_solanacearum
t3e:RSPO_m00202_Ralstonia_solanacearum_Po82_	t3e:B5S9U3_Ralstonia_solanacearum
t3e:RSPO_m00202_Ralstonia_solanacearum_Po82_	t3e:RCFBP_mp10201_Ralstonia_solanacearum_CFBP2957
t3e:RSPO_m00202_Ralstonia_solanacearum_Po82_	t3e:RPSI07_mp0160_Ralstonia_solanacearum_PSI07
t3e:RSPO_m00201_Ralstonia_solanacearum_Po82_	t3e:RSPO_m00201_Ralstonia_solanacearum_Po82_
t3e:RSPO_m00201_Ralstonia_solanacearum_Po82_	t3e:RPSI07_mp0159_Ralstonia_solanacearum_PSI07
t3e:RPSI07_mp0161_Ralstonia_solanacearum_PSI07	t3e:RPSI07_mp0161_Ralstonia_solanacearum_PSI07
t3e:common_rip22__uniprot_Q8XXI2__genbank_CAD15839.2__species__Ralstonia_solanacearum	t3e:common_rip22__uniprot_Q8XXI2__genbank_CAD15839.2__species__Ralstonia_solanacearum
t3e:common_rip22__uniprot_Q8XXI2__genbank_CAD15839.2__species__Ralstonia_solanacearum	t3e:D2Z005_Ralstonia_solanacearum
t3e:common_rip22__uniprot_Q8XXI2__genbank_CAD15839.2__species__Ralstonia_solanacearum	t3e:F6G508_Ralstonia_solanacearum_Po82
t3e:common_rip22__uniprot_Q8XXI2__genbank_CAD15839.2__species__Ralstonia_solanacearum	t3e:RCFBP_20859_Ralstonia_solanacearum_CFBP2957
t3e:common_rip22__uniprot_Q8XXI2__genbank_CAD15839.2__species__Ralstonia_solanacearum	t3e:RSPO_c02749_Ralstonia_solanacearum_Po82_
t3e:RCFBP_mp10024_Ralstonia_solanacearum_CFBP2957	t3e:RCFBP_mp10024_Ralstonia_solanacearum_CFBP2957
t3e:RSPO_m00189_Ralstonia_solanacearum_Po82_	t3e:RSPO_m00189_Ralstonia_solanacearum_Po82_
t3e:RSPO_m00189_Ralstonia_solanacearum_Po82_	t3e:RPSI07_mp1797-RPSI07_mp1798_Ralstonia_solanacearum_PSI07
t3e:RSPO_m00189_Ralstonia_solanacearum_Po82_	t3e:D2YZZ0_Ralstonia_solanacearum
t3e:RSPO_m00189_Ralstonia_solanacearum_Po82_	t3e:CMR15v4_mp10167_Ralstonia_solanacearum_CMR15
t3e:RSPO_m00189_Ralstonia_solanacearum_Po82_	t3e:common_rip31__uniprot_Q8XTC0__genbank_CAD17344.2__species__Ralstonia_solanacearum
t3e:RSPO_m00869_Ralstonia_solanacearum_Po82_	t3e:RSPO_m00869_Ralstonia_solanacearum_Po82_
t3e:RSPO_m00869_Ralstonia_solanacearum_Po82_	t3e:RCFBP_mp20625_Ralstonia_solanacearum_CFBP2957
t3e:RSPO_m00869_Ralstonia_solanacearum_Po82_	t3e:RPSI07_mp1165_Ralstonia_solanacearum_PSI07
t3e:RSPO_m00869_Ralstonia_solanacearum_Po82_	t3e:common_rip58__uniprot_Q8XQT8__genbank_WP_011004419.1__species__Ralstonia_solanacearum
t3e:RSPO_m00869_Ralstonia_solanacearum_Po82_	t3e:B5S5N0_Ralstonia_solanacearum
t3e:RSPO_m00869_Ralstonia_solanacearum_Po82_	t3e:B5SDF4_Ralstonia_solanacearum
t3e:RSPO_m00869_Ralstonia_solanacearum_Po82_	t3e:CMR15v4_mp20237_Ralstonia_solanacearum_CMR15
t3e:common_rip35__uniprot_Q8XSZ4__genbank_CAD17474.2__species__Ralstonia_solanacearum	t3e:common_rip35__uniprot_Q8XSZ4__genbank_CAD17474.2__species__Ralstonia_solanacearum
t3e:common_rip35__uniprot_Q8XSZ4__genbank_CAD17474.2__species__Ralstonia_solanacearum	t3e:B5S9M7_Ralstonia_solanacearum
t3e:common_rip35__uniprot_Q8XSZ4__genbank_CAD17474.2__species__Ralstonia_solanacearum	t3e:B5SA88_Ralstonia_solanacearum
t3e:common_rip35__uniprot_Q8XSZ4__genbank_CAD17474.2__species__Ralstonia_solanacearum	t3e:D8P2J8_Ralstonia_solanacearum
t3e:common_rip35__uniprot_Q8XSZ4__genbank_CAD17474.2__species__Ralstonia_solanacearum	t3e:F6GAZ8_Ralstonia_solanacearum
t3e:common_rip35__uniprot_Q8XSZ4__genbank_CAD17474.2__species__Ralstonia_solanacearum	t3e:CMR15v4_mp10293_Ralstonia_solanacearum_CMR15
t3e:common_rip63__uniprot_Q8XQF0__genbank_CAD18428.1__species__Ralstonia_solanacearum	t3e:common_rip63__uniprot_Q8XQF0__genbank_CAD18428.1__species__Ralstonia_solanacearum
t3e:RSPO_m00717_Ralstonia_solanacearum_Po82_	t3e:RSPO_m00717_Ralstonia_solanacearum_Po82_
t3e:RSPO_m00717_Ralstonia_solanacearum_Po82_	t3e:B5S618_Ralstonia_solanacearum
t3e:RSPO_m00717_Ralstonia_solanacearum_Po82_	t3e:F6G9Y7_Ralstonia_solanacearum_Po82
t3e:RSPO_m00717_Ralstonia_solanacearum_Po82_	t3e:CMR15v4_mp20380_Ralstonia_solanacearum_CMR15
t3e:RSPO_m00717_Ralstonia_solanacearum_Po82_	t3e:RCFBP_mp30115_Ralstonia_solanacearum_CFBP2957
t3e:CMR15v4_mp20384_Ralstonia_solanacearum_CMR15	t3e:CMR15v4_mp20384_Ralstonia_solanacearum_CMR15
t3e:CMR15v4_mp20384_Ralstonia_solanacearum_CMR15	t3e:common_rip64__uniprot_Q8XQE6__genbank_CAD18432.2__species__Ralstonia_solanacearum
t3e:CMR15v4_mp20384_Ralstonia_solanacearum_CMR15	t3e:RPSI07_mp1097_Ralstonia_solanacearum_PSI07
t3e:CMR15v4_mp20384_Ralstonia_solanacearum_CMR15	t3e:B5S5G8_Ralstonia_solanacearum
t3e:CMR15v4_mp20384_Ralstonia_solanacearum_CMR15	t3e:B5SD96_Ralstonia_solanacearum
t3e:CMR15v4_mp20384_Ralstonia_solanacearum_CMR15	t3e:F6GAU3_Ralstonia_solanacearum
t3e:CMR15v4_mp20384_Ralstonia_solanacearum_CMR15	t3e:RCFBP_mp20553_Ralstonia_solanacearum_CFBP2957
t3e:common_rip54__uniprot_Q8XRC8__genbank_CAD18081.2__species__Ralstonia_solanacearum	t3e:common_rip54__uniprot_Q8XRC8__genbank_CAD18081.2__species__Ralstonia_solanacearum
t3e:common_rip54__uniprot_Q8XRC8__genbank_CAD18081.2__species__Ralstonia_solanacearum	t3e:CMR15v4_mp20011_Ralstonia_solanacearum_CMR15
t3e:RSPO_m01229_Ralstonia_solanacearum_Po82_	t3e:RSPO_m01229_Ralstonia_solanacearum_Po82_
t3e:RSPO_m01229_Ralstonia_solanacearum_Po82_	t3e:RCFBP_mp20430_Ralstonia_solanacearum_CFBP2957
t3e:RSPO_m01229_Ralstonia_solanacearum_Po82_	t3e:RPSI07_mp0961_Ralstonia_solanacearum_PSI07
t3e:common_rip20__uniprot_Q8XYB9__genbank_CAD15541.2__species__Ralstonia_solanacearum	t3e:common_rip20__uniprot_Q8XYB9__genbank_CAD15541.2__species__Ralstonia_solanacearum
t3e:common_rip20__uniprot_Q8XYB9__genbank_CAD15541.2__species__Ralstonia_solanacearum	t3e:CMR15v4_11844_Ralstonia_solanacearum_CMR15
t3e:RSPO_c01610_Ralstonia_solanacearum_Po82_	t3e:RSPO_c01610_Ralstonia_solanacearum_Po82_
t3e:RSPO_c01610_Ralstonia_solanacearum_Po82_	t3e:RCFBP_11536_Ralstonia_solanacearum_CFBP2957
t3e:RCFBP_21452-RCFBP_21453_Ralstonia_solanacearum_CFBP2957	t3e:RCFBP_21452-RCFBP_21453_Ralstonia_solanacearum_CFBP2957
t3e:RPSI07_2524_Ralstonia_solanacearum_PSI07	t3e:RPSI07_2524_Ralstonia_solanacearum_PSI07
t3e:RPSI07_2524_Ralstonia_solanacearum_PSI07	t3e:CMR15v4_10066_Ralstonia_solanacearum_CMR15
t3e:RPSI07_2524_Ralstonia_solanacearum_PSI07	t3e:common_rip27__uniprot_Q8XU25__genbank_WP_011003250.1__species__Ralstonia_solanacearum
t3e:RPSI07_2524_Ralstonia_solanacearum_PSI07	t3e:RSPO_c00036_Ralstonia_solanacearum_Po82_
t3e:RPSI07_2524_Ralstonia_solanacearum_PSI07	t3e:RCFBP_10063_Ralstonia_solanacearum_CFBP2957
t3e:RPSI07_2524_Ralstonia_solanacearum_PSI07	t3e:RSPO_c02545-RSPO_c02546_Ralstonia_solanacearum_Po82_
t3e:RPSI07_2524_Ralstonia_solanacearum_PSI07	t3e:common_rip33__uniprot_Q8XT19__genbank_WP_011003610.1__species__Ralstonia_solanacearum
t3e:RPSI07_2524_Ralstonia_solanacearum_PSI07	t3e:CMR15v4_mp10270_Ralstonia_solanacearum_CMR15
t3e:RSPO_m00383_Ralstonia_solanacearum_Po82_	t3e:RSPO_m00383_Ralstonia_solanacearum_Po82_
t3e:RSPO_m00383_Ralstonia_solanacearum_Po82_	t3e:RCFBP_mp10566_Ralstonia_solanacearum_CFBP2957
t3e:RSPO_m00383_Ralstonia_solanacearum_Po82_	t3e:RPSI07_mp1267_Ralstonia_solanacearum_PSI07
t3e:RPSI07_1850_Ralstonia_solanacearum_PSI07	t3e:RPSI07_1850_Ralstonia_solanacearum_PSI07
t3e:RPSI07_1850_Ralstonia_solanacearum_PSI07	t3e:RPSI07_1851_Ralstonia_solanacearum_PSI07
t3e:CMR15v4_mp20317_Ralstonia_solanacearum_CMR15	t3e:CMR15v4_mp20317_Ralstonia_solanacearum_CMR15
t3e:RSp1212_Ralstonia_solanacearum_GMI1000	t3e:RSp1212_Ralstonia_solanacearum_GMI1000
t3e:RPSI07_2017_Ralstonia_solanacearum_PSI07	t3e:RPSI07_2017_Ralstonia_solanacearum_PSI07
t3e:RPSI07_2017_Ralstonia_solanacearum_PSI07	t3e:common_rip12__uniprot_Q8XZP6__genbank_CAD15051.2__species__Ralstonia_solanacearum
t3e:RPSI07_2017_Ralstonia_solanacearum_PSI07	t3e:CMR15v4_20562_Ralstonia_solanacearum_CMR15
t3e:RCFBP_11872_Ralstonia_solanacearum_CFBP2957	t3e:RCFBP_11872_Ralstonia_solanacearum_CFBP2957
t3e:RCFBP_11872_Ralstonia_solanacearum_CFBP2957	t3e:RPSI07_1895_Ralstonia_solanacearum_PSI07
t3e:RCFBP_11872_Ralstonia_solanacearum_CFBP2957	t3e:RSPO_c01875-RSPO_c01876_Ralstonia_solanacearum_Po82_
t3e:RCFBP_11872_Ralstonia_solanacearum_CFBP2957	t3e:RipBT_Ralstonia_solanacearum_UW551
t3e:CMR15v4_mp10856_Ralstonia_solanacearum_CMR15	t3e:CMR15v4_mp10856_Ralstonia_solanacearum_CMR15
t3e:CMR15v4_mp10856_Ralstonia_solanacearum_CMR15	t3e:B7ZJG4_Ralstonia_solanacearum
t3e:CMR15v4_mp10856_Ralstonia_solanacearum_CMR15	t3e:sp|Q9RBS2|POPC_RALSOProtein_Ralstonia_solanacearum_(strain_GMI1000)
t3e:CMR15v4_mp10856_Ralstonia_solanacearum_CMR15	t3e:C0SPN5_Ralstonia_solanacearum
t3e:CMR15v4_mp10856_Ralstonia_solanacearum_CMR15	t3e:common_rip47__uniprot_Q9RBS2__genbank_WP_011004172.1__species__Ralstonia_solanacearum
t3e:CMR15v4_mp10856_Ralstonia_solanacearum_CMR15	t3e:D8P4B0_Ralstonia_solanacearum
t3e:CMR15v4_mp10856_Ralstonia_solanacearum_CMR15	t3e:B5SCP6_Ralstonia_solanacearum
t3e:CMR15v4_mp10856_Ralstonia_solanacearum_CMR15	t3e:RPSI07_mp0822_Ralstonia_solanacearum_PSI07
t3e:CMR15v4_mp10856_Ralstonia_solanacearum_CMR15	t3e:RSPO_m01194_Ralstonia_solanacearum_Po82_
t3e:common_rip72__uniprot_Q8XPN7__genbank_CAD18752.2__species__Ralstonia_solanacearum	t3e:common_rip72__uniprot_Q8XPN7__genbank_CAD18752.2__species__Ralstonia_solanacearum
t3e:common_rip72__uniprot_Q8XPN7__genbank_CAD18752.2__species__Ralstonia_solanacearum	t3e:D2Z004_Ralstonia_solanacearum
t3e:common_rip72__uniprot_Q8XPN7__genbank_CAD18752.2__species__Ralstonia_solanacearum	t3e:B5SB33_Ralstonia_solanacearum
t3e:common_rip72__uniprot_Q8XPN7__genbank_CAD18752.2__species__Ralstonia_solanacearum	t3e:B5RYK1_Ralstonia_solanacearum
t3e:common_rip72__uniprot_Q8XPN7__genbank_CAD18752.2__species__Ralstonia_solanacearum	t3e:F6GBT0_Ralstonia_solanacearum
t3e:common_rip72__uniprot_Q8XPN7__genbank_CAD18752.2__species__Ralstonia_solanacearum	t3e:RCFBP_mp30479_Ralstonia_solanacearum_CFBP2957
t3e:common_rip72__uniprot_Q8XPN7__genbank_CAD18752.2__species__Ralstonia_solanacearum	t3e:CMR15v4_mp30245_Ralstonia_solanacearum_CMR15
t3e:common_rip72__uniprot_Q8XPN7__genbank_CAD18752.2__species__Ralstonia_solanacearum	t3e:RPSI07_mp1701_Ralstonia_solanacearum_PSI07
t3e:common_rip4__uniprot_Q8Y2L4__genbank_WP_011000285.1__species__Ralstonia_solanacearum	t3e:common_rip4__uniprot_Q8Y2L4__genbank_WP_011000285.1__species__Ralstonia_solanacearum
t3e:common_rip4__uniprot_Q8Y2L4__genbank_WP_011000285.1__species__Ralstonia_solanacearum	t3e:B5S808_Ralstonia_solanacearum
t3e:common_rip4__uniprot_Q8Y2L4__genbank_WP_011000285.1__species__Ralstonia_solanacearum	t3e:B5SE66_Ralstonia_solanacearum
t3e:common_rip4__uniprot_Q8Y2L4__genbank_WP_011000285.1__species__Ralstonia_solanacearum	t3e:F6G5L3_Ralstonia_solanacearum
t3e:common_rip4__uniprot_Q8Y2L4__genbank_WP_011000285.1__species__Ralstonia_solanacearum	t3e:RCFBP_21172_Ralstonia_solanacearum_CFBP2957
t3e:common_rip4__uniprot_Q8Y2L4__genbank_WP_011000285.1__species__Ralstonia_solanacearum	t3e:CMR15v4_30624_Ralstonia_solanacearum_CMR15
t3e:common_rip4__uniprot_Q8Y2L4__genbank_WP_011000285.1__species__Ralstonia_solanacearum	t3e:RSPO_c03085_Ralstonia_solanacearum_Po82_
t3e:common_rip4__uniprot_Q8Y2L4__genbank_WP_011000285.1__species__Ralstonia_solanacearum	t3e:RPSI07_3089_Ralstonia_solanacearum_PSI07
t3e:RSPO_m01156_Ralstonia_solanacearum_Po82_	t3e:RSPO_m01156_Ralstonia_solanacearum_Po82_
t3e:RSPO_m01156_Ralstonia_solanacearum_Po82_	t3e:common_rip41__uniprot_Q8XRJ3__genbank_CAD17989.2__species__Ralstonia_solanacearum
t3e:RSPO_m01156_Ralstonia_solanacearum_Po82_	t3e:D2YZZ4_Ralstonia_solanacearum
t3e:RSPO_m01156_Ralstonia_solanacearum_Po82_	t3e:CMR15v4_mp10816_Ralstonia_solanacearum_CMR15
t3e:RSPO_m01156_Ralstonia_solanacearum_Po82_	t3e:RPSI07_mp0781_Ralstonia_solanacearum_PSI07
t3e:RSPO_m01156_Ralstonia_solanacearum_Po82_	t3e:RCFBP_mp20282_Ralstonia_solanacearum_CFBP2957
t3e:CMR15v4_mp30324-CMR15v4_mp10691_Ralstonia_solanacearum_CMR15	t3e:CMR15v4_mp30324-CMR15v4_mp10691_Ralstonia_solanacearum_CMR15
t3e:CMR15v4_mp30324-CMR15v4_mp10691_Ralstonia_solanacearum_CMR15	t3e:RCFBP_mp20163_Ralstonia_solanacearum_CFBP2957
t3e:CMR15v4_mp30324-CMR15v4_mp10691_Ralstonia_solanacearum_CMR15	t3e:D2YZZ2_Ralstonia_solanacearum
t3e:CMR15v4_mp30324-CMR15v4_mp10691_Ralstonia_solanacearum_CMR15	t3e:RPSI07_mp0618_Ralstonia_solanacearum_PSI07
t3e:CMR15v4_mp30324-CMR15v4_mp10691_Ralstonia_solanacearum_CMR15	t3e:RSPO_m01053_Ralstonia_solanacearum_Po82_
t3e:CMR15v4_mp30324-CMR15v4_mp10691_Ralstonia_solanacearum_CMR15	t3e:common_rip38__uniprot_A0AB33VD07__genbank_WP_039572547.1__species_Ralstonia_solanacearum
t3e:CMR15v4_10195_Ralstonia_solanacearum_CMR15	t3e:CMR15v4_10195_Ralstonia_solanacearum_CMR15
t3e:CMR15v4_10195_Ralstonia_solanacearum_CMR15	t3e:common_rip1__uniprot_Q8Y3D9__genbank_WP_011000008.1__species__Ralstonia_solanacearum
t3e:CMR15v4_10195_Ralstonia_solanacearum_CMR15	t3e:RPSI07_0175_Ralstonia_solanacearum_PSI07
t3e:CMR15v4_10195_Ralstonia_solanacearum_CMR15	t3e:F6G6F0_Ralstonia_solanacearum
t3e:CMR15v4_10195_Ralstonia_solanacearum_CMR15	t3e:B5RXJ6_Ralstonia_solanacearum
t3e:CMR15v4_10195_Ralstonia_solanacearum_CMR15	t3e:RCFBP_10208_Ralstonia_solanacearum_CFBP2957
t3e:common_rip43__uniprot_Q8XRI6__genbank_WP_043876844.1__species__Ralstonia_solanacearum	t3e:common_rip43__uniprot_Q8XRI6__genbank_WP_043876844.1__species__Ralstonia_solanacearum
t3e:common_rip43__uniprot_Q8XRI6__genbank_WP_043876844.1__species__Ralstonia_solanacearum	t3e:CMR15v4_mp10824_Ralstonia_solanacearum_CMR15
t3e:common_rip43__uniprot_Q8XRI6__genbank_WP_043876844.1__species__Ralstonia_solanacearum	t3e:B5S4X1_Ralstonia_solanacearum
t3e:common_rip43__uniprot_Q8XRI6__genbank_WP_043876844.1__species__Ralstonia_solanacearum	t3e:B5SCL5_Ralstonia_solanacearum
t3e:common_rip43__uniprot_Q8XRI6__genbank_WP_043876844.1__species__Ralstonia_solanacearum	t3e:F6GAL2_Ralstonia_solanacearum_Po82
t3e:common_rip43__uniprot_Q8XRI6__genbank_WP_043876844.1__species__Ralstonia_solanacearum	t3e:RCFBP_mp20289_Ralstonia_solanacearum_CFBP2957
t3e:common_rip43__uniprot_Q8XRI6__genbank_WP_043876844.1__species__Ralstonia_solanacearum	t3e:RPSI07_mp0790_Ralstonia_solanacearum_PSI07
t3e:common_rip43__uniprot_Q8XRI6__genbank_WP_043876844.1__species__Ralstonia_solanacearum	t3e:RSPO_m01164_Ralstonia_solanacearum_Po82_
t3e:RPSI07_mp0826_Ralstonia_solanacearum_PSI07	t3e:RPSI07_mp0826_Ralstonia_solanacearum_PSI07
t3e:RPSI07_mp0826_Ralstonia_solanacearum_PSI07	t3e:common_rip50__uniprot_Q8XRH4__genbank_CAD18030.2__species__Ralstonia_solanacearum
t3e:RPSI07_mp0826_Ralstonia_solanacearum_PSI07	t3e:CMR15v4_mp10860_Ralstonia_solanacearum_CMR15
t3e:RPSI07_mp0826_Ralstonia_solanacearum_PSI07	t3e:RCFBP_mp20326_Ralstonia_solanacearum_CFBP2957
t3e:RPSI07_mp0826_Ralstonia_solanacearum_PSI07	t3e:B5SCQ9_Ralstonia_solanacearum
t3e:RPSI07_mp0826_Ralstonia_solanacearum_PSI07	t3e:RSPO_m01206_Ralstonia_solanacearum_Po82_
t3e:RCFBP_mp20332_Ralstonia_solanacearum_CFBP2957	t3e:RCFBP_mp20332_Ralstonia_solanacearum_CFBP2957
t3e:RCFBP_mp20332_Ralstonia_solanacearum_CFBP2957	t3e:D2YZZ5_Ralstonia_solanacearum
t3e:RCFBP_mp20332_Ralstonia_solanacearum_CFBP2957	t3e:CMR15v4_mp10869_Ralstonia_solanacearum_CMR15
t3e:RCFBP_mp20332_Ralstonia_solanacearum_CFBP2957	t3e:common_rip51__uniprot_Q8XRG9__genbank_WP_043876845.1__species__Ralstonia_solanacearum
t3e:RCFBP_mp20332_Ralstonia_solanacearum_CFBP2957	t3e:RPSI07_mp0833_Ralstonia_solanacearum_PSI07
t3e:common_rip61__uniprot_Q8XQI9__genbank_CAD18387.2__species__Ralstonia_solanacearum	t3e:common_rip61__uniprot_Q8XQI9__genbank_CAD18387.2__species__Ralstonia_solanacearum
t3e:common_rip61__uniprot_Q8XQI9__genbank_CAD18387.2__species__Ralstonia_solanacearum	t3e:D2Z000_Ralstonia_solanacearum
t3e:common_rip61__uniprot_Q8XQI9__genbank_CAD18387.2__species__Ralstonia_solanacearum	t3e:CMR15v4_mp20341_Ralstonia_solanacearum_CMR15
t3e:RPSI07_mp1265_Ralstonia_solanacearum_PSI07	t3e:RPSI07_mp1265_Ralstonia_solanacearum_PSI07
t3e:RSPO_m00770_Ralstonia_solanacearum_Po82_	t3e:RSPO_m00770_Ralstonia_solanacearum_Po82_
t3e:RSPO_m00770_Ralstonia_solanacearum_Po82_	t3e:B5S5W7_Ralstonia_solanacearum
t3e:RSPO_m00770_Ralstonia_solanacearum_Po82_	t3e:B5SDP2_Ralstonia_solanacearum
t3e:RSPO_m00770_Ralstonia_solanacearum_Po82_	t3e:RCFBP_mp30572_Ralstonia_solanacearum_CFBP2957
t3e:RCFBP_mp30150_Ralstonia_solanacearum_CFBP2957	t3e:RCFBP_mp30150_Ralstonia_solanacearum_CFBP2957
t3e:RCFBP_mp30150_Ralstonia_solanacearum_CFBP2957	t3e:B5S3C6_Ralstonia_solanacearum
t3e:RCFBP_mp30150_Ralstonia_solanacearum_CFBP2957	t3e:CMR15v4_mp30042_Ralstonia_solanacearum_CMR15
t3e:RCFBP_mp30150_Ralstonia_solanacearum_CFBP2957	t3e:common_rip66__uniprot_Q8XQA2__genbank_CAD18535.1__species__Ralstonia_solanacearum
t3e:RSPO_m00680_Ralstonia_solanacearum_Po82_	t3e:RSPO_m00680_Ralstonia_solanacearum_Po82_
t3e:RSPO_m00680_Ralstonia_solanacearum_Po82_	t3e:B5SBM4_Ralstonia_solanacearum_UW551
t3e:common_rip67__uniprot_Q8XQ98__genbank_WP_011004638.1__species__Ralstonia_solanacearum	t3e:common_rip67__uniprot_Q8XQ98__genbank_WP_011004638.1__species__Ralstonia_solanacearum
t3e:RPSI07_mp1376_Ralstonia_solanacearum_PSI07	t3e:RPSI07_mp1376_Ralstonia_solanacearum_PSI07
t3e:RPSI07_mp1376_Ralstonia_solanacearum_PSI07	t3e:D2Z006_Ralstonia_solanacearum
t3e:RSPO_m00625_Ralstonia_solanacearum_Po82_	t3e:RSPO_m00625_Ralstonia_solanacearum_Po82_
t3e:RSPO_m00625_Ralstonia_solanacearum_Po82_	t3e:B5S3J5_Ralstonia_solanacearum
t3e:RSPO_m00625_Ralstonia_solanacearum_Po82_	t3e:RCFBP_mp30206_Ralstonia_solanacearum_CFBP2957
t3e:RSPO_m00625_Ralstonia_solanacearum_Po82_	t3e:RipAU_Ralstonia_pseudosolanacearum
t3e:RSPO_m00625_Ralstonia_solanacearum_Po82_	t3e:CMR15v4_mp30120_Ralstonia_solanacearum_CMR15
t3e:RSPO_m00625_Ralstonia_solanacearum_Po82_	t3e:common_rip68__uniprot_Q8XQ26__genbank_WP_043876888.1__species__Ralstonia_solanacearum
t3e:RSPO_m00625_Ralstonia_solanacearum_Po82_	t3e:RPSI07_mp1803_Ralstonia_solanacearum_PSI07
t3e:RSPO_m00625_Ralstonia_solanacearum_Po82_	t3e:G2ZSY2_Ralstonia_syzygii_subsp._celebesensis
t3e:RSPO_m00594_Ralstonia_solanacearum_Po82_	t3e:RSPO_m00594_Ralstonia_solanacearum_Po82_
t3e:RSPO_m00594_Ralstonia_solanacearum_Po82_	t3e:RCFBP_mp30249_Ralstonia_solanacearum_CFBP2957
t3e:RSPO_m00594_Ralstonia_solanacearum_Po82_	t3e:RPSI07_mp1445_Ralstonia_solanacearum_PSI07
t3e:RSPO_m00594_Ralstonia_solanacearum_Po82_	t3e:D2Z001_Ralstonia_solanacearum
t3e:RSPO_m00594_Ralstonia_solanacearum_Po82_	t3e:CMR15v4_mp30137_Ralstonia_solanacearum_CMR15
t3e:RSPO_m00594_Ralstonia_solanacearum_Po82_	t3e:common_rip69__uniprot_Q8XQ11__genbank_CAD18626.2__species__Ralstonia_solanacearum
t3e:RSPO_m00594_Ralstonia_solanacearum_Po82_	t3e:RipAW_Ralstonia_solanacearum
t3e:RSPO_m01221_Ralstonia_solanacearum_Po82_	t3e:RSPO_m01221_Ralstonia_solanacearum_Po82_
t3e:RSPO_m01221_Ralstonia_solanacearum_Po82_	t3e:RSc3290_Ralstonia_solanacearum_GMI1000
t3e:RSPO_m01221_Ralstonia_solanacearum_Po82_	t3e:B5SKS7_Ralstonia_solanacearum
t3e:common_rip55__uniprot_Q8XR46__genbank_WP_011004312.1__species__Ralstonia_solanacearum	t3e:common_rip55__uniprot_Q8XR46__genbank_WP_011004312.1__species__Ralstonia_solanacearum
t3e:common_rip55__uniprot_Q8XR46__genbank_WP_011004312.1__species__Ralstonia_solanacearum	t3e:CMR15v4_mp20102_Ralstonia_solanacearum_CMR15
t3e:RSPO_m01571_Ralstonia_solanacearum_Po82_	t3e:RSPO_m01571_Ralstonia_solanacearum_Po82_
t3e:RSPO_m01571_Ralstonia_solanacearum_Po82_	t3e:RCFBP_mp30467_Ralstonia_solanacearum_CFBP2957
t3e:RSPO_m01571_Ralstonia_solanacearum_Po82_	t3e:D2Z003_Ralstonia_solanacearum_SD54
t3e:RSPO_m01571_Ralstonia_solanacearum_Po82_	t3e:common_rip71__uniprot_Q8XPQ6__genbank_CAD18733.2__species__Ralstonia_solanacearum
t3e:RSPO_m01571_Ralstonia_solanacearum_Po82_	t3e:RPSI07_mp1687_Ralstonia_solanacearum_PSI07
t3e:RPSI07_mp0573_Ralstonia_solanacearum_PSI07	t3e:RPSI07_mp0573_Ralstonia_solanacearum_PSI07
t3e:RSPO_m00662_Ralstonia_solanacearum_Po82_	t3e:RSPO_m00662_Ralstonia_solanacearum_Po82_
t3e:RSPO_m00662_Ralstonia_solanacearum_Po82_	t3e:RCFBP_mp30170_Ralstonia_solanacearum_CFBP2957
t3e:RPSI07_2863_Ralstonia_solanacearum_PSI07	t3e:RPSI07_2863_Ralstonia_solanacearum_PSI07
t3e:RCFBP_mp30113_Ralstonia_solanacearum_CFBP2957	t3e:RCFBP_mp30113_Ralstonia_solanacearum_CFBP2957
t3e:RCFBP_mp30113_Ralstonia_solanacearum_CFBP2957	t3e:F6G9Y8_Ralstonia_solanacearum
t3e:RSp0213_Ralstonia_solanacearum_GMI1000	t3e:RSp0213_Ralstonia_solanacearum_GMI1000
t3e:RCFBP_11525_Ralstonia_solanacearum_CFBP2957	t3e:RCFBP_11525_Ralstonia_solanacearum_CFBP2957
t3e:RCFBP_11525_Ralstonia_solanacearum_CFBP2957	t3e:CMR15v4_mp10184_Ralstonia_solanacearum_CMR15
t3e:RCFBP_11525_Ralstonia_solanacearum_CFBP2957	t3e:RPSI07_1860_Ralstonia_solanacearum_PSI07
t3e:CMR15v4_30917_Ralstonia_solanacearum_CMR15	t3e:CMR15v4_30917_Ralstonia_solanacearum_CMR15
t3e:RPSI07_0301_Ralstonia_solanacearum_PSI07	t3e:RPSI07_0301_Ralstonia_solanacearum_PSI07
t3e:RPSI07_0301_Ralstonia_solanacearum_PSI07	t3e:RSc3174_Ralstonia_solanacearum_GMI1000
t3e:RCFBP_mp20172_Ralstonia_solanacearum_CFBP2957	t3e:RCFBP_mp20172_Ralstonia_solanacearum_CFBP2957
t3e:RCFBP_mp20172_Ralstonia_solanacearum_CFBP2957	t3e:CMR15v4_mp10701_Ralstonia_solanacearum_CMR15
t3e:RCFBP_mp20172_Ralstonia_solanacearum_CFBP2957	t3e:RSp0731_Ralstonia_solanacearum_GMI1000
t3e:RCFBP_mp20172_Ralstonia_solanacearum_CFBP2957	t3e:RPSI07_mp0625_Ralstonia_solanacearum_PSI07
t3e:RCFBP_mp20172_Ralstonia_solanacearum_CFBP2957	t3e:RSPO_m01691-RSPO_m01062_Ralstonia_solanacearum_Po82_
t3e:RCFBP_mp20172_Ralstonia_solanacearum_CFBP2957	t3e:RipTPS_WP_019719423.1_Ralstonia
t3e:EGD18683.1-XopZ2_Xanthomonas_gardneri_ATCC_19865	t3e:EGD18683.1-XopZ2_Xanthomonas_gardneri_ATCC_19865
t3e:CDF63684.1-XopJ2_Xanthomonas_citri_pv._fuscans	t3e:CDF63684.1-XopJ2_Xanthomonas_citri_pv._fuscans
t3e:CDF63684.1-XopJ2_Xanthomonas_citri_pv._fuscans	t3e:XopJ2_Xanthomonas_euvesicatoria
t3e:CDF63684.1-XopJ2_Xanthomonas_citri_pv._fuscans	t3e:AvrBsT_Xanthomonas
t3e:XopE5_WP_142743200.1_Xanthomonas_translucens	t3e:XopE5_WP_142743200.1_Xanthomonas_translucens
t3e:EGD20561.1-XopAS_Xanthomonas_gardneri_ATCC_19865	t3e:EGD20561.1-XopAS_Xanthomonas_gardneri_ATCC_19865
t3e:EGD19295.1XopAQ_Xanthomonas_gardneri_ATCC_19865	t3e:EGD19295.1XopAQ_Xanthomonas_gardneri_ATCC_19865
t3e:EGD19295.1XopAQ_Xanthomonas_gardneri_ATCC_19865	t3e:D8NWD2_Ralstonia_solanacearum
t3e:EGD19295.1XopAQ_Xanthomonas_gardneri_ATCC_19865	t3e:D2YZY6_Ralstonia_solanacearum
t3e:EGD19295.1XopAQ_Xanthomonas_gardneri_ATCC_19865	t3e:D2YZY3_Ralstonia_pseudosolanacearum
t3e:EGD19295.1XopAQ_Xanthomonas_gardneri_ATCC_19865	t3e:common_rip11__uniprot_Q8Y0Z8__genbank_CAD14597.1__species__Ralstonia_solanacearum
t3e:CAP49952.1-XopAL2_Xanthomonas_campestris_pv._campestris	t3e:CAP49952.1-XopAL2_Xanthomonas_campestris_pv._campestris
t3e:SMQ94218.1-XopAF_Xanthomonas_fragariae	t3e:SMQ94218.1-XopAF_Xanthomonas_fragariae
t3e:GKW34093.1-AvrXccA1_Pectobacterium_carotovorum_subsp._carotovorum	t3e:GKW34093.1-AvrXccA1_Pectobacterium_carotovorum_subsp._carotovorum
t3e:AvrA_Xanthomonas_hortorum	t3e:AvrA_Xanthomonas_hortorum
t3e:AvrXa7_Xanthomonas_oryzae_pv._oryzae_KACC_10331	t3e:AvrXa7_Xanthomonas_oryzae_pv._oryzae_KACC_10331
t3e:AvrXa7_Xanthomonas_oryzae_pv._oryzae_KACC_10331	t3e:AvrB6_Xanthomonas_oryzae_pv._oryzae_KACC_10331
t3e:BapC_Xanthomonas	t3e:BapC_Xanthomonas
t3e:CigR_WP_042828278.1_Xanthomonas_vesicatoria	t3e:CigR_WP_042828278.1_Xanthomonas_vesicatoria
t3e:CigR_ATI92326.1_Salmonella_enterica_subsp._enterica	t3e:CigR_ATI92326.1_Salmonella_enterica_subsp._enterica
t3e:HopAF1_Xanthomonas_hyacinthi_DSM_19077	t3e:HopAF1_Xanthomonas_hyacinthi_DSM_19077
t3e:HopAF1_Xanthomonas_hyacinthi_DSM_19077	t3e:F3EK73_Pseudomonas_amygdali_pv._myricae
t3e:HopAF1_Xanthomonas_hyacinthi_DSM_19077	t3e:F3FAT7_Pseudomonas_syringae_group
t3e:HopAF1_Xanthomonas_hyacinthi_DSM_19077	t3e:F3I6K1_Pseudomonas_syringae_pv._actinidiae_str._M302091
t3e:HopAK1_Xanthomonas	t3e:HopAK1_Xanthomonas
t3e:HopAO1_KFA27041.1_Xanthomonas_vasicola_pv._vasculorum_NCPPB_1381	t3e:HopAO1_KFA27041.1_Xanthomonas_vasicola_pv._vasculorum_NCPPB_1381
t3e:HopD1_ELQ06905.1_Xanthomonas_translucens_DAR61454	t3e:HopD1_ELQ06905.1_Xanthomonas_translucens_DAR61454
t3e:HopQ1-1_Xanthomonas_campestris	t3e:HopQ1-1_Xanthomonas_campestris
t3e:HopQ1-1_Xanthomonas_campestris	t3e:common_XopXccQ__uniprot_A0A0H2XA81__genbank_AAY50221.1__species_Xanthomonas_campestris_pv._campestris_str._8004
t3e:HopZ1_KLD73398.1_Xanthomonas_hyacinthi_DSM_19077	t3e:HopZ1_KLD73398.1_Xanthomonas_hyacinthi_DSM_19077
t3e:HrpE3_Xanthomonas_euvesicatoria	t3e:HrpE3_Xanthomonas_euvesicatoria
t3e:NopF_Luteibacter_rhizovicinus	t3e:NopF_Luteibacter_rhizovicinus
t3e:NopT_Xanthomonas_vasicola_pv._vasculorum_NCPPB_1381	t3e:NopT_Xanthomonas_vasicola_pv._vasculorum_NCPPB_1381
t3e:PopW_WP_046981615.1_Xanthomonas_hyacinthi	t3e:PopW_WP_046981615.1_Xanthomonas_hyacinthi
t3e:PopW_ABK32385.1_Ralstonia_solanacearum	t3e:PopW_ABK32385.1_Ralstonia_solanacearum
t3e:PopW_ABK32385.1_Ralstonia_solanacearum	t3e:tr|C0SPQ6|C0SPQ6_RALSLHrp-secreted_Ralstonia_solanacearum
t3e:PopW_ABK32385.1_Ralstonia_solanacearum	t3e:B5SI99_Ralstonia_solanacearum
t3e:PopW_ABK32385.1_Ralstonia_solanacearum	t3e:D8N6P0_Ralstonia_solanacearum
t3e:PopW_ABK32385.1_Ralstonia_solanacearum	t3e:D8NNT9_Ralstonia_solanacearum
t3e:PopW_ABK32385.1_Ralstonia_solanacearum	t3e:D8NY36_Ralstonia_solanacearum
t3e:PopW_ABK32385.1_Ralstonia_solanacearum	t3e:G2ZR81_Ralstonia_syzygii_subsp._celebesensis
t3e:PopW_ABK32385.1_Ralstonia_solanacearum	t3e:G3A1F8_Ralstonia_syzygii
t3e:PopW_ABK32385.1_Ralstonia_solanacearum	t3e:RSPO_c00735_Ralstonia_solanacearum_Po82_
t3e:PopW_ABK32385.1_Ralstonia_solanacearum	t3e:common_rip24__uniprot_Q8XVQ5__genbank_WP_011002682.1__species__Ralstonia_solanacearum
t3e:PthG_Xanthomonas_vasicola_pv._vasculorum	t3e:PthG_Xanthomonas_vasicola_pv._vasculorum
t3e:RipAL_Xanthomonas_perforans	t3e:RipAL_Xanthomonas_perforans
t3e:RipB_Xanthomonas_translucens	t3e:RipB_Xanthomonas_translucens
t3e:RipTPS_WP_008577799.1_Xanthomonas	t3e:RipTPS_WP_008577799.1_Xanthomonas
t3e:SrfJ_Xanthomonas	t3e:SrfJ_Xanthomonas
t3e:XAC3090_Xanthomonas_perforans	t3e:XAC3090_Xanthomonas_perforans
t3e:XOO3150_Xanthomonas_oryzae_pv._oryzae_PXO86	t3e:XOO3150_Xanthomonas_oryzae_pv._oryzae_PXO86
t3e:XopA_APP01944.1_Xanthomonas_perforans	t3e:XopA_APP01944.1_Xanthomonas_perforans
t3e:XopAG_WP_015471577.1_Xanthomonas_citri	t3e:XopAG_WP_015471577.1_Xanthomonas_citri
t3e:XopAO_Xanthomonas	t3e:XopAO_Xanthomonas
t3e:XopAP_Xanthomonas_euvesicatoria_pv._vesicatoria_str._85-10	t3e:XopAP_Xanthomonas_euvesicatoria_pv._vesicatoria_str._85-10
t3e:XopAP_Xanthomonas_euvesicatoria_pv._vesicatoria_str._85-10	t3e:AAM37835.1_Xanthomonas_citri_pv._citri_str._306
t3e:XopAR_Xanthomonas_perforans	t3e:XopAR_Xanthomonas_perforans
t3e:XopAS_Xanthomonas_hortorum	t3e:XopAS_Xanthomonas_hortorum
t3e:XopAU_Xanthomonas_euvesicatoria_pv._vesicatoria_str._85-10	t3e:XopAU_Xanthomonas_euvesicatoria_pv._vesicatoria_str._85-10
t3e:XopAW_Xanthomonas	t3e:XopAW_Xanthomonas
t3e:XopAW_Xanthomonas	t3e:AAM37794.1_Xanthomonas_citri_pv._citri_str._306
t3e:XopC_Xanthomonas	t3e:XopC_Xanthomonas
t3e:XopC_Xanthomonas	t3e:tr|Q3BSU7|Q3BSU7_XANC5Xanthomonas_Xanthomonas_euvesicatoria
t3e:XopD_Xanthomonas_perforans	t3e:XopD_Xanthomonas_perforans
t3e:XopF1_Xanthomonas	t3e:XopF1_Xanthomonas
t3e:XopF1_Xanthomonas	t3e:tr|Q3BYL8|Q3BYL8_XANC5Xanthomonas_Xanthomonas_euvesicatoria
t3e:XopF1_Xanthomonas	t3e:G7TAD0_Xanthomonas_oryzae
t3e:XopF2_Xanthomonas_perforans	t3e:XopF2_Xanthomonas_perforans
t3e:XopG_Xanthomonas_campestris	t3e:XopG_Xanthomonas_campestris
t3e:XopH_Xanthomonas	t3e:XopH_Xanthomonas
t3e:XopJ5_Xanthomonas_campestris_pv._campestris_str._ATCC_33913	t3e:XopJ5_Xanthomonas_campestris_pv._campestris_str._ATCC_33913
t3e:XopK_APP01691.1_Xanthomonas_perforans	t3e:XopK_APP01691.1_Xanthomonas_perforans
t3e:XopK_APP01691.1_Xanthomonas_perforans	t3e:D4T4K7_Xanthomonas_citri
t3e:XopN_Xanthomonas	t3e:XopN_Xanthomonas
t3e:XopN_Xanthomonas	t3e:tr|Q3BRD8|Q3BRD8_XANC5Xanthomonas_Xanthomonas_euvesicatoria
t3e:XopN_Xanthomonas	t3e:D4SRP2_Xanthomonas_citri
t3e:XopN_Xanthomonas	t3e:BAE69905.1_Xanthomonas_oryzae_pv._oryzae_MAFF_311018
t3e:XopN_Xanthomonas	t3e:G7TKX5_Xanthomonas_oryzae_pv._oryzicola_BLS256
t3e:XopT_Xanthomonas_oryzae	t3e:XopT_Xanthomonas_oryzae
t3e:XopZ1_Xanthomonas_axonopodis_Xac29-1	t3e:XopZ1_Xanthomonas_axonopodis_Xac29-1
t3e:XopZ1_Xanthomonas_axonopodis_Xac29-1	t3e:D4T8D3_Xanthomonas_citri
t3e:XopZ1_Xanthomonas_axonopodis_Xac29-1	t3e:G7TFJ1_Xanthomonas_oryzae
t3e:XopZ1_Xanthomonas_axonopodis_Xac29-1	t3e:XopZ_WP_008575328.1_Xanthomonas_perforans
t3e:XopZ1_Xanthomonas_axonopodis_Xac29-1	t3e:XopZ_WP_011347306.1_Xanthomonas_euvesicatoria
t3e:QCX12473.1_Acidovorax_citrulli	t3e:QCX12473.1_Acidovorax_citrulli
t3e:AV903_19190_Erwinia_tracheiphila	t3e:AV903_19190_Erwinia_tracheiphila
t3e:CCO83666.1_Erwinia_amylovora_Ea266	t3e:CCO83666.1_Erwinia_amylovora_Ea266
t3e:WP_168426712.1_Erwinia_amylovora	t3e:WP_168426712.1_Erwinia_amylovora
t3e:WP_168426712.1_Erwinia_amylovora	t3e:tr|D4HWL8|D4HWL8_ERWACProbable_Erwinia_amylovora
t3e:WP_168426712.1_Erwinia_amylovora	t3e:common_HopC1__genbank_AAO54131.1__uniprot_Q88A08__species_Pseudomonas_syringae_pv._tomato_str._DC3000
t3e:WP_168426712.1_Erwinia_amylovora	t3e:sp|Q9F3T4|AVRP2_PSESJProbable_Pseudomonas_syringae
t3e:HpaA_Xanthomonas_axonopodis_pv._citri_(strain_306)	t3e:HpaA_Xanthomonas_axonopodis_pv._citri_(strain_306)
t3e:HpaA_Xanthomonas_axonopodis_pv._citri_(strain_306)	t3e:AAY50066.1_Xanthomonas_campestris
t3e:Hpa1_Xanthomonas_citri_subsp._citri_Aw12879	t3e:Hpa1_Xanthomonas_citri_subsp._citri_Aw12879
t3e:Hpa1_Xanthomonas_citri_subsp._citri_Aw12879	t3e:tr|Q83XF9|Q83XF9_9XANTHpaG_Xanthomonas_axonopodis_pv._glycines
t3e:XopC2_Xanthomonas_oryzae_pv._oryzae_KACC_10331	t3e:XopC2_Xanthomonas_oryzae_pv._oryzae_KACC_10331
t3e:AvrXv4_Xanthomonas	t3e:AvrXv4_Xanthomonas
t3e:AvrXv4_Xanthomonas	t3e:XopJ4_Xanthomonas_perforans
t3e:XopK_CAJ24946.1_Xanthomonas_euvesicatoria_pv._vesicatoria_str._85-10	t3e:XopK_CAJ24946.1_Xanthomonas_euvesicatoria_pv._vesicatoria_str._85-10
t3e:XopM_WP_011346113.1_Xanthomonas_euvesicatoria	t3e:XopM_WP_011346113.1_Xanthomonas_euvesicatoria
t3e:XopM_WP_011346113.1_Xanthomonas_euvesicatoria	t3e:XopM_WP_033478973.1_Xanthomonas_perforans
t3e:XopR_Xanthomonas_euvesicatoria	t3e:XopR_Xanthomonas_euvesicatoria
t3e:XopR_Xanthomonas_euvesicatoria	t3e:common_XopR__genbank_WP_011035513.1__uniprot_B0RM24__species_Xanthomonas_oryzae_pv._oryzae
t3e:XopS_CAJ21955.1_Xanthomonas_euvesicatoria_pv._vesicatoria_str._85-10	t3e:XopS_CAJ21955.1_Xanthomonas_euvesicatoria_pv._vesicatoria_str._85-10
t3e:XopS_CAJ21955.1_Xanthomonas_euvesicatoria_pv._vesicatoria_str._85-10	t3e:AAM35207.1_Xanthomonas_citri_pv._citri_str._306
t3e:XopS_CAJ21955.1_Xanthomonas_euvesicatoria_pv._vesicatoria_str._85-10	t3e:XopS_WP_008575620.1_Xanthomonas_perforans
t3e:XopV22_WP_011346283.1_Xanthomonas_euvesicatoria	t3e:XopV22_WP_011346283.1_Xanthomonas_euvesicatoria
t3e:XopV22_WP_011346283.1_Xanthomonas_euvesicatoria	t3e:G7TBH8_Xanthomonas_oryzae
t3e:XopV22_WP_011346283.1_Xanthomonas_euvesicatoria	t3e:AAM35490.1_Xanthomonas_citri_pv._citri_str._306
t3e:XopV22_WP_011346283.1_Xanthomonas_euvesicatoria	t3e:XopV_WP_033479329.1_Xanthomonas_perforans
t3e:XopAF_WP_080721037.1_Xanthomonas	t3e:XopAF_WP_080721037.1_Xanthomonas
t3e:XopAF_WP_080721037.1_Xanthomonas	t3e:XopAF_WP_008577605.1_Xanthomonas
t3e:XopAG_AAM42870.1_Xanthomonas_campestris_pv._campestris_str._ATCC_3391	t3e:XopAG_AAM42870.1_Xanthomonas_campestris_pv._campestris_str._ATCC_3391
t3e:XopAG_AAM42870.1_Xanthomonas_campestris_pv._campestris_str._ATCC_3391	t3e:B0RN80_Xanthomonas_campestris
t3e:XopAG_AAM42870.1_Xanthomonas_campestris_pv._campestris_str._ATCC_3391	t3e:AAY47644.1_Xanthomonas_campestris_pv._campestris_str._8004
t3e:XopAK_Xanthomonas_euvesicatoria_pv._vesicatoria_str._85-10	t3e:XopAK_Xanthomonas_euvesicatoria_pv._vesicatoria_str._85-10
t3e:avrrpm1_Pseudomonas_syringae_pv._actinidiae	t3e:avrrpm1_Pseudomonas_syringae_pv._actinidiae
t3e:avrrpm1_Pseudomonas_syringae_pv._actinidiae	t3e:tr|Q4ZYH0|Q4ZYH0_PSEU2Type_Pseudomonas_syringae_pv._syringae_B728a
t3e:avrrpm1_Pseudomonas_syringae_pv._actinidiae	t3e:tr|Q52537|Q52537_PSESXAvrPmaA1_Pseudomonas_syringae_pv._maculicola_str._M6
t3e:hopH2_Pseudomonas_syringae_group	t3e:hopH2_Pseudomonas_syringae_group
t3e:hopH3_Pseudomonas_syringae_group	t3e:hopH3_Pseudomonas_syringae_group
t3e:hopT1_Pseudomonas_syringae_group_genomosp._2	t3e:hopT1_Pseudomonas_syringae_group_genomosp._2
t3e:hopX2_Pseudomonas_syringae_group	t3e:hopX2_Pseudomonas_syringae_group
t3e:hopX2_Pseudomonas_syringae_group	t3e:common_HopPmaB__genbank_AAL84240.1__uniprot_Q8RP16__species_Pseudomonas_syringae_pv._maculicola
t3e:hopX2_Pseudomonas_syringae_group	t3e:common_XopE2Xcc__uniprot_A0A0H2XAD1__genbank_AAY49651.1__species_Xanthomonas_campestris_pv._campestris_str._8004
t3e:hopX2_Pseudomonas_syringae_group	t3e:tr|D4TBP8|D4TBP8_XANCI_Xanthomonas_citri_pv._aurantifolii
t3e:hopX2_Pseudomonas_syringae_group	t3e:D4SYI9_Xanthomonas_citri_pv._aurantifolii
t3e:hopX2_Pseudomonas_syringae_group	t3e:AAM35178.1_Xanthomonas_citri_pv._citri_str._306
t3e:hopX2_Pseudomonas_syringae_group	t3e:XopE1_WP_008572319.1_Xanthomonas_perforans
t3e:hopX2_Pseudomonas_syringae_group	t3e:XopE2_WP_033482209.1_Xanthomonas
t3e:hopX2_Pseudomonas_syringae_group	t3e:XopE1_WP_011345998.1_Xanthomonas_euvesicatoria
t3e:hopX2_Pseudomonas_syringae_group	t3e:XopE2_WP_011347479.1_Xanthomonas_euvesicatoria
t3e:hopZ4_Pseudomonas_syringae_group	t3e:hopZ4_Pseudomonas_syringae_group
t3e:hopZ5_Pseudomonas_syringae	t3e:hopZ5_Pseudomonas_syringae
t3e:hopAE1_Pseudomonas_syringae_pv._maculicola	t3e:hopAE1_Pseudomonas_syringae_pv._maculicola
t3e:hopAE1_Pseudomonas_syringae_pv._maculicola	t3e:F3IP91_Pseudomonas_amygdali_pv._lachrymans_str._M302278
t3e:hopAE1_Pseudomonas_syringae_pv._maculicola	t3e:sp|Q48DU8|HOAE1_PSE14Effector_Pseudomonas_savastanoi_pv._phaseolicola
t3e:hopAE1_Pseudomonas_syringae_pv._maculicola	t3e:sp|Q7PC62|HOAE1_PSEU2Effector_Pseudomonas_syringae
t3e:hopAE1_Pseudomonas_syringae_pv._maculicola	t3e:D7I512_Pseudomonas_savastanoi_pv._savastanoi
t3e:hopAE1_Pseudomonas_syringae_pv._maculicola	t3e:E7PJ87_Pseudomonas_savastanoi
t3e:hopAE1_Pseudomonas_syringae_pv._maculicola	t3e:F2ZPK9_Pseudomonas_coronafaciens_pv._oryzae_str._1_6
t3e:hopAE1_Pseudomonas_syringae_pv._maculicola	t3e:F3C0B4_Pseudomonas_savastanoi_pv._glycinea_str._race_4
t3e:hopAE1_Pseudomonas_syringae_pv._maculicola	t3e:F3DH97_Pseudomonas_syringae_group
t3e:hopAE1_Pseudomonas_syringae_pv._maculicola	t3e:F3EHJ5_Pseudomonas_amygdali
t3e:hopAE1_Pseudomonas_syringae_pv._maculicola	t3e:F3ETY7_Pseudomonas_amygdali_pv._mori_str._301020
t3e:hopAE1_Pseudomonas_syringae_pv._maculicola	t3e:F3H1H1_Pseudomonas_syringae
t3e:hopAE1_Pseudomonas_syringae_pv._maculicola	t3e:F3JCN1_Pseudomonas_syringae_pv._aceris_str._M302273
t3e:hopAE1_Pseudomonas_syringae_pv._maculicola	t3e:F3K2Q7_Pseudomonas_amygdali
t3e:hopAE1_Pseudomonas_syringae_pv._maculicola	t3e:Q0EDS4_Pseudomonas_savastanoi
t3e:hopAE1_Pseudomonas_syringae_pv._maculicola	t3e:E7PAC9_Pseudomonas_savastanoi
t3e:hopAE1_Pseudomonas_syringae_pv._maculicola	t3e:sp|Q6J2E6|HOPW2_PSEYMPutative_Pseudomonas_syringae
t3e:hopAE1_Pseudomonas_syringae_pv._maculicola	t3e:E2MLS1_Pseudomonas_syringae_group
t3e:hopAE1_Pseudomonas_syringae_pv._maculicola	t3e:F3K730_Pseudomonas_syringae_group
t3e:hopAE1_Pseudomonas_syringae_pv._maculicola	t3e:F3DPC2_Pseudomonas_syringae_group
t3e:hopAE1_Pseudomonas_syringae_pv._maculicola	t3e:EGH63153.1_Pseudomonas_syringae_pv._maculicola_str._ES4326
t3e:hopAE1_Pseudomonas_syringae_pv._maculicola	t3e:hopW1_Pseudomonas_syringae
t3e:hopAE1_Pseudomonas_syringae_pv._maculicola	t3e:common_HopW1-1__genbank_AAL84239.1__uniprot_Q8RP17__species_Pseudomonas_syringae_pv._maculicola
t3e:hopAO2_Pseudomonas_syringae_pv._philadelphi	t3e:hopAO2_Pseudomonas_syringae_pv._philadelphi
t3e:common_hopAX1__uniprot_A0A3M2Y1S1__genbank_WP_024648313__species__Pseudomonas_syringae_group	t3e:common_hopAX1__uniprot_A0A3M2Y1S1__genbank_WP_024648313__species__Pseudomonas_syringae_group
t3e:hopAZ1_Pseudomonas_syringae_pv._actinidiae_str._M302091	t3e:hopAZ1_Pseudomonas_syringae_pv._actinidiae_str._M302091
t3e:hopAZ1_Pseudomonas_syringae_pv._actinidiae_str._M302091	t3e:EPF65946.1_Pseudomonas_syringae_pv._syringae_SM
t3e:common_HopBC1__uniprot_E5G0U6__genbank_WP_229768892.1__species_Pseudomonas_syringae	t3e:common_HopBC1__uniprot_E5G0U6__genbank_WP_229768892.1__species_Pseudomonas_syringae
t3e:common_HopBD2__genbank_ADP37913.1__uniprot_E3VXE8__species_Pseudomonas_syringae_pv._maculicola_str._ES4326	t3e:common_HopBD2__genbank_ADP37913.1__uniprot_E3VXE8__species_Pseudomonas_syringae_pv._maculicola_str._ES4326
t3e:common_HopBE1__uniprot_E5G0U8__genbank_ADQ74899.1__species_Pseudomonas	t3e:common_HopBE1__uniprot_E5G0U8__genbank_ADQ74899.1__species_Pseudomonas
t3e:hopBF1_Pseudomonas_syringae_group	t3e:hopBF1_Pseudomonas_syringae_group
t3e:hopBF1_Pseudomonas_syringae_group	t3e:tr|A0A2S4J8L5|A0A2S4J8L5_PSESY_Pseudomonas_syringae_pv._syringae
t3e:hopBG1_Pseudomonas_syringae_pv._maculicola_str._ES4326	t3e:hopBG1_Pseudomonas_syringae_pv._maculicola_str._ES4326
t3e:common_hopBH1__uniprot_F2ZKN8__genbank_WP_005891668.1__species__Pseudomonas_syringae_group	t3e:common_hopBH1__uniprot_F2ZKN8__genbank_WP_005891668.1__species__Pseudomonas_syringae_group
t3e:common_hopBI1__uniparc_UPI0002F2D0EB__genbank_WP_234887616.1__species__Pseudomonas_syringae_group	t3e:common_hopBI1__uniparc_UPI0002F2D0EB__genbank_WP_234887616.1__species__Pseudomonas_syringae_group
t3e:common_HopBJ1__uniprot_T1WHI7__genbank_AGU17000.1__species_Pseudomonas_syringae	t3e:common_HopBJ1__uniprot_T1WHI7__genbank_AGU17000.1__species_Pseudomonas_syringae
t3e:common_HOPBK1__genbank__WP_002553086.1__species_Pseudomonas_savastanoi	t3e:common_HOPBK1__genbank__WP_002553086.1__species_Pseudomonas_savastanoi
t3e:common_HOPBL1__genbank__KPB19313.1__species_Pseudomonas_savastanoi	t3e:common_HOPBL1__genbank__KPB19313.1__species_Pseudomonas_savastanoi
t3e:common_HOPBL2__genbank__WP_002555455.1__species_Pseudomonas_savastanoi	t3e:common_HOPBL2__genbank__WP_002555455.1__species_Pseudomonas_savastanoi
t3e:common_HOPBL2__genbank__WP_002555455.1__species_Pseudomonas_savastanoi	t3e:common_HopAT1__genbank_AAX12109.1__uniprot_Q5DI81__species_Pseudomonas_savastanoi_pv._phaseolicola
t3e:common_HOPBL2__genbank__WP_002555455.1__species_Pseudomonas_savastanoi	t3e:common_HopAV1__genbank_AAX12111.1__uniprot_Q5DI79__species_Pseudomonas_savastanoi_pv._phaseolicola
t3e:common_HOPBL2__genbank__WP_002555455.1__species_Pseudomonas_savastanoi	t3e:E2MM96_Pseudomonas_syringae_pv._tomato
t3e:common_HOPBL2__genbank__WP_002555455.1__species_Pseudomonas_savastanoi	t3e:sp|P11437|AVRA_PSESGAvirulence_Pseudomonas_savastanoi_pv._glycinea
t3e:common_hopBM1__uniprot_Q88BW6__genbank_WP_011102937.1__species_Pseudomonas_syringae_group_genomosp._3	t3e:common_hopBM1__uniprot_Q88BW6__genbank_WP_011102937.1__species_Pseudomonas_syringae_group_genomosp._3
t3e:hopBN_Pseudomonas_syringae	t3e:hopBN_Pseudomonas_syringae
t3e:hopBN_Pseudomonas_syringae	t3e:Eop3_Erwinia_amylovora
t3e:RipAB_Ralstonia_solanacearum	t3e:RipAB_Ralstonia_solanacearum
t3e:RipAB_Ralstonia_solanacearum	t3e:RCFBP_mp20321_Ralstonia_solanacearum_CFBP2957
t3e:RipAB_Ralstonia_solanacearum	t3e:RSPO_m01195_Ralstonia_solanacearum_Po82_
t3e:RipAB_Ralstonia_solanacearum	t3e:CMR15v4_mp10857_Ralstonia_solanacearum_CMR15
t3e:RipAB_Ralstonia_solanacearum	t3e:common_rip48__uniprot_Q9RBS1__genbank_WP_011004173.1__species__Ralstonia_solanacearum
t3e:RipAB_Ralstonia_solanacearum	t3e:RPSI07_mp0823_Ralstonia_solanacearum_PSI07
t3e:RipAF1_Ralstonia_pseudosolanacearum	t3e:RipAF1_Ralstonia_pseudosolanacearum
t3e:RipAF1_Ralstonia_pseudosolanacearum	t3e:CMR15v4_mp10795_Ralstonia_solanacearum_CMR15
t3e:RipAF1_Ralstonia_pseudosolanacearum	t3e:common_rip40__uniprot_Q8XRK9__genbank_CAD17973.2__species__Ralstonia_solanacearum
t3e:RipAF1_Ralstonia_pseudosolanacearum	t3e:RSPO_m01140_Ralstonia_solanacearum_Po82_
t3e:RipAF1_Ralstonia_pseudosolanacearum	t3e:RCFBP_mp20263_Ralstonia_solanacearum_CFBP2957
t3e:RipAK_Ralstonia_solanacearum_SD54	t3e:RipAK_Ralstonia_solanacearum_SD54
t3e:RipAK_Ralstonia_solanacearum_SD54	t3e:common_rip23__uniprot_Q8XWW1__genbank_CAD16066.2__species__Ralstonia_solanacearum
t3e:ripAX2_Ralstonia_solanacearum	t3e:ripAX2_Ralstonia_solanacearum
t3e:ripAX2_Ralstonia_solanacearum	t3e:B5S647_Ralstonia_solanacearum
t3e:ripAX2_Ralstonia_solanacearum	t3e:C0SPQ4_Ralstonia_solanacearum
t3e:RipF2_Ralstonia_solanacearum	t3e:RipF2_Ralstonia_solanacearum
t3e:RipF2_Ralstonia_solanacearum	t3e:RCFBP_mp30453_Ralstonia_solanacearum_CFBP2957
t3e:RipF2_Ralstonia_solanacearum	t3e:RSPO_m01557_Ralstonia_solanacearum_Po82_
t3e:RipS1_Ralstonia_solanacearum	t3e:RipS1_Ralstonia_solanacearum
t3e:RipS2_Ralstonia_solanacearum	t3e:RipS2_Ralstonia_solanacearum
t3e:RipS2_Ralstonia_solanacearum	t3e:CMR15v4_mp30022_Ralstonia_solanacearum_CMR15
t3e:RipS2_Ralstonia_solanacearum	t3e:common_rip65__uniprot_Q8XQB2__genbank_CAD18525.1__species__Ralstonia_solanacearum
t3e:RipS2_Ralstonia_solanacearum	t3e:B5S3B6_Ralstonia_solanacearum
t3e:RipS2_Ralstonia_solanacearum	t3e:RCFBP_mp30140_Ralstonia_solanacearum_CFBP2957
t3e:RipS2_Ralstonia_solanacearum	t3e:RSPO_m00690_Ralstonia_solanacearum_Po82_
t3e:RipS2_Ralstonia_solanacearum	t3e:RPSI07_mp1356_Ralstonia_solanacearum_PSI07
t3e:XopBC_Xanthomonas_hortorum	t3e:XopBC_Xanthomonas_hortorum
t3e:XopBD_Xanthomonas_hortorum_pv._pelargonii	t3e:XopBD_Xanthomonas_hortorum_pv._pelargonii
t3e:XopBD_Xanthomonas_hortorum_pv._pelargonii	t3e:G0CIQ0_Xanthomonas_campestris_pv._raphani_756C
t3e:XopBE_Xanthomonas_hortorum	t3e:XopBE_Xanthomonas_hortorum
t3e:XopBF_Xanthomonas_fragariae	t3e:XopBF_Xanthomonas_fragariae
t3e:common_XopBG__uniprac_UPI0011AB4D9B__genbank_WP_145953988.1__species_Xanthomonas_fragariae	t3e:common_XopBG__uniprac_UPI0011AB4D9B__genbank_WP_145953988.1__species_Xanthomonas_fragariae
t3e:common_IncA_family_protein__genbank_BAA99234.1__uniprot_Q9JS06__species_Chlamydia_pneumoniae	t3e:common_IncA_family_protein__genbank_BAA99234.1__uniprot_Q9JS06__species_Chlamydia_pneumoniae
t3e:common_CPj0517/CP0236__genbank_BAA98723.1__uniprot_Q9K2B7__species_Chlamydia_pneumoniae	t3e:common_CPj0517/CP0236__genbank_BAA98723.1__uniprot_Q9K2B7__species_Chlamydia_pneumoniae
t3e:common_SG0764__uniprot_Q2NUY6__genbank_BAE74039.1__species_Sodalis_glossinidius_str._'morsitans'	t3e:common_SG0764__uniprot_Q2NUY6__genbank_BAE74039.1__species_Sodalis_glossinidius_str._'morsitans'
t3e:common_APS58_1000star__species_Acidovorax_citrulli	t3e:common_APS58_1000star__species_Acidovorax_citrulli
t3e:common_SrfJ__uniprot_H9L4C2__genbank_AAL23246.1__species_Salmonella_enterica_subsp._enterica_serovar_Typhimurium_str._LT2	t3e:common_SrfJ__uniprot_H9L4C2__genbank_AAL23246.1__species_Salmonella_enterica_subsp._enterica_serovar_Typhimurium_str._LT2
t3e:common_HrpE3__uniprot_Q0VHC3__genbank_ABH07404.1__species_Xanthomonas_oryzae_pv._oryzicola	t3e:common_HrpE3__uniprot_Q0VHC3__genbank_ABH07404.1__species_Xanthomonas_oryzae_pv._oryzicola
t3e:common_CT144__uniprot_O84146__genbank_WP_010725090.1__species_Chlamydia_trachomatis_D/UW3/CX	t3e:common_CT144__uniprot_O84146__genbank_WP_010725090.1__species_Chlamydia_trachomatis_D/UW3/CX
t3e:common_CT016__uniprot_O84019__genbank_WP_010724984__species_Chlamydia_trachomatis_D/UW3/CX	t3e:common_CT016__uniprot_O84019__genbank_WP_010724984__species_Chlamydia_trachomatis_D/UW3/CX
t3e:common_CT622__uniprot_O84627__genbank_WP_010725278.1__species_Chlamydia_trachomatis_D/UW3/CX	t3e:common_CT622__uniprot_O84627__genbank_WP_010725278.1__species_Chlamydia_trachomatis_D/UW3/CX
t3e:common_copN__uniprot_O84091__genbank_WP_009873042.1__species_Chlamydia_trachomatis_D/UW3/CX	t3e:common_copN__uniprot_O84091__genbank_WP_009873042.1__species_Chlamydia_trachomatis_D/UW3/CX
t3e:common_CopB__uniprot_O84582__genbank_WP_009871943.1__species_Chlamydia_trachomatis_D/UW3/CX	t3e:common_CopB__uniprot_O84582__genbank_WP_009871943.1__species_Chlamydia_trachomatis_D/UW3/CX
t3e:common_XopXccLR__uniprot_A0A0H2XEN0__genbank_AAY51309.1__species_Xanthomonas_campestris_pv._campestris_str._8004	t3e:common_XopXccLR__uniprot_A0A0H2XEN0__genbank_AAY51309.1__species_Xanthomonas_campestris_pv._campestris_str._8004
t3e:common_XopXccLR__uniprot_A0A0H2XEN0__genbank_AAY51309.1__species_Xanthomonas_campestris_pv._campestris_str._8004	t3e:tr|Q8P390|Q8P390_XANCP_Xanthomonas_campestris
t3e:common_pemB__uniprot_A0A0H2Z9C0__genbank_WP_003140206.1__species_Pseudomonas_aeruginosa	t3e:common_pemB__uniprot_A0A0H2Z9C0__genbank_WP_003140206.1__species_Pseudomonas_aeruginosa
t3e:common_pemA__uniprot_A0A0H2ZEX1__genbank_ABJ12917.1__species_Pseudomonas_aeruginosa	t3e:common_pemA__uniprot_A0A0H2ZEX1__genbank_ABJ12917.1__species_Pseudomonas_aeruginosa
t3e:common_AvrXccC__uniprot_A5HIE4__genbank_ABQ10636.1__species_Xanthomonas_campestris_pv._campestris_str._8004	t3e:common_AvrXccC__uniprot_A5HIE4__genbank_ABQ10636.1__species_Xanthomonas_campestris_pv._campestris_str._8004
t3e:common_AvrXccC__uniprot_A5HIE4__genbank_ABQ10636.1__species_Xanthomonas_campestris_pv._campestris_str._8004	t3e:XopBB_Xanthomonas_hortorum_pv._pelargonii
t3e:common_CTL0404__uniprot_A0A0H3MKN3__genbank_CAP03844.1__species_Chlamydia_trachomatis_serovar_L2	t3e:common_CTL0404__uniprot_A0A0H3MKN3__genbank_CAP03844.1__species_Chlamydia_trachomatis_serovar_L2
t3e:common_incC__uniprot_A0A0H3MKU4__genbank_CAP03925.1__species_Chlamydia_trachomatis_serovar_L2	t3e:common_incC__uniprot_A0A0H3MKU4__genbank_CAP03925.1__species_Chlamydia_trachomatis_serovar_L2
t3e:common_incC__uniprot_A0A0H3MKU4__genbank_CAP03925.1__species_Chlamydia_trachomatis_serovar_L2	t3e:common_IncC__uniprot_O84236__genbank_WP_009871580.1__species_Chlamydia_trachomatis
t3e:common_CT195__uniprot_O84198__genbank_WP_010725118.1__species_Chlamydia_trachomatis_D/UW3/CX	t3e:common_CT195__uniprot_O84198__genbank_WP_010725118.1__species_Chlamydia_trachomatis_D/UW3/CX
t3e:common_CT226__uniprot_O84229__genbank_WP_010725129.1__species_Chlamydia_trachomatis_D/UW3/CX	t3e:common_CT226__uniprot_O84229__genbank_WP_010725129.1__species_Chlamydia_trachomatis_D/UW3/CX
t3e:common_CT228__uniprot_O84231__genbank_WP_009873080.1__species_Chlamydia_trachomatis_D/UW3/CX	t3e:common_CT228__uniprot_O84231__genbank_WP_009873080.1__species_Chlamydia_trachomatis_D/UW3/CX
t3e:common_CT249__uniprot_O84251__genbank_WP_010725138.1__species_Chlamydia_trachomatis_D/UW3/CX	t3e:common_CT249__uniprot_O84251__genbank_WP_010725138.1__species_Chlamydia_trachomatis_D/UW3/CX
t3e:common_CT324__uniprot_O84326__genbank_WP_009871671.1__species_Chlamydia_trachomatis_D/UW3/CX	t3e:common_CT324__uniprot_O84326__genbank_WP_009871671.1__species_Chlamydia_trachomatis_D/UW3/CX
t3e:common_CT358__uniprot_O84363__genbank_WP_010725170.1__species_Chlamydia_trachomatis_D/UW3/CX	t3e:common_CT358__uniprot_O84363__genbank_WP_010725170.1__species_Chlamydia_trachomatis_D/UW3/CX
t3e:common_CT383__uniprot_O84388__genbank_WP_009871735.1__species_Chlamydia_trachomatis_D/UW3/CX	t3e:common_CT383__uniprot_O84388__genbank_WP_009871735.1__species_Chlamydia_trachomatis_D/UW3/CX
t3e:common_CT440__uniprot_O84447__genbank_WP_009871795.1__species_Chlamydia_trachomatis_D/UW3/CX	t3e:common_CT440__uniprot_O84447__genbank_WP_009871795.1__species_Chlamydia_trachomatis_D/UW3/CX
t3e:common_CT579__uniprot_O84583__genbank_WP_009871944.1__species_Chlamydia_trachomatis_D/UW3/CX	t3e:common_CT579__uniprot_O84583__genbank_WP_009871944.1__species_Chlamydia_trachomatis_D/UW3/CX
t3e:common_CT671__uniprot_O84678__genbank_WP_009872043.1__species_Chlamydia_trachomatis_D/UW3/CX	t3e:common_CT671__uniprot_O84678__genbank_WP_009872043.1__species_Chlamydia_trachomatis_D/UW3/CX
t3e:common_CT860__uniprot_O84868__genbank_WP_010725373.1__species_Chlamydia_trachomatis_D/UW3/CX	t3e:common_CT860__uniprot_O84868__genbank_WP_010725373.1__species_Chlamydia_trachomatis_D/UW3/CX
t3e:common_CT_652.1__uniprot_O84659__genbank_WP_009872024.1__species_Chlamydia_trachomatis_D/UW3/CX	t3e:common_CT_652.1__uniprot_O84659__genbank_WP_009872024.1__species_Chlamydia_trachomatis_D/UW3/CX
t3e:common_CT_606.1__uniprot_O84612__genbank_WP_010725271.1__species_Chlamydia_trachomatis_D/UW3/CX	t3e:common_CT_606.1__uniprot_O84612__genbank_WP_010725271.1__species_Chlamydia_trachomatis_D/UW3/CX
t3e:common_incE__uniprot_P0DJI4__genbank_WP_010725071.1__species_Chlamydia_trachomatis_D/UW3/CX	t3e:common_incE__uniprot_P0DJI4__genbank_WP_010725071.1__species_Chlamydia_trachomatis_D/UW3/CX
t3e:common_incE__uniprot_P0DJI4__genbank_WP_010725071.1__species_Chlamydia_trachomatis_D/UW3/CX	t3e:sp|B0B9M4|INCE_CHLT2Inclusion_Chlamydia_trachomatis
t3e:common_incE__uniprot_P0DJI4__genbank_WP_010725071.1__species_Chlamydia_trachomatis_D/UW3/CX	t3e:tr|B7SCF5|B7SCF5_CHLTH_Chlamydia_trachomatis
t3e:common_CT058__uniprot_O84061__genbank_WP_010725013.1__species_Chlamydia_trachomatis_D/UW3/CX	t3e:common_CT058__uniprot_O84061__genbank_WP_010725013.1__species_Chlamydia_trachomatis_D/UW3/CX
t3e:D2U1Z0_Arsenophonus_nasoniae	t3e:D2U1Z0_Arsenophonus_nasoniae
t3e:common_HopP1/HopPtoP__uniprot_Q882F0__genbank_AAO56180.1__species_Pseudomonas_syringae_pv._tomato_str._DC3000	t3e:common_HopP1/HopPtoP__uniprot_Q882F0__genbank_AAO56180.1__species_Pseudomonas_syringae_pv._tomato_str._DC3000
t3e:common_HopBD1__genbank_ADQ74898.1__uniprot_E5G0U7__species_Pseudomonas_amygdali_pv._lachrymans_str._M301315	t3e:common_HopBD1__genbank_ADQ74898.1__uniprot_E5G0U7__species_Pseudomonas_amygdali_pv._lachrymans_str._M301315
t3e:common_HopBD1__genbank_ADQ74898.1__uniprot_E5G0U7__species_Pseudomonas_amygdali_pv._lachrymans_str._M301315	t3e:hopBD1_Pseudomonas_caricapapayae
t3e:common_HrpP1__uniprot_Q9F0H5__genbank_AAO54920.1__species_Pseudomonas_syringae_pv._tomato_str._DC3000	t3e:common_HrpP1__uniprot_Q9F0H5__genbank_AAO54920.1__species_Pseudomonas_syringae_pv._tomato_str._DC3000
t3e:common_HrpF__genbank_WP_003375722.1__uniprot_Q887C3__species_Pseudomonas_syringae_pv._tomato_str._DC3000	t3e:common_HrpF__genbank_WP_003375722.1__uniprot_Q887C3__species_Pseudomonas_syringae_pv._tomato_str._DC3000
