train_mcc,train_auprc,validation_mcc,validation_auprc,test_mcc,test_auprc,test_elapsed_time,model_id,training_mode,number_of_parameters (millions)
0.9339999671600812,0.9801766152088264,0.7972585385091238,0.8759294110640063,0.816937642062202,0.9141037678693034,7.361980676651001,esm_6,finetune,8
0.8916130469148165,0.9721117667312544,0.8076127057908077,0.9000798974504733,0.840989899020691,0.9341076276854892,20.05611777305603,esm_12,finetune,35
0.9622820486086864,0.9959300419785668,0.8285603376802801,0.8972857107084922,0.871842988339245,0.9346437059515916,38.72068905830383,esm_30,finetune,150
0.9966770494486014,0.9998676568646128,0.8543643668371789,0.9146861541032508,0.8358615228768015,0.9360522241791795,90.77534866333008,esm_33,finetune,650
0.9835604074988884,0.9992316095758296,0.8589178051750154,0.9480498424839064,0.8654217114771783,0.9579390974675782,476.72791051864624,esm_36,finetune,3000
0.966447714583712,0.996632496947311,0.7601104438626536,0.8727394252707058,0.7076276046177763,0.8783910835956261,7.190492937108502,protein_bert,finetune,16
0.9363568823731344,0.9863478173722948,0.9052614384198202,0.9628494493900988,0.915217011355686,0.9721961240499256,214.02049493789676,pt5,finetune,3000
