ecoli:lcl|NC_000913.3_prot_NP_414542.1_1	ecoli:lcl|NC_000913.3_prot_NP_414542.1_1
ecoli:lcl|NC_000913.3_prot_NP_414543.1_2	ecoli:lcl|NC_000913.3_prot_NP_414543.1_2
ecoli:lcl|NC_000913.3_prot_NP_414544.1_3	ecoli:lcl|NC_000913.3_prot_NP_414544.1_3
ecoli:lcl|NC_000913.3_prot_NP_414545.1_4	ecoli:lcl|NC_000913.3_prot_NP_414545.1_4
ecoli:lcl|NC_000913.3_prot_NP_414546.1_5	ecoli:lcl|NC_000913.3_prot_NP_414546.1_5
ecoli:lcl|NC_000913.3_prot_NP_414546.1_5	ecoli:lcl|NC_000913.3_prot_NP_416891.1_2371
ecoli:lcl|NC_000913.3_prot_NP_414547.1_6	ecoli:lcl|NC_000913.3_prot_NP_414547.1_6
ecoli:lcl|NC_000913.3_prot_NP_414548.1_7	ecoli:lcl|NC_000913.3_prot_NP_414548.1_7
ecoli:lcl|NC_000913.3_prot_NP_414550.1_9	ecoli:lcl|NC_000913.3_prot_NP_414550.1_9
ecoli:lcl|NC_000913.3_prot_NP_414551.1_10	ecoli:lcl|NC_000913.3_prot_NP_414551.1_10
ecoli:lcl|NC_000913.3_prot_NP_414552.1_11	ecoli:lcl|NC_000913.3_prot_NP_414552.1_11
ecoli:lcl|NC_000913.3_prot_YP_009518733.1_12	ecoli:lcl|NC_000913.3_prot_YP_009518733.1_12
ecoli:lcl|NC_000913.3_prot_NP_414554.1_13	ecoli:lcl|NC_000913.3_prot_NP_414554.1_13
ecoli:lcl|NC_000913.3_prot_NP_414555.1_14	ecoli:lcl|NC_000913.3_prot_NP_414555.1_14
ecoli:lcl|NC_000913.3_prot_NP_414557.1_16	ecoli:lcl|NC_000913.3_prot_NP_414557.1_16
ecoli:lcl|NC_000913.3_prot_NP_414557.1_16	ecoli:lcl|NC_000913.3_prot_NP_415114.1_573
ecoli:lcl|NC_000913.3_prot_NP_414557.1_16	ecoli:lcl|NC_000913.3_prot_NP_416895.2_2375
ecoli:lcl|NC_000913.3_prot_YP_025292.1_18	ecoli:lcl|NC_000913.3_prot_YP_025292.1_18
ecoli:lcl|NC_000913.3_prot_YP_025292.1_18	ecoli:lcl|NC_000913.3_prot_NP_414559.1_17
ecoli:lcl|NC_000913.3_prot_YP_025292.1_18	ecoli:lcl|NC_000913.3_prot_NP_416080.1_1555
ecoli:lcl|NC_000913.3_prot_NP_414560.1_19	ecoli:lcl|NC_000913.3_prot_NP_414560.1_19
ecoli:lcl|NC_000913.3_prot_NP_414561.1_20	ecoli:lcl|NC_000913.3_prot_NP_414561.1_20
ecoli:lcl|NC_000913.3_prot_NP_414562.1_21	ecoli:lcl|NC_000913.3_prot_NP_414562.1_21
ecoli:lcl|NC_000913.3_prot_NP_414562.1_21	ecoli:lcl|NC_000913.3_prot_YP_009518739.1_234
ecoli:lcl|NC_000913.3_prot_NP_414562.1_21	ecoli:lcl|NC_000913.3_prot_NP_414798.1_257
ecoli:lcl|NC_000913.3_prot_NP_414562.1_21	ecoli:lcl|NC_000913.3_prot_NP_414808.1_269
ecoli:lcl|NC_000913.3_prot_NP_414562.1_21	ecoli:lcl|NC_000913.3_prot_NP_415508.1_965
ecoli:lcl|NC_000913.3_prot_NP_414562.1_21	ecoli:lcl|NC_000913.3_prot_NP_416407.1_1892
ecoli:lcl|NC_000913.3_prot_NP_414562.1_21	ecoli:lcl|NC_000913.3_prot_NP_417902.1_3380
ecoli:lcl|NC_000913.3_prot_NP_414563.1_22	ecoli:lcl|NC_000913.3_prot_NP_414563.1_22
ecoli:lcl|NC_000913.3_prot_NP_414563.1_22	ecoli:lcl|NC_000913.3_prot_YP_009518740.1_235
ecoli:lcl|NC_000913.3_prot_NP_414563.1_22	ecoli:lcl|NC_000913.3_prot_NP_414799.1_258
ecoli:lcl|NC_000913.3_prot_NP_414563.1_22	ecoli:lcl|NC_000913.3_prot_NP_414809.1_270
ecoli:lcl|NC_000913.3_prot_NP_414563.1_22	ecoli:lcl|NC_000913.3_prot_YP_588445.1_964
ecoli:lcl|NC_000913.3_prot_NP_414563.1_22	ecoli:lcl|NC_000913.3_prot_NP_416408.1_1893
ecoli:lcl|NC_000913.3_prot_NP_414563.1_22	ecoli:lcl|NC_000913.3_prot_NP_417901.1_3379
ecoli:lcl|NC_000913.3_prot_NP_414563.1_22	ecoli:lcl|NC_000913.3_prot_NP_418714.1_4202
ecoli:lcl|NC_000913.3_prot_NP_414564.1_23	ecoli:lcl|NC_000913.3_prot_NP_414564.1_23
ecoli:lcl|NC_000913.3_prot_NP_414565.1_24	ecoli:lcl|NC_000913.3_prot_NP_414565.1_24
ecoli:lcl|NC_000913.3_prot_NP_414566.1_25	ecoli:lcl|NC_000913.3_prot_NP_414566.1_25
ecoli:lcl|NC_000913.3_prot_NP_414567.1_26	ecoli:lcl|NC_000913.3_prot_NP_414567.1_26
ecoli:lcl|NC_000913.3_prot_NP_414568.1_27	ecoli:lcl|NC_000913.3_prot_NP_414568.1_27
ecoli:lcl|NC_000913.3_prot_NP_414569.1_28	ecoli:lcl|NC_000913.3_prot_NP_414569.1_28
ecoli:lcl|NC_000913.3_prot_NP_414570.1_29	ecoli:lcl|NC_000913.3_prot_NP_414570.1_29
ecoli:lcl|NC_000913.3_prot_NP_414571.1_30	ecoli:lcl|NC_000913.3_prot_NP_414571.1_30
ecoli:lcl|NC_000913.3_prot_NP_414572.1_31	ecoli:lcl|NC_000913.3_prot_NP_414572.1_31
ecoli:lcl|NC_000913.3_prot_NP_414573.1_32	ecoli:lcl|NC_000913.3_prot_NP_414573.1_32
ecoli:lcl|NC_000913.3_prot_NP_414574.1_33	ecoli:lcl|NC_000913.3_prot_NP_414574.1_33
ecoli:lcl|NC_000913.3_prot_NP_414576.4_34	ecoli:lcl|NC_000913.3_prot_NP_414576.4_34
ecoli:lcl|NC_000913.3_prot_NP_414578.2_36	ecoli:lcl|NC_000913.3_prot_NP_414578.2_36
ecoli:lcl|NC_000913.3_prot_NP_414579.4_37	ecoli:lcl|NC_000913.3_prot_NP_414579.4_37
ecoli:lcl|NC_000913.3_prot_NP_414580.1_38	ecoli:lcl|NC_000913.3_prot_NP_414580.1_38
ecoli:lcl|NC_000913.3_prot_NP_414581.1_39	ecoli:lcl|NC_000913.3_prot_NP_414581.1_39
ecoli:lcl|NC_000913.3_prot_NP_414582.1_40	ecoli:lcl|NC_000913.3_prot_NP_414582.1_40
ecoli:lcl|NC_000913.3_prot_NP_414584.1_42	ecoli:lcl|NC_000913.3_prot_NP_414584.1_42
ecoli:lcl|NC_000913.3_prot_NP_414586.1_44	ecoli:lcl|NC_000913.3_prot_NP_414586.1_44
ecoli:lcl|NC_000913.3_prot_NP_414586.1_44	ecoli:lcl|NC_000913.3_prot_NP_416215.1_1693
ecoli:lcl|NC_000913.3_prot_NP_414587.1_45	ecoli:lcl|NC_000913.3_prot_NP_414587.1_45
ecoli:lcl|NC_000913.3_prot_NP_414588.1_46	ecoli:lcl|NC_000913.3_prot_NP_414588.1_46
ecoli:lcl|NC_000913.3_prot_NP_414590.1_48	ecoli:lcl|NC_000913.3_prot_NP_414590.1_48
ecoli:lcl|NC_000913.3_prot_NP_414591.1_49	ecoli:lcl|NC_000913.3_prot_NP_414591.1_49
ecoli:lcl|NC_000913.3_prot_NP_414592.1_50	ecoli:lcl|NC_000913.3_prot_NP_414592.1_50
ecoli:lcl|NC_000913.3_prot_NP_414593.1_51	ecoli:lcl|NC_000913.3_prot_NP_414593.1_51
ecoli:lcl|NC_000913.3_prot_NP_414594.1_52	ecoli:lcl|NC_000913.3_prot_NP_414594.1_52
ecoli:lcl|NC_000913.3_prot_NP_414595.1_53	ecoli:lcl|NC_000913.3_prot_NP_414595.1_53
ecoli:lcl|NC_000913.3_prot_NP_414596.1_54	ecoli:lcl|NC_000913.3_prot_NP_414596.1_54
ecoli:lcl|NC_000913.3_prot_NP_414597.1_55	ecoli:lcl|NC_000913.3_prot_NP_414597.1_55
ecoli:lcl|NC_000913.3_prot_YP_009518735.1_57	ecoli:lcl|NC_000913.3_prot_YP_009518735.1_57
ecoli:lcl|NC_000913.3_prot_NP_414600.1_58	ecoli:lcl|NC_000913.3_prot_NP_414600.1_58
ecoli:lcl|NC_000913.3_prot_NP_414601.1_59	ecoli:lcl|NC_000913.3_prot_NP_414601.1_59
ecoli:lcl|NC_000913.3_prot_NP_414602.1_60	ecoli:lcl|NC_000913.3_prot_NP_414602.1_60
ecoli:lcl|NC_000913.3_prot_NP_414604.1_62	ecoli:lcl|NC_000913.3_prot_NP_414604.1_62
ecoli:lcl|NC_000913.3_prot_NP_414605.1_63	ecoli:lcl|NC_000913.3_prot_NP_414605.1_63
ecoli:lcl|NC_000913.3_prot_NP_414606.1_64	ecoli:lcl|NC_000913.3_prot_NP_414606.1_64
ecoli:lcl|NC_000913.3_prot_NP_414607.1_65	ecoli:lcl|NC_000913.3_prot_NP_414607.1_65
ecoli:lcl|NC_000913.3_prot_NP_414608.1_66	ecoli:lcl|NC_000913.3_prot_NP_414608.1_66
ecoli:lcl|NC_000913.3_prot_NP_414609.1_67	ecoli:lcl|NC_000913.3_prot_NP_414609.1_67
ecoli:lcl|NC_000913.3_prot_NP_414610.1_68	ecoli:lcl|NC_000913.3_prot_NP_414610.1_68
ecoli:lcl|NC_000913.3_prot_NP_414611.1_69	ecoli:lcl|NC_000913.3_prot_NP_414611.1_69
ecoli:lcl|NC_000913.3_prot_YP_002791237.1_70	ecoli:lcl|NC_000913.3_prot_YP_002791237.1_70
ecoli:lcl|NC_000913.3_prot_NP_414613.1_72	ecoli:lcl|NC_000913.3_prot_NP_414613.1_72
ecoli:lcl|NC_000913.3_prot_NP_414614.1_73	ecoli:lcl|NC_000913.3_prot_NP_414614.1_73
ecoli:lcl|NC_000913.3_prot_NP_414615.4_74	ecoli:lcl|NC_000913.3_prot_NP_414615.4_74
ecoli:lcl|NC_000913.3_prot_NP_414616.1_75	ecoli:lcl|NC_000913.3_prot_NP_414616.1_75
ecoli:lcl|NC_000913.3_prot_NP_414617.1_76	ecoli:lcl|NC_000913.3_prot_NP_414617.1_76
ecoli:lcl|NC_000913.3_prot_NP_414618.4_77	ecoli:lcl|NC_000913.3_prot_NP_414618.4_77
ecoli:lcl|NC_000913.3_prot_YP_009518736.1_78	ecoli:lcl|NC_000913.3_prot_YP_009518736.1_78
ecoli:lcl|NC_000913.3_prot_YP_025294.2_79	ecoli:lcl|NC_000913.3_prot_YP_025294.2_79
ecoli:lcl|NC_000913.3_prot_NP_414620.1_80	ecoli:lcl|NC_000913.3_prot_NP_414620.1_80
ecoli:lcl|NC_000913.3_prot_NP_414622.1_81	ecoli:lcl|NC_000913.3_prot_NP_414622.1_81
ecoli:lcl|NC_000913.3_prot_NP_414623.1_82	ecoli:lcl|NC_000913.3_prot_NP_414623.1_82
ecoli:lcl|NC_000913.3_prot_NP_414624.1_83	ecoli:lcl|NC_000913.3_prot_NP_414624.1_83
ecoli:lcl|NC_000913.3_prot_NP_414625.1_84	ecoli:lcl|NC_000913.3_prot_NP_414625.1_84
ecoli:lcl|NC_000913.3_prot_NP_414626.1_85	ecoli:lcl|NC_000913.3_prot_NP_414626.1_85
ecoli:lcl|NC_000913.3_prot_NP_414627.1_86	ecoli:lcl|NC_000913.3_prot_NP_414627.1_86
ecoli:lcl|NC_000913.3_prot_NP_414628.1_87	ecoli:lcl|NC_000913.3_prot_NP_414628.1_87
ecoli:lcl|NC_000913.3_prot_NP_414629.1_88	ecoli:lcl|NC_000913.3_prot_NP_414629.1_88
ecoli:lcl|NC_000913.3_prot_NP_414630.1_89	ecoli:lcl|NC_000913.3_prot_NP_414630.1_89
ecoli:lcl|NC_000913.3_prot_NP_414631.1_90	ecoli:lcl|NC_000913.3_prot_NP_414631.1_90
ecoli:lcl|NC_000913.3_prot_NP_414632.1_91	ecoli:lcl|NC_000913.3_prot_NP_414632.1_91
ecoli:lcl|NC_000913.3_prot_NP_414633.1_92	ecoli:lcl|NC_000913.3_prot_NP_414633.1_92
ecoli:lcl|NC_000913.3_prot_NP_414634.1_93	ecoli:lcl|NC_000913.3_prot_NP_414634.1_93
ecoli:lcl|NC_000913.3_prot_NP_414635.1_94	ecoli:lcl|NC_000913.3_prot_NP_414635.1_94
ecoli:lcl|NC_000913.3_prot_NP_414636.1_95	ecoli:lcl|NC_000913.3_prot_NP_414636.1_95
ecoli:lcl|NC_000913.3_prot_NP_414637.1_96	ecoli:lcl|NC_000913.3_prot_NP_414637.1_96
ecoli:lcl|NC_000913.3_prot_NP_414638.1_97	ecoli:lcl|NC_000913.3_prot_NP_414638.1_97
ecoli:lcl|NC_000913.3_prot_NP_414639.2_98	ecoli:lcl|NC_000913.3_prot_NP_414639.2_98
ecoli:lcl|NC_000913.3_prot_NP_414640.1_99	ecoli:lcl|NC_000913.3_prot_NP_414640.1_99
ecoli:lcl|NC_000913.3_prot_NP_414641.1_100	ecoli:lcl|NC_000913.3_prot_NP_414641.1_100
ecoli:lcl|NC_000913.3_prot_NP_414643.1_101	ecoli:lcl|NC_000913.3_prot_NP_414643.1_101
ecoli:lcl|NC_000913.3_prot_NP_414644.1_102	ecoli:lcl|NC_000913.3_prot_NP_414644.1_102
ecoli:lcl|NC_000913.3_prot_NP_414645.1_103	ecoli:lcl|NC_000913.3_prot_NP_414645.1_103
ecoli:lcl|NC_000913.3_prot_YP_009518737.1_104	ecoli:lcl|NC_000913.3_prot_YP_009518737.1_104
ecoli:lcl|NC_000913.3_prot_NP_414646.1_105	ecoli:lcl|NC_000913.3_prot_NP_414646.1_105
ecoli:lcl|NC_000913.3_prot_NP_414648.1_106	ecoli:lcl|NC_000913.3_prot_NP_414648.1_106
ecoli:lcl|NC_000913.3_prot_NP_414649.1_107	ecoli:lcl|NC_000913.3_prot_NP_414649.1_107
ecoli:lcl|NC_000913.3_prot_NP_414650.1_108	ecoli:lcl|NC_000913.3_prot_NP_414650.1_108
ecoli:lcl|NC_000913.3_prot_NP_414651.1_109	ecoli:lcl|NC_000913.3_prot_NP_414651.1_109
ecoli:lcl|NC_000913.3_prot_NP_414652.1_110	ecoli:lcl|NC_000913.3_prot_NP_414652.1_110
ecoli:lcl|NC_000913.3_prot_NP_414653.1_111	ecoli:lcl|NC_000913.3_prot_NP_414653.1_111
ecoli:lcl|NC_000913.3_prot_NP_414655.1_113	ecoli:lcl|NC_000913.3_prot_NP_414655.1_113
ecoli:lcl|NC_000913.3_prot_NP_414656.1_114	ecoli:lcl|NC_000913.3_prot_NP_414656.1_114
ecoli:lcl|NC_000913.3_prot_NP_414657.1_115	ecoli:lcl|NC_000913.3_prot_NP_414657.1_115
ecoli:lcl|NC_000913.3_prot_NP_414658.1_116	ecoli:lcl|NC_000913.3_prot_NP_414658.1_116
ecoli:lcl|NC_000913.3_prot_NP_414659.1_117	ecoli:lcl|NC_000913.3_prot_NP_414659.1_117
ecoli:lcl|NC_000913.3_prot_NP_414660.1_118	ecoli:lcl|NC_000913.3_prot_NP_414660.1_118
ecoli:lcl|NC_000913.3_prot_NP_414661.2_119	ecoli:lcl|NC_000913.3_prot_NP_414661.2_119
ecoli:lcl|NC_000913.3_prot_NP_414662.1_120	ecoli:lcl|NC_000913.3_prot_NP_414662.1_120
ecoli:lcl|NC_000913.3_prot_NP_414663.1_121	ecoli:lcl|NC_000913.3_prot_NP_414663.1_121
ecoli:lcl|NC_000913.3_prot_NP_414664.4_122	ecoli:lcl|NC_000913.3_prot_NP_414664.4_122
ecoli:lcl|NC_000913.3_prot_NP_414665.1_123	ecoli:lcl|NC_000913.3_prot_NP_414665.1_123
ecoli:lcl|NC_000913.3_prot_NP_414666.1_124	ecoli:lcl|NC_000913.3_prot_NP_414666.1_124
ecoli:lcl|NC_000913.3_prot_NP_414667.4_125	ecoli:lcl|NC_000913.3_prot_NP_414667.4_125
ecoli:lcl|NC_000913.3_prot_NP_414668.1_126	ecoli:lcl|NC_000913.3_prot_NP_414668.1_126
ecoli:lcl|NC_000913.3_prot_NP_414669.1_127	ecoli:lcl|NC_000913.3_prot_NP_414669.1_127
ecoli:lcl|NC_000913.3_prot_NP_414670.1_128	ecoli:lcl|NC_000913.3_prot_NP_414670.1_128
ecoli:lcl|NC_000913.3_prot_NP_414671.1_129	ecoli:lcl|NC_000913.3_prot_NP_414671.1_129
ecoli:lcl|NC_000913.3_prot_NP_414672.1_130	ecoli:lcl|NC_000913.3_prot_NP_414672.1_130
ecoli:lcl|NC_000913.3_prot_NP_414673.1_131	ecoli:lcl|NC_000913.3_prot_NP_414673.1_131
ecoli:lcl|NC_000913.3_prot_NP_414675.1_133	ecoli:lcl|NC_000913.3_prot_NP_414675.1_133
ecoli:lcl|NC_000913.3_prot_NP_414676.1_134	ecoli:lcl|NC_000913.3_prot_NP_414676.1_134
ecoli:lcl|NC_000913.3_prot_NP_414677.1_135	ecoli:lcl|NC_000913.3_prot_NP_414677.1_135
ecoli:lcl|NC_000913.3_prot_NP_414678.1_136	ecoli:lcl|NC_000913.3_prot_NP_414678.1_136
ecoli:lcl|NC_000913.3_prot_NP_414679.1_137	ecoli:lcl|NC_000913.3_prot_NP_414679.1_137
ecoli:lcl|NC_000913.3_prot_NP_414680.4_138	ecoli:lcl|NC_000913.3_prot_NP_414680.4_138
ecoli:lcl|NC_000913.3_prot_NP_414681.1_139	ecoli:lcl|NC_000913.3_prot_NP_414681.1_139
ecoli:lcl|NC_000913.3_prot_NP_414682.1_140	ecoli:lcl|NC_000913.3_prot_NP_414682.1_140
ecoli:lcl|NC_000913.3_prot_NP_414683.1_141	ecoli:lcl|NC_000913.3_prot_NP_414683.1_141
ecoli:lcl|NC_000913.3_prot_NP_414684.1_142	ecoli:lcl|NC_000913.3_prot_NP_414684.1_142
ecoli:lcl|NC_000913.3_prot_NP_414685.4_143	ecoli:lcl|NC_000913.3_prot_NP_414685.4_143
ecoli:lcl|NC_000913.3_prot_NP_414686.3_144	ecoli:lcl|NC_000913.3_prot_NP_414686.3_144
ecoli:lcl|NC_000913.3_prot_NP_414687.1_145	ecoli:lcl|NC_000913.3_prot_NP_414687.1_145
ecoli:lcl|NC_000913.3_prot_NP_414688.1_146	ecoli:lcl|NC_000913.3_prot_NP_414688.1_146
ecoli:lcl|NC_000913.3_prot_NP_414689.4_147	ecoli:lcl|NC_000913.3_prot_NP_414689.4_147
ecoli:lcl|NC_000913.3_prot_NP_414690.4_148	ecoli:lcl|NC_000913.3_prot_NP_414690.4_148
ecoli:lcl|NC_000913.3_prot_NP_414691.1_149	ecoli:lcl|NC_000913.3_prot_NP_414691.1_149
ecoli:lcl|NC_000913.3_prot_YP_010051172.1_150	ecoli:lcl|NC_000913.3_prot_YP_010051172.1_150
ecoli:lcl|NC_000913.3_prot_NP_414692.1_151	ecoli:lcl|NC_000913.3_prot_NP_414692.1_151
ecoli:lcl|NC_000913.3_prot_NP_414693.1_152	ecoli:lcl|NC_000913.3_prot_NP_414693.1_152
ecoli:lcl|NC_000913.3_prot_NP_414694.1_153	ecoli:lcl|NC_000913.3_prot_NP_414694.1_153
ecoli:lcl|NC_000913.3_prot_NP_414695.1_154	ecoli:lcl|NC_000913.3_prot_NP_414695.1_154
ecoli:lcl|NC_000913.3_prot_NP_414696.1_155	ecoli:lcl|NC_000913.3_prot_NP_414696.1_155
ecoli:lcl|NC_000913.3_prot_YP_010051173.1_156	ecoli:lcl|NC_000913.3_prot_YP_010051173.1_156
ecoli:lcl|NC_000913.3_prot_NP_414697.1_157	ecoli:lcl|NC_000913.3_prot_NP_414697.1_157
ecoli:lcl|NC_000913.3_prot_YP_009518738.1_158	ecoli:lcl|NC_000913.3_prot_YP_009518738.1_158
ecoli:lcl|NC_000913.3_prot_NP_414698.1_159	ecoli:lcl|NC_000913.3_prot_NP_414698.1_159
ecoli:lcl|NC_000913.3_prot_NP_414699.1_160	ecoli:lcl|NC_000913.3_prot_NP_414699.1_160
ecoli:lcl|NC_000913.3_prot_NP_414700.1_161	ecoli:lcl|NC_000913.3_prot_NP_414700.1_161
ecoli:lcl|NC_000913.3_prot_NP_414701.1_162	ecoli:lcl|NC_000913.3_prot_NP_414701.1_162
ecoli:lcl|NC_000913.3_prot_NP_414702.1_163	ecoli:lcl|NC_000913.3_prot_NP_414702.1_163
ecoli:lcl|NC_000913.3_prot_NP_414704.4_165	ecoli:lcl|NC_000913.3_prot_NP_414704.4_165
ecoli:lcl|NC_000913.3_prot_NP_414705.1_166	ecoli:lcl|NC_000913.3_prot_NP_414705.1_166
ecoli:lcl|NC_000913.3_prot_NP_414706.2_167	ecoli:lcl|NC_000913.3_prot_NP_414706.2_167
ecoli:lcl|NC_000913.3_prot_NP_414708.1_168	ecoli:lcl|NC_000913.3_prot_NP_414708.1_168
ecoli:lcl|NC_000913.3_prot_NP_414709.1_169	ecoli:lcl|NC_000913.3_prot_NP_414709.1_169
ecoli:lcl|NC_000913.3_prot_NP_414710.1_170	ecoli:lcl|NC_000913.3_prot_NP_414710.1_170
ecoli:lcl|NC_000913.3_prot_NP_414711.1_171	ecoli:lcl|NC_000913.3_prot_NP_414711.1_171
ecoli:lcl|NC_000913.3_prot_NP_414712.1_172	ecoli:lcl|NC_000913.3_prot_NP_414712.1_172
ecoli:lcl|NC_000913.3_prot_NP_414713.1_173	ecoli:lcl|NC_000913.3_prot_NP_414713.1_173
ecoli:lcl|NC_000913.3_prot_NP_414714.1_174	ecoli:lcl|NC_000913.3_prot_NP_414714.1_174
ecoli:lcl|NC_000913.3_prot_NP_414715.1_175	ecoli:lcl|NC_000913.3_prot_NP_414715.1_175
ecoli:lcl|NC_000913.3_prot_NP_414716.1_176	ecoli:lcl|NC_000913.3_prot_NP_414716.1_176
ecoli:lcl|NC_000913.3_prot_NP_414717.2_177	ecoli:lcl|NC_000913.3_prot_NP_414717.2_177
ecoli:lcl|NC_000913.3_prot_NP_414718.1_178	ecoli:lcl|NC_000913.3_prot_NP_414718.1_178
ecoli:lcl|NC_000913.3_prot_NP_414719.1_179	ecoli:lcl|NC_000913.3_prot_NP_414719.1_179
ecoli:lcl|NC_000913.3_prot_NP_414720.1_180	ecoli:lcl|NC_000913.3_prot_NP_414720.1_180
ecoli:lcl|NC_000913.3_prot_NP_414721.1_181	ecoli:lcl|NC_000913.3_prot_NP_414721.1_181
ecoli:lcl|NC_000913.3_prot_NP_414722.1_182	ecoli:lcl|NC_000913.3_prot_NP_414722.1_182
ecoli:lcl|NC_000913.3_prot_NP_414723.1_183	ecoli:lcl|NC_000913.3_prot_NP_414723.1_183
ecoli:lcl|NC_000913.3_prot_NP_414724.1_184	ecoli:lcl|NC_000913.3_prot_NP_414724.1_184
ecoli:lcl|NC_000913.3_prot_NP_414725.1_185	ecoli:lcl|NC_000913.3_prot_NP_414725.1_185
ecoli:lcl|NC_000913.3_prot_NP_414726.1_186	ecoli:lcl|NC_000913.3_prot_NP_414726.1_186
ecoli:lcl|NC_000913.3_prot_NP_414727.1_187	ecoli:lcl|NC_000913.3_prot_NP_414727.1_187
ecoli:lcl|NC_000913.3_prot_NP_414729.4_189	ecoli:lcl|NC_000913.3_prot_NP_414729.4_189
ecoli:lcl|NC_000913.3_prot_NP_414730.1_190	ecoli:lcl|NC_000913.3_prot_NP_414730.1_190
ecoli:lcl|NC_000913.3_prot_NP_414731.2_191	ecoli:lcl|NC_000913.3_prot_NP_414731.2_191
ecoli:lcl|NC_000913.3_prot_YP_026160.1_192	ecoli:lcl|NC_000913.3_prot_YP_026160.1_192
ecoli:lcl|NC_000913.3_prot_NP_414732.1_193	ecoli:lcl|NC_000913.3_prot_NP_414732.1_193
ecoli:lcl|NC_000913.3_prot_NP_414733.1_194	ecoli:lcl|NC_000913.3_prot_NP_414733.1_194
ecoli:lcl|NC_000913.3_prot_NP_414734.1_195	ecoli:lcl|NC_000913.3_prot_NP_414734.1_195
ecoli:lcl|NC_000913.3_prot_NP_414735.4_196	ecoli:lcl|NC_000913.3_prot_NP_414735.4_196
ecoli:lcl|NC_000913.3_prot_NP_414736.1_197	ecoli:lcl|NC_000913.3_prot_NP_414736.1_197
ecoli:lcl|NC_000913.3_prot_NP_414737.1_198	ecoli:lcl|NC_000913.3_prot_NP_414737.1_198
ecoli:lcl|NC_000913.3_prot_NP_414738.1_199	ecoli:lcl|NC_000913.3_prot_NP_414738.1_199
ecoli:lcl|NC_000913.3_prot_NP_414740.1_201	ecoli:lcl|NC_000913.3_prot_NP_414740.1_201
ecoli:lcl|NC_000913.3_prot_NP_414741.1_202	ecoli:lcl|NC_000913.3_prot_NP_414741.1_202
ecoli:lcl|NC_000913.3_prot_NP_414742.1_203	ecoli:lcl|NC_000913.3_prot_NP_414742.1_203
ecoli:lcl|NC_000913.3_prot_NP_414743.1_204	ecoli:lcl|NC_000913.3_prot_NP_414743.1_204
ecoli:lcl|NC_000913.3_prot_NP_414744.1_205	ecoli:lcl|NC_000913.3_prot_NP_414744.1_205
ecoli:lcl|NC_000913.3_prot_NP_414745.1_206	ecoli:lcl|NC_000913.3_prot_NP_414745.1_206
ecoli:lcl|NC_000913.3_prot_NP_414746.1_207	ecoli:lcl|NC_000913.3_prot_NP_414746.1_207
ecoli:lcl|NC_000913.3_prot_NP_414747.1_208	ecoli:lcl|NC_000913.3_prot_NP_414747.1_208
ecoli:lcl|NC_000913.3_prot_NP_414748.1_209	ecoli:lcl|NC_000913.3_prot_NP_414748.1_209
ecoli:lcl|NC_000913.3_prot_YP_010283908.1_210	ecoli:lcl|NC_000913.3_prot_YP_010283908.1_210
ecoli:lcl|NC_000913.3_prot_NP_414749.2_211	ecoli:lcl|NC_000913.3_prot_NP_414749.2_211
ecoli:lcl|NC_000913.3_prot_NP_414750.1_212	ecoli:lcl|NC_000913.3_prot_NP_414750.1_212
ecoli:lcl|NC_000913.3_prot_NP_414751.1_213	ecoli:lcl|NC_000913.3_prot_NP_414751.1_213
ecoli:lcl|NC_000913.3_prot_NP_414752.1_214	ecoli:lcl|NC_000913.3_prot_NP_414752.1_214
ecoli:lcl|NC_000913.3_prot_YP_001165307.1_215	ecoli:lcl|NC_000913.3_prot_YP_001165307.1_215
ecoli:lcl|NC_000913.3_prot_NP_414754.1_216	ecoli:lcl|NC_000913.3_prot_NP_414754.1_216
ecoli:lcl|NC_000913.3_prot_NP_414755.1_217	ecoli:lcl|NC_000913.3_prot_NP_414755.1_217
ecoli:lcl|NC_000913.3_prot_NP_414756.2_218	ecoli:lcl|NC_000913.3_prot_NP_414756.2_218
ecoli:lcl|NC_000913.3_prot_NP_414757.1_219	ecoli:lcl|NC_000913.3_prot_NP_414757.1_219
ecoli:lcl|NC_000913.3_prot_NP_414758.1_220	ecoli:lcl|NC_000913.3_prot_NP_414758.1_220
ecoli:lcl|NC_000913.3_prot_NP_414759.1_221	ecoli:lcl|NC_000913.3_prot_NP_414759.1_221
ecoli:lcl|NC_000913.3_prot_NP_414760.1_222	ecoli:lcl|NC_000913.3_prot_NP_414760.1_222
ecoli:lcl|NC_000913.3_prot_NP_414761.1_223	ecoli:lcl|NC_000913.3_prot_NP_414761.1_223
ecoli:lcl|NC_000913.3_prot_NP_414762.1_224	ecoli:lcl|NC_000913.3_prot_NP_414762.1_224
ecoli:lcl|NC_000913.3_prot_NP_414763.1_225	ecoli:lcl|NC_000913.3_prot_NP_414763.1_225
ecoli:lcl|NC_000913.3_prot_NP_414766.1_226	ecoli:lcl|NC_000913.3_prot_NP_414766.1_226
ecoli:lcl|NC_000913.3_prot_NP_414767.1_227	ecoli:lcl|NC_000913.3_prot_NP_414767.1_227
ecoli:lcl|NC_000913.3_prot_NP_414768.1_228	ecoli:lcl|NC_000913.3_prot_NP_414768.1_228
ecoli:lcl|NC_000913.3_prot_NP_414769.1_229	ecoli:lcl|NC_000913.3_prot_NP_414769.1_229
ecoli:lcl|NC_000913.3_prot_NP_414772.1_230	ecoli:lcl|NC_000913.3_prot_NP_414772.1_230
ecoli:lcl|NC_000913.3_prot_NP_414773.1_231	ecoli:lcl|NC_000913.3_prot_NP_414773.1_231
ecoli:lcl|NC_000913.3_prot_NP_414774.1_232	ecoli:lcl|NC_000913.3_prot_NP_414774.1_232
ecoli:lcl|NC_000913.3_prot_b0240_233	ecoli:lcl|NC_000913.3_prot_b0240_233
ecoli:lcl|NC_000913.3_prot_NP_414777.1_237	ecoli:lcl|NC_000913.3_prot_NP_414777.1_237
ecoli:lcl|NC_000913.3_prot_NP_414778.1_238	ecoli:lcl|NC_000913.3_prot_NP_414778.1_238
ecoli:lcl|NC_000913.3_prot_YP_588435.1_241	ecoli:lcl|NC_000913.3_prot_YP_588435.1_241
ecoli:lcl|NC_000913.3_prot_YP_588435.1_241	ecoli:lcl|NC_000913.3_prot_NP_416507.1_1983
ecoli:lcl|NC_000913.3_prot_YP_588435.1_241	ecoli:lcl|NC_000913.3_prot_YP_588466.1_2620
ecoli:lcl|NC_000913.3_prot_NP_414781.1_242	ecoli:lcl|NC_000913.3_prot_NP_414781.1_242
ecoli:lcl|NC_000913.3_prot_NP_414781.1_242	ecoli:lcl|NC_000913.3_prot_NP_416506.1_1982
ecoli:lcl|NC_000913.3_prot_NP_414781.1_242	ecoli:lcl|NC_000913.3_prot_NP_417131.1_2619
ecoli:lcl|NC_000913.3_prot_NP_414783.1_244	ecoli:lcl|NC_000913.3_prot_NP_414783.1_244
ecoli:lcl|NC_000913.3_prot_NP_414788.1_249	ecoli:lcl|NC_000913.3_prot_NP_414788.1_249
ecoli:lcl|NC_000913.3_prot_NP_414790.1_251	ecoli:lcl|NC_000913.3_prot_NP_414790.1_251
ecoli:lcl|NC_000913.3_prot_NP_414790.1_251	ecoli:lcl|NC_000913.3_prot_NP_415922.1_1393
ecoli:lcl|NC_000913.3_prot_NP_414790.1_251	ecoli:lcl|NC_000913.3_prot_NP_418704.1_4193
ecoli:lcl|NC_000913.3_prot_YP_009518741.1_252	ecoli:lcl|NC_000913.3_prot_YP_009518741.1_252
ecoli:lcl|NC_000913.3_prot_NP_414793.2_253	ecoli:lcl|NC_000913.3_prot_NP_414793.2_253
ecoli:lcl|NC_000913.3_prot_NP_414793.2_253	ecoli:lcl|NC_000913.3_prot_NP_415084.2_542
ecoli:lcl|NC_000913.3_prot_NP_414793.2_253	ecoli:lcl|NC_000913.3_prot_NP_415189.2_647
ecoli:lcl|NC_000913.3_prot_NP_414793.2_253	ecoli:lcl|NC_000913.3_prot_NP_417962.2_1219
ecoli:lcl|NC_000913.3_prot_NP_414793.2_253	ecoli:lcl|NC_000913.3_prot_YP_009518770.2_1317
ecoli:lcl|NC_000913.3_prot_NP_414793.2_253	ecoli:lcl|NC_000913.3_prot_NP_415888.1_1357
ecoli:lcl|NC_000913.3_prot_NP_414793.2_253	ecoli:lcl|NC_000913.3_prot_NP_416498.2_1976
ecoli:lcl|NC_000913.3_prot_NP_414793.2_253	ecoli:lcl|NC_000913.3_prot_NP_415847.2_2015
ecoli:lcl|NC_000913.3_prot_NP_414793.2_253	ecoli:lcl|NC_000913.3_prot_NP_416535.2_2172
ecoli:lcl|NC_000913.3_prot_NP_414793.2_253	ecoli:lcl|NC_000913.3_prot_NP_416696.2_2934
ecoli:lcl|NC_000913.3_prot_NP_414793.2_253	ecoli:lcl|NC_000913.3_prot_NP_417456.2_3163
ecoli:lcl|NC_000913.3_prot_NP_414793.2_253	ecoli:lcl|NC_000913.3_prot_NP_417685.2_3443
ecoli:lcl|NC_000913.3_prot_NP_414794.4_254	ecoli:lcl|NC_000913.3_prot_NP_414794.4_254
ecoli:lcl|NC_000913.3_prot_NP_414795.1_255	ecoli:lcl|NC_000913.3_prot_NP_414795.1_255
ecoli:lcl|NC_000913.3_prot_NP_414801.1_260	ecoli:lcl|NC_000913.3_prot_NP_414801.1_260
ecoli:lcl|NC_000913.3_prot_NP_414805.1_264	ecoli:lcl|NC_000913.3_prot_NP_414805.1_264
ecoli:lcl|NC_000913.3_prot_NP_414806.1_265	ecoli:lcl|NC_000913.3_prot_NP_414806.1_265
ecoli:lcl|NC_000913.3_prot_YP_010051174.1_267	ecoli:lcl|NC_000913.3_prot_YP_010051174.1_267
ecoli:lcl|NC_000913.3_prot_YP_009518743.1_268	ecoli:lcl|NC_000913.3_prot_YP_009518743.1_268
ecoli:lcl|NC_000913.3_prot_YP_009518744.1_271	ecoli:lcl|NC_000913.3_prot_YP_009518744.1_271
ecoli:lcl|NC_000913.3_prot_NP_414811.1_272	ecoli:lcl|NC_000913.3_prot_NP_414811.1_272
ecoli:lcl|NC_000913.3_prot_NP_414812.1_273	ecoli:lcl|NC_000913.3_prot_NP_414812.1_273
ecoli:lcl|NC_000913.3_prot_NP_414813.1_274	ecoli:lcl|NC_000913.3_prot_NP_414813.1_274
ecoli:lcl|NC_000913.3_prot_YP_009518745.1_275	ecoli:lcl|NC_000913.3_prot_YP_009518745.1_275
ecoli:lcl|NC_000913.3_prot_NP_414814.1_276	ecoli:lcl|NC_000913.3_prot_NP_414814.1_276
ecoli:lcl|NC_000913.3_prot_NP_414815.1_277	ecoli:lcl|NC_000913.3_prot_NP_414815.1_277
ecoli:lcl|NC_000913.3_prot_YP_009518746.1_278	ecoli:lcl|NC_000913.3_prot_YP_009518746.1_278
ecoli:lcl|NC_000913.3_prot_NP_414817.1_279	ecoli:lcl|NC_000913.3_prot_NP_414817.1_279
ecoli:lcl|NC_000913.3_prot_NP_414818.1_280	ecoli:lcl|NC_000913.3_prot_NP_414818.1_280
ecoli:lcl|NC_000913.3_prot_NP_414819.1_281	ecoli:lcl|NC_000913.3_prot_NP_414819.1_281
ecoli:lcl|NC_000913.3_prot_NP_414820.1_282	ecoli:lcl|NC_000913.3_prot_NP_414820.1_282
ecoli:lcl|NC_000913.3_prot_NP_414821.1_283	ecoli:lcl|NC_000913.3_prot_NP_414821.1_283
ecoli:lcl|NC_000913.3_prot_NP_414822.1_284	ecoli:lcl|NC_000913.3_prot_NP_414822.1_284
ecoli:lcl|NC_000913.3_prot_NP_414823.2_285	ecoli:lcl|NC_000913.3_prot_NP_414823.2_285
ecoli:lcl|NC_000913.3_prot_NP_414824.1_286	ecoli:lcl|NC_000913.3_prot_NP_414824.1_286
ecoli:lcl|NC_000913.3_prot_NP_414825.1_287	ecoli:lcl|NC_000913.3_prot_NP_414825.1_287
ecoli:lcl|NC_000913.3_prot_NP_414826.1_288	ecoli:lcl|NC_000913.3_prot_NP_414826.1_288
ecoli:lcl|NC_000913.3_prot_NP_414827.1_289	ecoli:lcl|NC_000913.3_prot_NP_414827.1_289
ecoli:lcl|NC_000913.3_prot_NP_414828.1_290	ecoli:lcl|NC_000913.3_prot_NP_414828.1_290
ecoli:lcl|NC_000913.3_prot_NP_414829.1_291	ecoli:lcl|NC_000913.3_prot_NP_414829.1_291
ecoli:lcl|NC_000913.3_prot_YP_588437.1_292	ecoli:lcl|NC_000913.3_prot_YP_588437.1_292
ecoli:lcl|NC_000913.3_prot_NP_414830.1_293	ecoli:lcl|NC_000913.3_prot_NP_414830.1_293
ecoli:lcl|NC_000913.3_prot_YP_002791238.1_294	ecoli:lcl|NC_000913.3_prot_YP_002791238.1_294
ecoli:lcl|NC_000913.3_prot_NP_414832.2_295	ecoli:lcl|NC_000913.3_prot_NP_414832.2_295
ecoli:lcl|NC_000913.3_prot_NP_414832.2_295	ecoli:lcl|NC_000913.3_prot_NP_414907.2_367
ecoli:lcl|NC_000913.3_prot_NP_414832.2_295	ecoli:lcl|NC_000913.3_prot_NP_415072.2_527
ecoli:lcl|NC_000913.3_prot_NP_414832.2_295	ecoli:lcl|NC_000913.3_prot_NP_415546.2_1005
ecoli:lcl|NC_000913.3_prot_NP_414832.2_295	ecoli:lcl|NC_000913.3_prot_NP_416592.2_2072
ecoli:lcl|NC_000913.3_prot_NP_414833.1_296	ecoli:lcl|NC_000913.3_prot_NP_414833.1_296
ecoli:lcl|NC_000913.3_prot_NP_414833.1_296	ecoli:lcl|NC_000913.3_prot_NP_414906.1_366
ecoli:lcl|NC_000913.3_prot_NP_414833.1_296	ecoli:lcl|NC_000913.3_prot_NP_415073.1_528
ecoli:lcl|NC_000913.3_prot_NP_414833.1_296	ecoli:lcl|NC_000913.3_prot_NP_415545.1_1004
ecoli:lcl|NC_000913.3_prot_NP_414833.1_296	ecoli:lcl|NC_000913.3_prot_NP_416593.1_2073
ecoli:lcl|NC_000913.3_prot_NP_414835.2_297	ecoli:lcl|NC_000913.3_prot_NP_414835.2_297
ecoli:lcl|NC_000913.3_prot_NP_414837.2_298	ecoli:lcl|NC_000913.3_prot_NP_414837.2_298
ecoli:lcl|NC_000913.3_prot_NP_414838.2_299	ecoli:lcl|NC_000913.3_prot_NP_414838.2_299
ecoli:lcl|NC_000913.3_prot_NP_414839.1_300	ecoli:lcl|NC_000913.3_prot_NP_414839.1_300
ecoli:lcl|NC_000913.3_prot_NP_414840.1_301	ecoli:lcl|NC_000913.3_prot_NP_414840.1_301
ecoli:lcl|NC_000913.3_prot_NP_414841.1_302	ecoli:lcl|NC_000913.3_prot_NP_414841.1_302
ecoli:lcl|NC_000913.3_prot_NP_414842.4_303	ecoli:lcl|NC_000913.3_prot_NP_414842.4_303
ecoli:lcl|NC_000913.3_prot_NP_414844.1_304	ecoli:lcl|NC_000913.3_prot_NP_414844.1_304
ecoli:lcl|NC_000913.3_prot_NP_414845.1_305	ecoli:lcl|NC_000913.3_prot_NP_414845.1_305
ecoli:lcl|NC_000913.3_prot_NP_414846.1_306	ecoli:lcl|NC_000913.3_prot_NP_414846.1_306
ecoli:lcl|NC_000913.3_prot_NP_414847.3_307	ecoli:lcl|NC_000913.3_prot_NP_414847.3_307
ecoli:lcl|NC_000913.3_prot_NP_414848.1_308	ecoli:lcl|NC_000913.3_prot_NP_414848.1_308
ecoli:lcl|NC_000913.3_prot_YP_009518747.1_309	ecoli:lcl|NC_000913.3_prot_YP_009518747.1_309
ecoli:lcl|NC_000913.3_prot_NP_414849.1_310	ecoli:lcl|NC_000913.3_prot_NP_414849.1_310
ecoli:lcl|NC_000913.3_prot_NP_414850.1_311	ecoli:lcl|NC_000913.3_prot_NP_414850.1_311
ecoli:lcl|NC_000913.3_prot_NP_414851.1_312	ecoli:lcl|NC_000913.3_prot_NP_414851.1_312
ecoli:lcl|NC_000913.3_prot_NP_414852.1_313	ecoli:lcl|NC_000913.3_prot_NP_414852.1_313
ecoli:lcl|NC_000913.3_prot_NP_414853.1_314	ecoli:lcl|NC_000913.3_prot_NP_414853.1_314
ecoli:lcl|NC_000913.3_prot_NP_414854.1_315	ecoli:lcl|NC_000913.3_prot_NP_414854.1_315
ecoli:lcl|NC_000913.3_prot_NP_414855.1_316	ecoli:lcl|NC_000913.3_prot_NP_414855.1_316
ecoli:lcl|NC_000913.3_prot_YP_009518748.2_317	ecoli:lcl|NC_000913.3_prot_YP_009518748.2_317
ecoli:lcl|NC_000913.3_prot_NP_414857.1_318	ecoli:lcl|NC_000913.3_prot_NP_414857.1_318
ecoli:lcl|NC_000913.3_prot_NP_414858.1_319	ecoli:lcl|NC_000913.3_prot_NP_414858.1_319
ecoli:lcl|NC_000913.3_prot_NP_414859.1_320	ecoli:lcl|NC_000913.3_prot_NP_414859.1_320
ecoli:lcl|NC_000913.3_prot_NP_414860.1_321	ecoli:lcl|NC_000913.3_prot_NP_414860.1_321
ecoli:lcl|NC_000913.3_prot_NP_414861.2_322	ecoli:lcl|NC_000913.3_prot_NP_414861.2_322
ecoli:lcl|NC_000913.3_prot_NP_414862.1_323	ecoli:lcl|NC_000913.3_prot_NP_414862.1_323
ecoli:lcl|NC_000913.3_prot_NP_414863.1_324	ecoli:lcl|NC_000913.3_prot_NP_414863.1_324
ecoli:lcl|NC_000913.3_prot_NP_414864.1_325	ecoli:lcl|NC_000913.3_prot_NP_414864.1_325
ecoli:lcl|NC_000913.3_prot_NP_414865.1_326	ecoli:lcl|NC_000913.3_prot_NP_414865.1_326
ecoli:lcl|NC_000913.3_prot_NP_414867.1_327	ecoli:lcl|NC_000913.3_prot_NP_414867.1_327
ecoli:lcl|NC_000913.3_prot_NP_414868.1_328	ecoli:lcl|NC_000913.3_prot_NP_414868.1_328
ecoli:lcl|NC_000913.3_prot_NP_414869.1_329	ecoli:lcl|NC_000913.3_prot_NP_414869.1_329
ecoli:lcl|NC_000913.3_prot_NP_414870.1_330	ecoli:lcl|NC_000913.3_prot_NP_414870.1_330
ecoli:lcl|NC_000913.3_prot_NP_414871.1_331	ecoli:lcl|NC_000913.3_prot_NP_414871.1_331
ecoli:lcl|NC_000913.3_prot_NP_414872.3_332	ecoli:lcl|NC_000913.3_prot_NP_414872.3_332
ecoli:lcl|NC_000913.3_prot_NP_414873.1_333	ecoli:lcl|NC_000913.3_prot_NP_414873.1_333
ecoli:lcl|NC_000913.3_prot_NP_414874.1_334	ecoli:lcl|NC_000913.3_prot_NP_414874.1_334
ecoli:lcl|NC_000913.3_prot_NP_414875.1_335	ecoli:lcl|NC_000913.3_prot_NP_414875.1_335
ecoli:lcl|NC_000913.3_prot_NP_414876.1_336	ecoli:lcl|NC_000913.3_prot_NP_414876.1_336
ecoli:lcl|NC_000913.3_prot_NP_414877.1_337	ecoli:lcl|NC_000913.3_prot_NP_414877.1_337
ecoli:lcl|NC_000913.3_prot_NP_414878.1_338	ecoli:lcl|NC_000913.3_prot_NP_414878.1_338
ecoli:lcl|NC_000913.3_prot_NP_414879.3_339	ecoli:lcl|NC_000913.3_prot_NP_414879.3_339
ecoli:lcl|NC_000913.3_prot_NP_414880.2_340	ecoli:lcl|NC_000913.3_prot_NP_414880.2_340
ecoli:lcl|NC_000913.3_prot_NP_414881.1_341	ecoli:lcl|NC_000913.3_prot_NP_414881.1_341
ecoli:lcl|NC_000913.3_prot_NP_414882.1_342	ecoli:lcl|NC_000913.3_prot_NP_414882.1_342
ecoli:lcl|NC_000913.3_prot_NP_414883.5_343	ecoli:lcl|NC_000913.3_prot_NP_414883.5_343
ecoli:lcl|NC_000913.3_prot_NP_414884.2_344	ecoli:lcl|NC_000913.3_prot_NP_414884.2_344
ecoli:lcl|NC_000913.3_prot_NP_414885.1_345	ecoli:lcl|NC_000913.3_prot_NP_414885.1_345
ecoli:lcl|NC_000913.3_prot_NP_414886.1_346	ecoli:lcl|NC_000913.3_prot_NP_414886.1_346
ecoli:lcl|NC_000913.3_prot_NP_414887.2_347	ecoli:lcl|NC_000913.3_prot_NP_414887.2_347
ecoli:lcl|NC_000913.3_prot_NP_414888.4_348	ecoli:lcl|NC_000913.3_prot_NP_414888.4_348
ecoli:lcl|NC_000913.3_prot_NP_414891.4_351	ecoli:lcl|NC_000913.3_prot_NP_414891.4_351
ecoli:lcl|NC_000913.3_prot_NP_414892.1_352	ecoli:lcl|NC_000913.3_prot_NP_414892.1_352
ecoli:lcl|NC_000913.3_prot_b4579_353	ecoli:lcl|NC_000913.3_prot_b4579_353
ecoli:lcl|NC_000913.3_prot_NP_414894.2_354	ecoli:lcl|NC_000913.3_prot_NP_414894.2_354
ecoli:lcl|NC_000913.3_prot_NP_414894.2_354	ecoli:lcl|NC_000913.3_prot_NP_415921.2_1392
ecoli:lcl|NC_000913.3_prot_NP_414894.2_354	ecoli:lcl|NC_000913.3_prot_YP_026163.2_1979
ecoli:lcl|NC_000913.3_prot_NP_414894.2_354	ecoli:lcl|NC_000913.3_prot_NP_417338.3_2813
ecoli:lcl|NC_000913.3_prot_NP_414894.2_354	ecoli:lcl|NC_000913.3_prot_NP_417516.3_2993
ecoli:lcl|NC_000913.3_prot_NP_414894.2_354	ecoli:lcl|NC_000913.3_prot_NP_418692.2_4185
ecoli:lcl|NC_000913.3_prot_NP_414895.1_355	ecoli:lcl|NC_000913.3_prot_NP_414895.1_355
ecoli:lcl|NC_000913.3_prot_NP_414895.1_355	ecoli:lcl|NC_000913.3_prot_NP_415920.1_1391
ecoli:lcl|NC_000913.3_prot_NP_414895.1_355	ecoli:lcl|NC_000913.3_prot_NP_416500.1_1978
ecoli:lcl|NC_000913.3_prot_NP_414895.1_355	ecoli:lcl|NC_000913.3_prot_NP_417337.1_2812
ecoli:lcl|NC_000913.3_prot_NP_414895.1_355	ecoli:lcl|NC_000913.3_prot_NP_417517.1_2994
ecoli:lcl|NC_000913.3_prot_NP_414895.1_355	ecoli:lcl|NC_000913.3_prot_NP_418693.1_4186
ecoli:lcl|NC_000913.3_prot_NP_414897.1_356	ecoli:lcl|NC_000913.3_prot_NP_414897.1_356
ecoli:lcl|NC_000913.3_prot_YP_009518749.1_357	ecoli:lcl|NC_000913.3_prot_YP_009518749.1_357
ecoli:lcl|NC_000913.3_prot_NP_414898.4_358	ecoli:lcl|NC_000913.3_prot_NP_414898.4_358
ecoli:lcl|NC_000913.3_prot_NP_414899.2_359	ecoli:lcl|NC_000913.3_prot_NP_414899.2_359
ecoli:lcl|NC_000913.3_prot_NP_414900.1_360	ecoli:lcl|NC_000913.3_prot_NP_414900.1_360
ecoli:lcl|NC_000913.3_prot_NP_414901.1_361	ecoli:lcl|NC_000913.3_prot_NP_414901.1_361
ecoli:lcl|NC_000913.3_prot_NP_414902.1_362	ecoli:lcl|NC_000913.3_prot_NP_414902.1_362
ecoli:lcl|NC_000913.3_prot_NP_414903.4_363	ecoli:lcl|NC_000913.3_prot_NP_414903.4_363
ecoli:lcl|NC_000913.3_prot_b4580_364	ecoli:lcl|NC_000913.3_prot_b4580_364
ecoli:lcl|NC_000913.3_prot_YP_010051175.1_365	ecoli:lcl|NC_000913.3_prot_YP_010051175.1_365
ecoli:lcl|NC_000913.3_prot_NP_414909.2_368	ecoli:lcl|NC_000913.3_prot_NP_414909.2_368
ecoli:lcl|NC_000913.3_prot_NP_414910.1_369	ecoli:lcl|NC_000913.3_prot_NP_414910.1_369
ecoli:lcl|NC_000913.3_prot_NP_414911.1_370	ecoli:lcl|NC_000913.3_prot_NP_414911.1_370
ecoli:lcl|NC_000913.3_prot_NP_414912.1_371	ecoli:lcl|NC_000913.3_prot_NP_414912.1_371
ecoli:lcl|NC_000913.3_prot_NP_414913.1_372	ecoli:lcl|NC_000913.3_prot_NP_414913.1_372
ecoli:lcl|NC_000913.3_prot_NP_414914.2_373	ecoli:lcl|NC_000913.3_prot_NP_414914.2_373
ecoli:lcl|NC_000913.3_prot_NP_414915.1_374	ecoli:lcl|NC_000913.3_prot_NP_414915.1_374
ecoli:lcl|NC_000913.3_prot_NP_414916.1_375	ecoli:lcl|NC_000913.3_prot_NP_414916.1_375
ecoli:lcl|NC_000913.3_prot_NP_414917.2_376	ecoli:lcl|NC_000913.3_prot_NP_414917.2_376
ecoli:lcl|NC_000913.3_prot_NP_414918.4_377	ecoli:lcl|NC_000913.3_prot_NP_414918.4_377
ecoli:lcl|NC_000913.3_prot_NP_414919.1_378	ecoli:lcl|NC_000913.3_prot_NP_414919.1_378
ecoli:lcl|NC_000913.3_prot_NP_414920.1_379	ecoli:lcl|NC_000913.3_prot_NP_414920.1_379
ecoli:lcl|NC_000913.3_prot_NP_414921.2_380	ecoli:lcl|NC_000913.3_prot_NP_414921.2_380
ecoli:lcl|NC_000913.3_prot_NP_414922.1_381	ecoli:lcl|NC_000913.3_prot_NP_414922.1_381
ecoli:lcl|NC_000913.3_prot_NP_414923.1_382	ecoli:lcl|NC_000913.3_prot_NP_414923.1_382
ecoli:lcl|NC_000913.3_prot_NP_414924.1_383	ecoli:lcl|NC_000913.3_prot_NP_414924.1_383
ecoli:lcl|NC_000913.3_prot_NP_414925.1_384	ecoli:lcl|NC_000913.3_prot_NP_414925.1_384
ecoli:lcl|NC_000913.3_prot_YP_009518750.1_385	ecoli:lcl|NC_000913.3_prot_YP_009518750.1_385
ecoli:lcl|NC_000913.3_prot_NP_414927.1_386	ecoli:lcl|NC_000913.3_prot_NP_414927.1_386
ecoli:lcl|NC_000913.3_prot_NP_414928.2_387	ecoli:lcl|NC_000913.3_prot_NP_414928.2_387
ecoli:lcl|NC_000913.3_prot_NP_414930.3_388	ecoli:lcl|NC_000913.3_prot_NP_414930.3_388
ecoli:lcl|NC_000913.3_prot_NP_414931.1_389	ecoli:lcl|NC_000913.3_prot_NP_414931.1_389
ecoli:lcl|NC_000913.3_prot_NP_414932.1_390	ecoli:lcl|NC_000913.3_prot_NP_414932.1_390
ecoli:lcl|NC_000913.3_prot_NP_414933.1_391	ecoli:lcl|NC_000913.3_prot_NP_414933.1_391
ecoli:lcl|NC_000913.3_prot_NP_414934.1_392	ecoli:lcl|NC_000913.3_prot_NP_414934.1_392
ecoli:lcl|NC_000913.3_prot_NP_414935.1_393	ecoli:lcl|NC_000913.3_prot_NP_414935.1_393
ecoli:lcl|NC_000913.3_prot_NP_414936.1_394	ecoli:lcl|NC_000913.3_prot_NP_414936.1_394
ecoli:lcl|NC_000913.3_prot_NP_414937.2_395	ecoli:lcl|NC_000913.3_prot_NP_414937.2_395
ecoli:lcl|NC_000913.3_prot_NP_414938.1_396	ecoli:lcl|NC_000913.3_prot_NP_414938.1_396
ecoli:lcl|NC_000913.3_prot_NP_414939.1_397	ecoli:lcl|NC_000913.3_prot_NP_414939.1_397
ecoli:lcl|NC_000913.3_prot_NP_414940.1_398	ecoli:lcl|NC_000913.3_prot_NP_414940.1_398
ecoli:lcl|NC_000913.3_prot_NP_414941.1_399	ecoli:lcl|NC_000913.3_prot_NP_414941.1_399
ecoli:lcl|NC_000913.3_prot_NP_414942.1_400	ecoli:lcl|NC_000913.3_prot_NP_414942.1_400
ecoli:lcl|NC_000913.3_prot_NP_414943.1_401	ecoli:lcl|NC_000913.3_prot_NP_414943.1_401
ecoli:lcl|NC_000913.3_prot_NP_414944.1_402	ecoli:lcl|NC_000913.3_prot_NP_414944.1_402
ecoli:lcl|NC_000913.3_prot_NP_414945.1_403	ecoli:lcl|NC_000913.3_prot_NP_414945.1_403
ecoli:lcl|NC_000913.3_prot_NP_414946.4_404	ecoli:lcl|NC_000913.3_prot_NP_414946.4_404
ecoli:lcl|NC_000913.3_prot_NP_414947.1_405	ecoli:lcl|NC_000913.3_prot_NP_414947.1_405
ecoli:lcl|NC_000913.3_prot_NP_414948.1_406	ecoli:lcl|NC_000913.3_prot_NP_414948.1_406
ecoli:lcl|NC_000913.3_prot_NP_414949.1_407	ecoli:lcl|NC_000913.3_prot_NP_414949.1_407
ecoli:lcl|NC_000913.3_prot_NP_414950.1_408	ecoli:lcl|NC_000913.3_prot_NP_414950.1_408
ecoli:lcl|NC_000913.3_prot_NP_414951.1_409	ecoli:lcl|NC_000913.3_prot_NP_414951.1_409
ecoli:lcl|NC_000913.3_prot_NP_414952.1_410	ecoli:lcl|NC_000913.3_prot_NP_414952.1_410
ecoli:lcl|NC_000913.3_prot_NP_414953.2_411	ecoli:lcl|NC_000913.3_prot_NP_414953.2_411
ecoli:lcl|NC_000913.3_prot_NP_414954.1_412	ecoli:lcl|NC_000913.3_prot_NP_414954.1_412
ecoli:lcl|NC_000913.3_prot_NP_414955.1_413	ecoli:lcl|NC_000913.3_prot_NP_414955.1_413
ecoli:lcl|NC_000913.3_prot_NP_414956.1_414	ecoli:lcl|NC_000913.3_prot_NP_414956.1_414
ecoli:lcl|NC_000913.3_prot_NP_414957.1_415	ecoli:lcl|NC_000913.3_prot_NP_414957.1_415
ecoli:lcl|NC_000913.3_prot_NP_414958.4_416	ecoli:lcl|NC_000913.3_prot_NP_414958.4_416
ecoli:lcl|NC_000913.3_prot_NP_414959.1_417	ecoli:lcl|NC_000913.3_prot_NP_414959.1_417
ecoli:lcl|NC_000913.3_prot_NP_414960.2_418	ecoli:lcl|NC_000913.3_prot_NP_414960.2_418
ecoli:lcl|NC_000913.3_prot_NP_414961.4_419	ecoli:lcl|NC_000913.3_prot_NP_414961.4_419
ecoli:lcl|NC_000913.3_prot_NP_414962.1_420	ecoli:lcl|NC_000913.3_prot_NP_414962.1_420
ecoli:lcl|NC_000913.3_prot_NP_414963.1_421	ecoli:lcl|NC_000913.3_prot_NP_414963.1_421
ecoli:lcl|NC_000913.3_prot_NP_414964.1_422	ecoli:lcl|NC_000913.3_prot_NP_414964.1_422
ecoli:lcl|NC_000913.3_prot_NP_414965.1_423	ecoli:lcl|NC_000913.3_prot_NP_414965.1_423
ecoli:lcl|NC_000913.3_prot_NP_414966.1_424	ecoli:lcl|NC_000913.3_prot_NP_414966.1_424
ecoli:lcl|NC_000913.3_prot_NP_414967.1_425	ecoli:lcl|NC_000913.3_prot_NP_414967.1_425
ecoli:lcl|NC_000913.3_prot_NP_414968.4_426	ecoli:lcl|NC_000913.3_prot_NP_414968.4_426
ecoli:lcl|NC_000913.3_prot_NP_414969.4_427	ecoli:lcl|NC_000913.3_prot_NP_414969.4_427
ecoli:lcl|NC_000913.3_prot_NP_414970.1_428	ecoli:lcl|NC_000913.3_prot_NP_414970.1_428
ecoli:lcl|NC_000913.3_prot_NP_414971.1_429	ecoli:lcl|NC_000913.3_prot_NP_414971.1_429
ecoli:lcl|NC_000913.3_prot_NP_414972.1_430	ecoli:lcl|NC_000913.3_prot_NP_414972.1_430
ecoli:lcl|NC_000913.3_prot_NP_414973.1_431	ecoli:lcl|NC_000913.3_prot_NP_414973.1_431
ecoli:lcl|NC_000913.3_prot_NP_414975.1_433	ecoli:lcl|NC_000913.3_prot_NP_414975.1_433
ecoli:lcl|NC_000913.3_prot_NP_414976.1_434	ecoli:lcl|NC_000913.3_prot_NP_414976.1_434
ecoli:lcl|NC_000913.3_prot_NP_414977.1_435	ecoli:lcl|NC_000913.3_prot_NP_414977.1_435
ecoli:lcl|NC_000913.3_prot_NP_414978.1_436	ecoli:lcl|NC_000913.3_prot_NP_414978.1_436
ecoli:lcl|NC_000913.3_prot_NP_414979.1_437	ecoli:lcl|NC_000913.3_prot_NP_414979.1_437
ecoli:lcl|NC_000913.3_prot_NP_414980.2_438	ecoli:lcl|NC_000913.3_prot_NP_414980.2_438
ecoli:lcl|NC_000913.3_prot_NP_414981.4_439	ecoli:lcl|NC_000913.3_prot_NP_414981.4_439
ecoli:lcl|NC_000913.3_prot_NP_414982.1_440	ecoli:lcl|NC_000913.3_prot_NP_414982.1_440
ecoli:lcl|NC_000913.3_prot_NP_414983.1_441	ecoli:lcl|NC_000913.3_prot_NP_414983.1_441
ecoli:lcl|NC_000913.3_prot_NP_414985.1_443	ecoli:lcl|NC_000913.3_prot_NP_414985.1_443
ecoli:lcl|NC_000913.3_prot_NP_414986.1_444	ecoli:lcl|NC_000913.3_prot_NP_414986.1_444
ecoli:lcl|NC_000913.3_prot_NP_414987.3_445	ecoli:lcl|NC_000913.3_prot_NP_414987.3_445
ecoli:lcl|NC_000913.3_prot_NP_414988.1_446	ecoli:lcl|NC_000913.3_prot_NP_414988.1_446
ecoli:lcl|NC_000913.3_prot_NP_414989.1_447	ecoli:lcl|NC_000913.3_prot_NP_414989.1_447
ecoli:lcl|NC_000913.3_prot_NP_414990.2_448	ecoli:lcl|NC_000913.3_prot_NP_414990.2_448
ecoli:lcl|NC_000913.3_prot_NP_414991.4_449	ecoli:lcl|NC_000913.3_prot_NP_414991.4_449
ecoli:lcl|NC_000913.3_prot_NP_414992.1_450	ecoli:lcl|NC_000913.3_prot_NP_414992.1_450
ecoli:lcl|NC_000913.3_prot_NP_414993.1_451	ecoli:lcl|NC_000913.3_prot_NP_414993.1_451
ecoli:lcl|NC_000913.3_prot_NP_414994.1_452	ecoli:lcl|NC_000913.3_prot_NP_414994.1_452
ecoli:lcl|NC_000913.3_prot_NP_414998.1_456	ecoli:lcl|NC_000913.3_prot_NP_414998.1_456
ecoli:lcl|NC_000913.3_prot_NP_414999.1_457	ecoli:lcl|NC_000913.3_prot_NP_414999.1_457
ecoli:lcl|NC_000913.3_prot_NP_415000.1_458	ecoli:lcl|NC_000913.3_prot_NP_415000.1_458
ecoli:lcl|NC_000913.3_prot_NP_415001.1_459	ecoli:lcl|NC_000913.3_prot_NP_415001.1_459
ecoli:lcl|NC_000913.3_prot_NP_415002.1_460	ecoli:lcl|NC_000913.3_prot_NP_415002.1_460
ecoli:lcl|NC_000913.3_prot_YP_009518751.1_462	ecoli:lcl|NC_000913.3_prot_YP_009518751.1_462
ecoli:lcl|NC_000913.3_prot_YP_009518751.1_462	ecoli:lcl|NC_000913.3_prot_NP_415003.1_461
ecoli:lcl|NC_000913.3_prot_NP_415004.1_463	ecoli:lcl|NC_000913.3_prot_NP_415004.1_463
ecoli:lcl|NC_000913.3_prot_NP_415005.1_464	ecoli:lcl|NC_000913.3_prot_NP_415005.1_464
ecoli:lcl|NC_000913.3_prot_NP_415006.1_465	ecoli:lcl|NC_000913.3_prot_NP_415006.1_465
ecoli:lcl|NC_000913.3_prot_NP_415007.1_466	ecoli:lcl|NC_000913.3_prot_NP_415007.1_466
ecoli:lcl|NC_000913.3_prot_NP_415008.1_467	ecoli:lcl|NC_000913.3_prot_NP_415008.1_467
ecoli:lcl|NC_000913.3_prot_NP_415009.1_468	ecoli:lcl|NC_000913.3_prot_NP_415009.1_468
ecoli:lcl|NC_000913.3_prot_NP_415010.1_469	ecoli:lcl|NC_000913.3_prot_NP_415010.1_469
ecoli:lcl|NC_000913.3_prot_NP_415011.1_470	ecoli:lcl|NC_000913.3_prot_NP_415011.1_470
ecoli:lcl|NC_000913.3_prot_NP_415012.1_471	ecoli:lcl|NC_000913.3_prot_NP_415012.1_471
ecoli:lcl|NC_000913.3_prot_NP_415013.1_472	ecoli:lcl|NC_000913.3_prot_NP_415013.1_472
ecoli:lcl|NC_000913.3_prot_NP_415014.1_473	ecoli:lcl|NC_000913.3_prot_NP_415014.1_473
ecoli:lcl|NC_000913.3_prot_NP_415015.1_474	ecoli:lcl|NC_000913.3_prot_NP_415015.1_474
ecoli:lcl|NC_000913.3_prot_NP_415016.4_475	ecoli:lcl|NC_000913.3_prot_NP_415016.4_475
ecoli:lcl|NC_000913.3_prot_YP_009518752.1_477	ecoli:lcl|NC_000913.3_prot_YP_009518752.1_477
ecoli:lcl|NC_000913.3_prot_YP_009518752.1_477	ecoli:lcl|NC_000913.3_prot_NP_415017.1_476
ecoli:lcl|NC_000913.3_prot_NP_415018.1_478	ecoli:lcl|NC_000913.3_prot_NP_415018.1_478
ecoli:lcl|NC_000913.3_prot_NP_415019.1_479	ecoli:lcl|NC_000913.3_prot_NP_415019.1_479
ecoli:lcl|NC_000913.3_prot_NP_415020.1_480	ecoli:lcl|NC_000913.3_prot_NP_415020.1_480
ecoli:lcl|NC_000913.3_prot_NP_415021.2_481	ecoli:lcl|NC_000913.3_prot_NP_415021.2_481
ecoli:lcl|NC_000913.3_prot_NP_415022.1_482	ecoli:lcl|NC_000913.3_prot_NP_415022.1_482
ecoli:lcl|NC_000913.3_prot_NP_415024.4_484	ecoli:lcl|NC_000913.3_prot_NP_415024.4_484
ecoli:lcl|NC_000913.3_prot_NP_415025.4_485	ecoli:lcl|NC_000913.3_prot_NP_415025.4_485
ecoli:lcl|NC_000913.3_prot_NP_415026.1_486	ecoli:lcl|NC_000913.3_prot_NP_415026.1_486
ecoli:lcl|NC_000913.3_prot_NP_415027.1_487	ecoli:lcl|NC_000913.3_prot_NP_415027.1_487
ecoli:lcl|NC_000913.3_prot_NP_415028.1_488	ecoli:lcl|NC_000913.3_prot_NP_415028.1_488
ecoli:lcl|NC_000913.3_prot_NP_415029.1_489	ecoli:lcl|NC_000913.3_prot_NP_415029.1_489
ecoli:lcl|NC_000913.3_prot_YP_009518753.1_492	ecoli:lcl|NC_000913.3_prot_YP_009518753.1_492
ecoli:lcl|NC_000913.3_prot_NP_415036.1_493	ecoli:lcl|NC_000913.3_prot_NP_415036.1_493
ecoli:lcl|NC_000913.3_prot_NP_415037.1_494	ecoli:lcl|NC_000913.3_prot_NP_415037.1_494
ecoli:lcl|NC_000913.3_prot_NP_415038.1_495	ecoli:lcl|NC_000913.3_prot_NP_415038.1_495
ecoli:lcl|NC_000913.3_prot_NP_415039.1_496	ecoli:lcl|NC_000913.3_prot_NP_415039.1_496
ecoli:lcl|NC_000913.3_prot_NP_415040.1_497	ecoli:lcl|NC_000913.3_prot_NP_415040.1_497
ecoli:lcl|NC_000913.3_prot_NP_415041.1_498	ecoli:lcl|NC_000913.3_prot_NP_415041.1_498
ecoli:lcl|NC_000913.3_prot_NP_415042.1_499	ecoli:lcl|NC_000913.3_prot_NP_415042.1_499
ecoli:lcl|NC_000913.3_prot_NP_415044.4_500	ecoli:lcl|NC_000913.3_prot_NP_415044.4_500
ecoli:lcl|NC_000913.3_prot_NP_415045.1_501	ecoli:lcl|NC_000913.3_prot_NP_415045.1_501
ecoli:lcl|NC_000913.3_prot_NP_415046.4_502	ecoli:lcl|NC_000913.3_prot_NP_415046.4_502
ecoli:lcl|NC_000913.3_prot_NP_415048.1_504	ecoli:lcl|NC_000913.3_prot_NP_415048.1_504
ecoli:lcl|NC_000913.3_prot_NP_415049.1_505	ecoli:lcl|NC_000913.3_prot_NP_415049.1_505
ecoli:lcl|NC_000913.3_prot_NP_415050.1_506	ecoli:lcl|NC_000913.3_prot_NP_415050.1_506
ecoli:lcl|NC_000913.3_prot_NP_415051.1_507	ecoli:lcl|NC_000913.3_prot_NP_415051.1_507
ecoli:lcl|NC_000913.3_prot_YP_009029994.1_508	ecoli:lcl|NC_000913.3_prot_YP_009029994.1_508
ecoli:lcl|NC_000913.3_prot_NP_415053.1_509	ecoli:lcl|NC_000913.3_prot_NP_415053.1_509
ecoli:lcl|NC_000913.3_prot_NP_415054.1_510	ecoli:lcl|NC_000913.3_prot_NP_415054.1_510
ecoli:lcl|NC_000913.3_prot_NP_415055.1_511	ecoli:lcl|NC_000913.3_prot_NP_415055.1_511
ecoli:lcl|NC_000913.3_prot_NP_415056.1_512	ecoli:lcl|NC_000913.3_prot_NP_415056.1_512
ecoli:lcl|NC_000913.3_prot_NP_415057.1_513	ecoli:lcl|NC_000913.3_prot_NP_415057.1_513
ecoli:lcl|NC_000913.3_prot_NP_415059.1_515	ecoli:lcl|NC_000913.3_prot_NP_415059.1_515
ecoli:lcl|NC_000913.3_prot_NP_415060.1_516	ecoli:lcl|NC_000913.3_prot_NP_415060.1_516
ecoli:lcl|NC_000913.3_prot_NP_415061.2_517	ecoli:lcl|NC_000913.3_prot_NP_415061.2_517
ecoli:lcl|NC_000913.3_prot_NP_415062.1_518	ecoli:lcl|NC_000913.3_prot_NP_415062.1_518
ecoli:lcl|NC_000913.3_prot_NP_415064.1_520	ecoli:lcl|NC_000913.3_prot_NP_415064.1_520
ecoli:lcl|NC_000913.3_prot_NP_415065.1_521	ecoli:lcl|NC_000913.3_prot_NP_415065.1_521
ecoli:lcl|NC_000913.3_prot_NP_415066.2_522	ecoli:lcl|NC_000913.3_prot_NP_415066.2_522
ecoli:lcl|NC_000913.3_prot_NP_415067.1_523	ecoli:lcl|NC_000913.3_prot_NP_415067.1_523
ecoli:lcl|NC_000913.3_prot_NP_415068.1_524	ecoli:lcl|NC_000913.3_prot_NP_415068.1_524
ecoli:lcl|NC_000913.3_prot_NP_415069.1_525	ecoli:lcl|NC_000913.3_prot_NP_415069.1_525
ecoli:lcl|NC_000913.3_prot_b0542_526	ecoli:lcl|NC_000913.3_prot_b0542_526
ecoli:lcl|NC_000913.3_prot_NP_415075.1_529	ecoli:lcl|NC_000913.3_prot_NP_415075.1_529
ecoli:lcl|NC_000913.3_prot_YP_009518754.1_530	ecoli:lcl|NC_000913.3_prot_YP_009518754.1_530
ecoli:lcl|NC_000913.3_prot_NP_415076.1_531	ecoli:lcl|NC_000913.3_prot_NP_415076.1_531
ecoli:lcl|NC_000913.3_prot_NP_415078.1_533	ecoli:lcl|NC_000913.3_prot_NP_415078.1_533
ecoli:lcl|NC_000913.3_prot_YP_001165308.1_534	ecoli:lcl|NC_000913.3_prot_YP_001165308.1_534
ecoli:lcl|NC_000913.3_prot_NP_415079.1_535	ecoli:lcl|NC_000913.3_prot_NP_415079.1_535
ecoli:lcl|NC_000913.3_prot_NP_415080.1_536	ecoli:lcl|NC_000913.3_prot_NP_415080.1_536
ecoli:lcl|NC_000913.3_prot_NP_415081.1_537	ecoli:lcl|NC_000913.3_prot_NP_415081.1_537
ecoli:lcl|NC_000913.3_prot_NP_415082.1_538	ecoli:lcl|NC_000913.3_prot_NP_415082.1_538
ecoli:lcl|NC_000913.3_prot_YP_588439.1_539	ecoli:lcl|NC_000913.3_prot_YP_588439.1_539
ecoli:lcl|NC_000913.3_prot_NP_415083.1_540	ecoli:lcl|NC_000913.3_prot_NP_415083.1_540
ecoli:lcl|NC_000913.3_prot_NP_415087.1_544	ecoli:lcl|NC_000913.3_prot_NP_415087.1_544
ecoli:lcl|NC_000913.3_prot_NP_415088.1_545	ecoli:lcl|NC_000913.3_prot_NP_415088.1_545
ecoli:lcl|NC_000913.3_prot_YP_588440.1_546	ecoli:lcl|NC_000913.3_prot_YP_588440.1_546
ecoli:lcl|NC_000913.3_prot_YP_588440.1_546	ecoli:lcl|NC_000913.3_prot_YP_588452.1_1351
ecoli:lcl|NC_000913.3_prot_NP_415089.1_547	ecoli:lcl|NC_000913.3_prot_NP_415089.1_547
ecoli:lcl|NC_000913.3_prot_NP_415091.1_549	ecoli:lcl|NC_000913.3_prot_NP_415091.1_549
ecoli:lcl|NC_000913.3_prot_YP_001165309.1_550	ecoli:lcl|NC_000913.3_prot_YP_001165309.1_550
ecoli:lcl|NC_000913.3_prot_YP_001165309.1_550	ecoli:lcl|NC_000913.3_prot_YP_588454.1_1536
ecoli:lcl|NC_000913.3_prot_YP_009518756.1_553	ecoli:lcl|NC_000913.3_prot_YP_009518756.1_553
ecoli:lcl|NC_000913.3_prot_NP_415096.1_554	ecoli:lcl|NC_000913.3_prot_NP_415096.1_554
ecoli:lcl|NC_000913.3_prot_NP_415097.1_555	ecoli:lcl|NC_000913.3_prot_NP_415097.1_555
ecoli:lcl|NC_000913.3_prot_NP_415098.1_556	ecoli:lcl|NC_000913.3_prot_NP_415098.1_556
ecoli:lcl|NC_000913.3_prot_NP_415099.1_557	ecoli:lcl|NC_000913.3_prot_NP_415099.1_557
ecoli:lcl|NC_000913.3_prot_NP_415100.1_558	ecoli:lcl|NC_000913.3_prot_NP_415100.1_558
ecoli:lcl|NC_000913.3_prot_NP_415101.1_559	ecoli:lcl|NC_000913.3_prot_NP_415101.1_559
ecoli:lcl|NC_000913.3_prot_NP_415102.1_560	ecoli:lcl|NC_000913.3_prot_NP_415102.1_560
ecoli:lcl|NC_000913.3_prot_NP_415104.1_562	ecoli:lcl|NC_000913.3_prot_NP_415104.1_562
ecoli:lcl|NC_000913.3_prot_NP_415105.1_563	ecoli:lcl|NC_000913.3_prot_NP_415105.1_563
ecoli:lcl|NC_000913.3_prot_NP_415106.1_564	ecoli:lcl|NC_000913.3_prot_NP_415106.1_564
ecoli:lcl|NC_000913.3_prot_NP_415107.1_565	ecoli:lcl|NC_000913.3_prot_NP_415107.1_565
ecoli:lcl|NC_000913.3_prot_NP_415109.1_567	ecoli:lcl|NC_000913.3_prot_NP_415109.1_567
ecoli:lcl|NC_000913.3_prot_NP_415110.1_568	ecoli:lcl|NC_000913.3_prot_NP_415110.1_568
ecoli:lcl|NC_000913.3_prot_NP_415111.1_569	ecoli:lcl|NC_000913.3_prot_NP_415111.1_569
ecoli:lcl|NC_000913.3_prot_NP_415112.1_570	ecoli:lcl|NC_000913.3_prot_NP_415112.1_570
ecoli:lcl|NC_000913.3_prot_NP_415113.1_571	ecoli:lcl|NC_000913.3_prot_NP_415113.1_571
ecoli:lcl|NC_000913.3_prot_YP_025295.1_572	ecoli:lcl|NC_000913.3_prot_YP_025295.1_572
ecoli:lcl|NC_000913.3_prot_NP_415115.2_574	ecoli:lcl|NC_000913.3_prot_NP_415115.2_574
ecoli:lcl|NC_000913.3_prot_NP_415116.1_575	ecoli:lcl|NC_000913.3_prot_NP_415116.1_575
ecoli:lcl|NC_000913.3_prot_NP_415117.2_576	ecoli:lcl|NC_000913.3_prot_NP_415117.2_576
ecoli:lcl|NC_000913.3_prot_YP_588441.1_577	ecoli:lcl|NC_000913.3_prot_YP_588441.1_577
ecoli:lcl|NC_000913.3_prot_NP_415118.1_578	ecoli:lcl|NC_000913.3_prot_NP_415118.1_578
ecoli:lcl|NC_000913.3_prot_NP_415119.1_579	ecoli:lcl|NC_000913.3_prot_NP_415119.1_579
ecoli:lcl|NC_000913.3_prot_NP_415120.1_580	ecoli:lcl|NC_000913.3_prot_NP_415120.1_580
ecoli:lcl|NC_000913.3_prot_NP_415121.1_581	ecoli:lcl|NC_000913.3_prot_NP_415121.1_581
ecoli:lcl|NC_000913.3_prot_NP_415122.1_582	ecoli:lcl|NC_000913.3_prot_NP_415122.1_582
ecoli:lcl|NC_000913.3_prot_NP_415123.1_583	ecoli:lcl|NC_000913.3_prot_NP_415123.1_583
ecoli:lcl|NC_000913.3_prot_NP_415124.1_584	ecoli:lcl|NC_000913.3_prot_NP_415124.1_584
ecoli:lcl|NC_000913.3_prot_NP_415125.1_585	ecoli:lcl|NC_000913.3_prot_NP_415125.1_585
ecoli:lcl|NC_000913.3_prot_NP_415126.1_586	ecoli:lcl|NC_000913.3_prot_NP_415126.1_586
ecoli:lcl|NC_000913.3_prot_NP_415127.1_587	ecoli:lcl|NC_000913.3_prot_NP_415127.1_587
ecoli:lcl|NC_000913.3_prot_NP_415128.1_588	ecoli:lcl|NC_000913.3_prot_NP_415128.1_588
ecoli:lcl|NC_000913.3_prot_YP_588442.1_591	ecoli:lcl|NC_000913.3_prot_YP_588442.1_591
ecoli:lcl|NC_000913.3_prot_YP_588442.1_591	ecoli:lcl|NC_000913.3_prot_NP_418773.1_4265
ecoli:lcl|NC_000913.3_prot_NP_415132.1_592	ecoli:lcl|NC_000913.3_prot_NP_415132.1_592
ecoli:lcl|NC_000913.3_prot_NP_415133.1_593	ecoli:lcl|NC_000913.3_prot_NP_415133.1_593
ecoli:lcl|NC_000913.3_prot_NP_415134.1_594	ecoli:lcl|NC_000913.3_prot_NP_415134.1_594
ecoli:lcl|NC_000913.3_prot_NP_415135.1_595	ecoli:lcl|NC_000913.3_prot_NP_415135.1_595
ecoli:lcl|NC_000913.3_prot_NP_415137.2_597	ecoli:lcl|NC_000913.3_prot_NP_415137.2_597
ecoli:lcl|NC_000913.3_prot_NP_415138.1_598	ecoli:lcl|NC_000913.3_prot_NP_415138.1_598
ecoli:lcl|NC_000913.3_prot_NP_415139.2_599	ecoli:lcl|NC_000913.3_prot_NP_415139.2_599
ecoli:lcl|NC_000913.3_prot_NP_415140.1_600	ecoli:lcl|NC_000913.3_prot_NP_415140.1_600
ecoli:lcl|NC_000913.3_prot_NP_415141.1_601	ecoli:lcl|NC_000913.3_prot_NP_415141.1_601
ecoli:lcl|NC_000913.3_prot_YP_009518757.1_602	ecoli:lcl|NC_000913.3_prot_YP_009518757.1_602
ecoli:lcl|NC_000913.3_prot_NP_415143.1_603	ecoli:lcl|NC_000913.3_prot_NP_415143.1_603
ecoli:lcl|NC_000913.3_prot_NP_415144.1_604	ecoli:lcl|NC_000913.3_prot_NP_415144.1_604
ecoli:lcl|NC_000913.3_prot_NP_415145.1_605	ecoli:lcl|NC_000913.3_prot_NP_415145.1_605
ecoli:lcl|NC_000913.3_prot_NP_415146.1_606	ecoli:lcl|NC_000913.3_prot_NP_415146.1_606
ecoli:lcl|NC_000913.3_prot_NP_415147.1_607	ecoli:lcl|NC_000913.3_prot_NP_415147.1_607
ecoli:lcl|NC_000913.3_prot_NP_415148.1_608	ecoli:lcl|NC_000913.3_prot_NP_415148.1_608
ecoli:lcl|NC_000913.3_prot_NP_415149.4_609	ecoli:lcl|NC_000913.3_prot_NP_415149.4_609
ecoli:lcl|NC_000913.3_prot_NP_415150.1_610	ecoli:lcl|NC_000913.3_prot_NP_415150.1_610
ecoli:lcl|NC_000913.3_prot_NP_415151.4_611	ecoli:lcl|NC_000913.3_prot_NP_415151.4_611
ecoli:lcl|NC_000913.3_prot_NP_415152.1_612	ecoli:lcl|NC_000913.3_prot_NP_415152.1_612
ecoli:lcl|NC_000913.3_prot_NP_415153.1_613	ecoli:lcl|NC_000913.3_prot_NP_415153.1_613
ecoli:lcl|NC_000913.3_prot_NP_415154.1_614	ecoli:lcl|NC_000913.3_prot_NP_415154.1_614
ecoli:lcl|NC_000913.3_prot_NP_415155.1_615	ecoli:lcl|NC_000913.3_prot_NP_415155.1_615
ecoli:lcl|NC_000913.3_prot_NP_415157.1_617	ecoli:lcl|NC_000913.3_prot_NP_415157.1_617
ecoli:lcl|NC_000913.3_prot_NP_415160.1_618	ecoli:lcl|NC_000913.3_prot_NP_415160.1_618
ecoli:lcl|NC_000913.3_prot_NP_415160.1_618	ecoli:lcl|NC_000913.3_prot_NP_418280.4_3773
ecoli:lcl|NC_000913.3_prot_NP_415161.1_619	ecoli:lcl|NC_000913.3_prot_NP_415161.1_619
ecoli:lcl|NC_000913.3_prot_NP_415162.4_620	ecoli:lcl|NC_000913.3_prot_NP_415162.4_620
ecoli:lcl|NC_000913.3_prot_NP_415162.4_620	ecoli:lcl|NC_000913.3_prot_NP_415136.1_596
ecoli:lcl|NC_000913.3_prot_NP_415163.2_621	ecoli:lcl|NC_000913.3_prot_NP_415163.2_621
ecoli:lcl|NC_000913.3_prot_NP_415164.1_622	ecoli:lcl|NC_000913.3_prot_NP_415164.1_622
ecoli:lcl|NC_000913.3_prot_NP_415166.1_624	ecoli:lcl|NC_000913.3_prot_NP_415166.1_624
ecoli:lcl|NC_000913.3_prot_NP_415167.1_625	ecoli:lcl|NC_000913.3_prot_NP_415167.1_625
ecoli:lcl|NC_000913.3_prot_NP_415168.1_626	ecoli:lcl|NC_000913.3_prot_NP_415168.1_626
ecoli:lcl|NC_000913.3_prot_NP_415169.1_627	ecoli:lcl|NC_000913.3_prot_NP_415169.1_627
ecoli:lcl|NC_000913.3_prot_NP_415170.4_628	ecoli:lcl|NC_000913.3_prot_NP_415170.4_628
ecoli:lcl|NC_000913.3_prot_NP_415171.1_629	ecoli:lcl|NC_000913.3_prot_NP_415171.1_629
ecoli:lcl|NC_000913.3_prot_NP_415172.1_630	ecoli:lcl|NC_000913.3_prot_NP_415172.1_630
ecoli:lcl|NC_000913.3_prot_NP_415173.1_631	ecoli:lcl|NC_000913.3_prot_NP_415173.1_631
ecoli:lcl|NC_000913.3_prot_NP_415174.1_632	ecoli:lcl|NC_000913.3_prot_NP_415174.1_632
ecoli:lcl|NC_000913.3_prot_NP_415175.1_633	ecoli:lcl|NC_000913.3_prot_NP_415175.1_633
ecoli:lcl|NC_000913.3_prot_NP_415176.1_634	ecoli:lcl|NC_000913.3_prot_NP_415176.1_634
ecoli:lcl|NC_000913.3_prot_NP_415177.4_635	ecoli:lcl|NC_000913.3_prot_NP_415177.4_635
ecoli:lcl|NC_000913.3_prot_NP_415180.1_638	ecoli:lcl|NC_000913.3_prot_NP_415180.1_638
ecoli:lcl|NC_000913.3_prot_NP_415181.1_639	ecoli:lcl|NC_000913.3_prot_NP_415181.1_639
ecoli:lcl|NC_000913.3_prot_NP_415181.1_639	ecoli:lcl|NC_000913.3_prot_NP_415178.1_636
ecoli:lcl|NC_000913.3_prot_NP_415182.1_640	ecoli:lcl|NC_000913.3_prot_NP_415182.1_640
ecoli:lcl|NC_000913.3_prot_NP_415182.1_640	ecoli:lcl|NC_000913.3_prot_NP_415179.1_637
ecoli:lcl|NC_000913.3_prot_NP_415183.1_641	ecoli:lcl|NC_000913.3_prot_NP_415183.1_641
ecoli:lcl|NC_000913.3_prot_NP_415185.1_643	ecoli:lcl|NC_000913.3_prot_NP_415185.1_643
ecoli:lcl|NC_000913.3_prot_NP_415185.1_643	ecoli:lcl|NC_000913.3_prot_NP_415330.1_784
ecoli:lcl|NC_000913.3_prot_NP_415185.1_643	ecoli:lcl|NC_000913.3_prot_NP_417737.1_3213
ecoli:lcl|NC_000913.3_prot_NP_415186.1_644	ecoli:lcl|NC_000913.3_prot_NP_415186.1_644
ecoli:lcl|NC_000913.3_prot_NP_415187.1_645	ecoli:lcl|NC_000913.3_prot_NP_415187.1_645
ecoli:lcl|NC_000913.3_prot_NP_415188.1_646	ecoli:lcl|NC_000913.3_prot_NP_415188.1_646
ecoli:lcl|NC_000913.3_prot_NP_415190.1_648	ecoli:lcl|NC_000913.3_prot_NP_415190.1_648
ecoli:lcl|NC_000913.3_prot_NP_415191.1_649	ecoli:lcl|NC_000913.3_prot_NP_415191.1_649
ecoli:lcl|NC_000913.3_prot_NP_415192.1_650	ecoli:lcl|NC_000913.3_prot_NP_415192.1_650
ecoli:lcl|NC_000913.3_prot_NP_415193.2_651	ecoli:lcl|NC_000913.3_prot_NP_415193.2_651
ecoli:lcl|NC_000913.3_prot_NP_415194.1_652	ecoli:lcl|NC_000913.3_prot_NP_415194.1_652
ecoli:lcl|NC_000913.3_prot_NP_415195.1_653	ecoli:lcl|NC_000913.3_prot_NP_415195.1_653
ecoli:lcl|NC_000913.3_prot_NP_415200.1_654	ecoli:lcl|NC_000913.3_prot_NP_415200.1_654
ecoli:lcl|NC_000913.3_prot_NP_415201.1_655	ecoli:lcl|NC_000913.3_prot_NP_415201.1_655
ecoli:lcl|NC_000913.3_prot_NP_415202.1_656	ecoli:lcl|NC_000913.3_prot_NP_415202.1_656
ecoli:lcl|NC_000913.3_prot_NP_415203.1_657	ecoli:lcl|NC_000913.3_prot_NP_415203.1_657
ecoli:lcl|NC_000913.3_prot_NP_415204.1_658	ecoli:lcl|NC_000913.3_prot_NP_415204.1_658
ecoli:lcl|NC_000913.3_prot_NP_415205.1_659	ecoli:lcl|NC_000913.3_prot_NP_415205.1_659
ecoli:lcl|NC_000913.3_prot_NP_415206.1_660	ecoli:lcl|NC_000913.3_prot_NP_415206.1_660
ecoli:lcl|NC_000913.3_prot_NP_415207.1_661	ecoli:lcl|NC_000913.3_prot_NP_415207.1_661
ecoli:lcl|NC_000913.3_prot_NP_415208.1_662	ecoli:lcl|NC_000913.3_prot_NP_415208.1_662
ecoli:lcl|NC_000913.3_prot_NP_415209.1_663	ecoli:lcl|NC_000913.3_prot_NP_415209.1_663
ecoli:lcl|NC_000913.3_prot_YP_001491546.1_664	ecoli:lcl|NC_000913.3_prot_YP_001491546.1_664
ecoli:lcl|NC_000913.3_prot_NP_415210.1_665	ecoli:lcl|NC_000913.3_prot_NP_415210.1_665
ecoli:lcl|NC_000913.3_prot_NP_415211.2_666	ecoli:lcl|NC_000913.3_prot_NP_415211.2_666
ecoli:lcl|NC_000913.3_prot_NP_415212.1_667	ecoli:lcl|NC_000913.3_prot_NP_415212.1_667
ecoli:lcl|NC_000913.3_prot_NP_415213.1_668	ecoli:lcl|NC_000913.3_prot_NP_415213.1_668
ecoli:lcl|NC_000913.3_prot_NP_415214.1_669	ecoli:lcl|NC_000913.3_prot_NP_415214.1_669
ecoli:lcl|NC_000913.3_prot_NP_415215.1_670	ecoli:lcl|NC_000913.3_prot_NP_415215.1_670
ecoli:lcl|NC_000913.3_prot_NP_415219.1_671	ecoli:lcl|NC_000913.3_prot_NP_415219.1_671
ecoli:lcl|NC_000913.3_prot_NP_415220.1_672	ecoli:lcl|NC_000913.3_prot_NP_415220.1_672
ecoli:lcl|NC_000913.3_prot_YP_010051176.1_673	ecoli:lcl|NC_000913.3_prot_YP_010051176.1_673
ecoli:lcl|NC_000913.3_prot_NP_415222.1_674	ecoli:lcl|NC_000913.3_prot_NP_415222.1_674
ecoli:lcl|NC_000913.3_prot_NP_415223.1_675	ecoli:lcl|NC_000913.3_prot_NP_415223.1_675
ecoli:lcl|NC_000913.3_prot_NP_415224.1_676	ecoli:lcl|NC_000913.3_prot_NP_415224.1_676
ecoli:lcl|NC_000913.3_prot_NP_415225.1_677	ecoli:lcl|NC_000913.3_prot_NP_415225.1_677
ecoli:lcl|NC_000913.3_prot_NP_415226.1_678	ecoli:lcl|NC_000913.3_prot_NP_415226.1_678
ecoli:lcl|NC_000913.3_prot_YP_588443.1_679	ecoli:lcl|NC_000913.3_prot_YP_588443.1_679
ecoli:lcl|NC_000913.3_prot_NP_415228.1_680	ecoli:lcl|NC_000913.3_prot_NP_415228.1_680
ecoli:lcl|NC_000913.3_prot_NP_415229.1_681	ecoli:lcl|NC_000913.3_prot_NP_415229.1_681
ecoli:lcl|NC_000913.3_prot_NP_415229.1_681	ecoli:lcl|NC_000913.3_prot_NP_415030.1_490
ecoli:lcl|NC_000913.3_prot_NP_415229.1_681	ecoli:lcl|NC_000913.3_prot_YP_026224.1_3418
ecoli:lcl|NC_000913.3_prot_NP_415229.1_681	ecoli:lcl|NC_000913.3_prot_NP_418050.1_3534
ecoli:lcl|NC_000913.3_prot_NP_415230.1_682	ecoli:lcl|NC_000913.3_prot_NP_415230.1_682
ecoli:lcl|NC_000913.3_prot_NP_415232.1_683	ecoli:lcl|NC_000913.3_prot_NP_415232.1_683
ecoli:lcl|NC_000913.3_prot_NP_415235.1_686	ecoli:lcl|NC_000913.3_prot_NP_415235.1_686
ecoli:lcl|NC_000913.3_prot_NP_415236.1_687	ecoli:lcl|NC_000913.3_prot_NP_415236.1_687
ecoli:lcl|NC_000913.3_prot_NP_415238.1_689	ecoli:lcl|NC_000913.3_prot_NP_415238.1_689
ecoli:lcl|NC_000913.3_prot_NP_415239.1_690	ecoli:lcl|NC_000913.3_prot_NP_415239.1_690
ecoli:lcl|NC_000913.3_prot_NP_415240.1_691	ecoli:lcl|NC_000913.3_prot_NP_415240.1_691
ecoli:lcl|NC_000913.3_prot_NP_415241.1_692	ecoli:lcl|NC_000913.3_prot_NP_415241.1_692
ecoli:lcl|NC_000913.3_prot_NP_415242.1_693	ecoli:lcl|NC_000913.3_prot_NP_415242.1_693
ecoli:lcl|NC_000913.3_prot_NP_415243.4_694	ecoli:lcl|NC_000913.3_prot_NP_415243.4_694
ecoli:lcl|NC_000913.3_prot_NP_415244.4_695	ecoli:lcl|NC_000913.3_prot_NP_415244.4_695
ecoli:lcl|NC_000913.3_prot_NP_415246.2_697	ecoli:lcl|NC_000913.3_prot_NP_415246.2_697
ecoli:lcl|NC_000913.3_prot_NP_415247.1_698	ecoli:lcl|NC_000913.3_prot_NP_415247.1_698
ecoli:lcl|NC_000913.3_prot_NP_415248.1_699	ecoli:lcl|NC_000913.3_prot_NP_415248.1_699
ecoli:lcl|NC_000913.3_prot_YP_010051177.1_700	ecoli:lcl|NC_000913.3_prot_YP_010051177.1_700
ecoli:lcl|NC_000913.3_prot_YP_009518759.1_701	ecoli:lcl|NC_000913.3_prot_YP_009518759.1_701
ecoli:lcl|NC_000913.3_prot_NP_415249.1_702	ecoli:lcl|NC_000913.3_prot_NP_415249.1_702
ecoli:lcl|NC_000913.3_prot_NP_415250.1_703	ecoli:lcl|NC_000913.3_prot_NP_415250.1_703
ecoli:lcl|NC_000913.3_prot_NP_415251.1_704	ecoli:lcl|NC_000913.3_prot_NP_415251.1_704
ecoli:lcl|NC_000913.3_prot_NP_415252.1_705	ecoli:lcl|NC_000913.3_prot_NP_415252.1_705
ecoli:lcl|NC_000913.3_prot_NP_415254.1_706	ecoli:lcl|NC_000913.3_prot_NP_415254.1_706
ecoli:lcl|NC_000913.3_prot_NP_415255.1_707	ecoli:lcl|NC_000913.3_prot_NP_415255.1_707
ecoli:lcl|NC_000913.3_prot_NP_415256.1_708	ecoli:lcl|NC_000913.3_prot_NP_415256.1_708
ecoli:lcl|NC_000913.3_prot_NP_415257.1_709	ecoli:lcl|NC_000913.3_prot_NP_415257.1_709
ecoli:lcl|NC_000913.3_prot_NP_415258.1_710	ecoli:lcl|NC_000913.3_prot_NP_415258.1_710
ecoli:lcl|NC_000913.3_prot_NP_415259.1_711	ecoli:lcl|NC_000913.3_prot_NP_415259.1_711
ecoli:lcl|NC_000913.3_prot_NP_415260.1_712	ecoli:lcl|NC_000913.3_prot_NP_415260.1_712
ecoli:lcl|NC_000913.3_prot_YP_588444.1_715	ecoli:lcl|NC_000913.3_prot_YP_588444.1_715
ecoli:lcl|NC_000913.3_prot_NP_415263.1_716	ecoli:lcl|NC_000913.3_prot_NP_415263.1_716
ecoli:lcl|NC_000913.3_prot_NP_415264.1_717	ecoli:lcl|NC_000913.3_prot_NP_415264.1_717
ecoli:lcl|NC_000913.3_prot_NP_415265.1_718	ecoli:lcl|NC_000913.3_prot_NP_415265.1_718
ecoli:lcl|NC_000913.3_prot_NP_415266.1_719	ecoli:lcl|NC_000913.3_prot_NP_415266.1_719
ecoli:lcl|NC_000913.3_prot_NP_415267.1_720	ecoli:lcl|NC_000913.3_prot_NP_415267.1_720
ecoli:lcl|NC_000913.3_prot_NP_415268.1_721	ecoli:lcl|NC_000913.3_prot_NP_415268.1_721
ecoli:lcl|NC_000913.3_prot_NP_415269.1_722	ecoli:lcl|NC_000913.3_prot_NP_415269.1_722
ecoli:lcl|NC_000913.3_prot_NP_415270.1_723	ecoli:lcl|NC_000913.3_prot_NP_415270.1_723
ecoli:lcl|NC_000913.3_prot_NP_415271.1_724	ecoli:lcl|NC_000913.3_prot_NP_415271.1_724
ecoli:lcl|NC_000913.3_prot_NP_415272.1_725	ecoli:lcl|NC_000913.3_prot_NP_415272.1_725
ecoli:lcl|NC_000913.3_prot_NP_415273.1_726	ecoli:lcl|NC_000913.3_prot_NP_415273.1_726
ecoli:lcl|NC_000913.3_prot_NP_415274.1_727	ecoli:lcl|NC_000913.3_prot_NP_415274.1_727
ecoli:lcl|NC_000913.3_prot_NP_415276.1_729	ecoli:lcl|NC_000913.3_prot_NP_415276.1_729
ecoli:lcl|NC_000913.3_prot_NP_415277.1_730	ecoli:lcl|NC_000913.3_prot_NP_415277.1_730
ecoli:lcl|NC_000913.3_prot_NP_415278.1_731	ecoli:lcl|NC_000913.3_prot_NP_415278.1_731
ecoli:lcl|NC_000913.3_prot_NP_415279.1_732	ecoli:lcl|NC_000913.3_prot_NP_415279.1_732
ecoli:lcl|NC_000913.3_prot_NP_415280.3_733	ecoli:lcl|NC_000913.3_prot_NP_415280.3_733
ecoli:lcl|NC_000913.3_prot_NP_415281.1_734	ecoli:lcl|NC_000913.3_prot_NP_415281.1_734
ecoli:lcl|NC_000913.3_prot_NP_415282.1_735	ecoli:lcl|NC_000913.3_prot_NP_415282.1_735
ecoli:lcl|NC_000913.3_prot_NP_415283.1_736	ecoli:lcl|NC_000913.3_prot_NP_415283.1_736
ecoli:lcl|NC_000913.3_prot_NP_415284.1_737	ecoli:lcl|NC_000913.3_prot_NP_415284.1_737
ecoli:lcl|NC_000913.3_prot_NP_415285.1_738	ecoli:lcl|NC_000913.3_prot_NP_415285.1_738
ecoli:lcl|NC_000913.3_prot_NP_415286.1_739	ecoli:lcl|NC_000913.3_prot_NP_415286.1_739
ecoli:lcl|NC_000913.3_prot_NP_415287.1_740	ecoli:lcl|NC_000913.3_prot_NP_415287.1_740
ecoli:lcl|NC_000913.3_prot_NP_415288.1_741	ecoli:lcl|NC_000913.3_prot_NP_415288.1_741
ecoli:lcl|NC_000913.3_prot_NP_415289.4_742	ecoli:lcl|NC_000913.3_prot_NP_415289.4_742
ecoli:lcl|NC_000913.3_prot_NP_415290.1_743	ecoli:lcl|NC_000913.3_prot_NP_415290.1_743
ecoli:lcl|NC_000913.3_prot_NP_415291.1_744	ecoli:lcl|NC_000913.3_prot_NP_415291.1_744
ecoli:lcl|NC_000913.3_prot_NP_415292.2_745	ecoli:lcl|NC_000913.3_prot_NP_415292.2_745
ecoli:lcl|NC_000913.3_prot_NP_415293.1_746	ecoli:lcl|NC_000913.3_prot_NP_415293.1_746
ecoli:lcl|NC_000913.3_prot_NP_415294.1_747	ecoli:lcl|NC_000913.3_prot_NP_415294.1_747
ecoli:lcl|NC_000913.3_prot_NP_415294.1_747	ecoli:lcl|NC_000913.3_prot_NP_415077.1_532
ecoli:lcl|NC_000913.3_prot_NP_415295.1_748	ecoli:lcl|NC_000913.3_prot_NP_415295.1_748
ecoli:lcl|NC_000913.3_prot_NP_415296.1_749	ecoli:lcl|NC_000913.3_prot_NP_415296.1_749
ecoli:lcl|NC_000913.3_prot_NP_415297.1_750	ecoli:lcl|NC_000913.3_prot_NP_415297.1_750
ecoli:lcl|NC_000913.3_prot_NP_415298.1_751	ecoli:lcl|NC_000913.3_prot_NP_415298.1_751
ecoli:lcl|NC_000913.3_prot_NP_415300.1_753	ecoli:lcl|NC_000913.3_prot_NP_415300.1_753
ecoli:lcl|NC_000913.3_prot_NP_415301.1_754	ecoli:lcl|NC_000913.3_prot_NP_415301.1_754
ecoli:lcl|NC_000913.3_prot_NP_415302.1_755	ecoli:lcl|NC_000913.3_prot_NP_415302.1_755
ecoli:lcl|NC_000913.3_prot_NP_415303.1_756	ecoli:lcl|NC_000913.3_prot_NP_415303.1_756
ecoli:lcl|NC_000913.3_prot_NP_415304.1_757	ecoli:lcl|NC_000913.3_prot_NP_415304.1_757
ecoli:lcl|NC_000913.3_prot_NP_415305.1_758	ecoli:lcl|NC_000913.3_prot_NP_415305.1_758
ecoli:lcl|NC_000913.3_prot_NP_415306.1_759	ecoli:lcl|NC_000913.3_prot_NP_415306.1_759
ecoli:lcl|NC_000913.3_prot_NP_415307.1_760	ecoli:lcl|NC_000913.3_prot_NP_415307.1_760
ecoli:lcl|NC_000913.3_prot_NP_415308.1_761	ecoli:lcl|NC_000913.3_prot_NP_415308.1_761
ecoli:lcl|NC_000913.3_prot_NP_415309.1_762	ecoli:lcl|NC_000913.3_prot_NP_415309.1_762
ecoli:lcl|NC_000913.3_prot_NP_415310.1_763	ecoli:lcl|NC_000913.3_prot_NP_415310.1_763
ecoli:lcl|NC_000913.3_prot_NP_415311.1_764	ecoli:lcl|NC_000913.3_prot_NP_415311.1_764
ecoli:lcl|NC_000913.3_prot_NP_415312.1_765	ecoli:lcl|NC_000913.3_prot_NP_415312.1_765
ecoli:lcl|NC_000913.3_prot_NP_415313.1_766	ecoli:lcl|NC_000913.3_prot_NP_415313.1_766
ecoli:lcl|NC_000913.3_prot_NP_415314.1_767	ecoli:lcl|NC_000913.3_prot_NP_415314.1_767
ecoli:lcl|NC_000913.3_prot_NP_415315.4_768	ecoli:lcl|NC_000913.3_prot_NP_415315.4_768
ecoli:lcl|NC_000913.3_prot_NP_415316.1_769	ecoli:lcl|NC_000913.3_prot_NP_415316.1_769
ecoli:lcl|NC_000913.3_prot_NP_415317.4_770	ecoli:lcl|NC_000913.3_prot_NP_415317.4_770
ecoli:lcl|NC_000913.3_prot_NP_415318.1_771	ecoli:lcl|NC_000913.3_prot_NP_415318.1_771
ecoli:lcl|NC_000913.3_prot_NP_415319.1_772	ecoli:lcl|NC_000913.3_prot_NP_415319.1_772
ecoli:lcl|NC_000913.3_prot_NP_415320.1_773	ecoli:lcl|NC_000913.3_prot_NP_415320.1_773
ecoli:lcl|NC_000913.3_prot_NP_415321.1_774	ecoli:lcl|NC_000913.3_prot_NP_415321.1_774
ecoli:lcl|NC_000913.3_prot_NP_415322.1_775	ecoli:lcl|NC_000913.3_prot_NP_415322.1_775
ecoli:lcl|NC_000913.3_prot_YP_010051178.1_776	ecoli:lcl|NC_000913.3_prot_YP_010051178.1_776
ecoli:lcl|NC_000913.3_prot_NP_415323.1_777	ecoli:lcl|NC_000913.3_prot_NP_415323.1_777
ecoli:lcl|NC_000913.3_prot_NP_415324.1_778	ecoli:lcl|NC_000913.3_prot_NP_415324.1_778
ecoli:lcl|NC_000913.3_prot_NP_415325.4_779	ecoli:lcl|NC_000913.3_prot_NP_415325.4_779
ecoli:lcl|NC_000913.3_prot_NP_415326.1_780	ecoli:lcl|NC_000913.3_prot_NP_415326.1_780
ecoli:lcl|NC_000913.3_prot_NP_415327.2_781	ecoli:lcl|NC_000913.3_prot_NP_415327.2_781
ecoli:lcl|NC_000913.3_prot_NP_415328.4_782	ecoli:lcl|NC_000913.3_prot_NP_415328.4_782
ecoli:lcl|NC_000913.3_prot_NP_415329.4_783	ecoli:lcl|NC_000913.3_prot_NP_415329.4_783
ecoli:lcl|NC_000913.3_prot_NP_415331.1_785	ecoli:lcl|NC_000913.3_prot_NP_415331.1_785
ecoli:lcl|NC_000913.3_prot_NP_415332.1_786	ecoli:lcl|NC_000913.3_prot_NP_415332.1_786
ecoli:lcl|NC_000913.3_prot_NP_415333.1_787	ecoli:lcl|NC_000913.3_prot_NP_415333.1_787
ecoli:lcl|NC_000913.3_prot_NP_415334.1_788	ecoli:lcl|NC_000913.3_prot_NP_415334.1_788
ecoli:lcl|NC_000913.3_prot_YP_009518760.1_789	ecoli:lcl|NC_000913.3_prot_YP_009518760.1_789
ecoli:lcl|NC_000913.3_prot_NP_415335.1_790	ecoli:lcl|NC_000913.3_prot_NP_415335.1_790
ecoli:lcl|NC_000913.3_prot_NP_415336.1_791	ecoli:lcl|NC_000913.3_prot_NP_415336.1_791
ecoli:lcl|NC_000913.3_prot_YP_009029995.1_792	ecoli:lcl|NC_000913.3_prot_YP_009029995.1_792
ecoli:lcl|NC_000913.3_prot_NP_415338.1_793	ecoli:lcl|NC_000913.3_prot_NP_415338.1_793
ecoli:lcl|NC_000913.3_prot_NP_415339.1_794	ecoli:lcl|NC_000913.3_prot_NP_415339.1_794
ecoli:lcl|NC_000913.3_prot_NP_415341.1_796	ecoli:lcl|NC_000913.3_prot_NP_415341.1_796
ecoli:lcl|NC_000913.3_prot_NP_415342.1_797	ecoli:lcl|NC_000913.3_prot_NP_415342.1_797
ecoli:lcl|NC_000913.3_prot_NP_415344.1_799	ecoli:lcl|NC_000913.3_prot_NP_415344.1_799
ecoli:lcl|NC_000913.3_prot_NP_415347.1_802	ecoli:lcl|NC_000913.3_prot_NP_415347.1_802
ecoli:lcl|NC_000913.3_prot_NP_415348.1_803	ecoli:lcl|NC_000913.3_prot_NP_415348.1_803
ecoli:lcl|NC_000913.3_prot_NP_415349.1_804	ecoli:lcl|NC_000913.3_prot_NP_415349.1_804
ecoli:lcl|NC_000913.3_prot_NP_415351.1_806	ecoli:lcl|NC_000913.3_prot_NP_415351.1_806
ecoli:lcl|NC_000913.3_prot_NP_415352.1_807	ecoli:lcl|NC_000913.3_prot_NP_415352.1_807
ecoli:lcl|NC_000913.3_prot_NP_415353.1_808	ecoli:lcl|NC_000913.3_prot_NP_415353.1_808
ecoli:lcl|NC_000913.3_prot_NP_415354.1_809	ecoli:lcl|NC_000913.3_prot_NP_415354.1_809
ecoli:lcl|NC_000913.3_prot_NP_415355.1_810	ecoli:lcl|NC_000913.3_prot_NP_415355.1_810
ecoli:lcl|NC_000913.3_prot_NP_415356.1_811	ecoli:lcl|NC_000913.3_prot_NP_415356.1_811
ecoli:lcl|NC_000913.3_prot_NP_415357.1_812	ecoli:lcl|NC_000913.3_prot_NP_415357.1_812
ecoli:lcl|NC_000913.3_prot_NP_415358.1_813	ecoli:lcl|NC_000913.3_prot_NP_415358.1_813
ecoli:lcl|NC_000913.3_prot_NP_415359.4_814	ecoli:lcl|NC_000913.3_prot_NP_415359.4_814
ecoli:lcl|NC_000913.3_prot_NP_415360.1_815	ecoli:lcl|NC_000913.3_prot_NP_415360.1_815
ecoli:lcl|NC_000913.3_prot_NP_415360.1_815	ecoli:lcl|NC_000913.3_prot_NP_415165.1_623
ecoli:lcl|NC_000913.3_prot_NP_415361.1_816	ecoli:lcl|NC_000913.3_prot_NP_415361.1_816
ecoli:lcl|NC_000913.3_prot_NP_415362.1_817	ecoli:lcl|NC_000913.3_prot_NP_415362.1_817
ecoli:lcl|NC_000913.3_prot_NP_415364.1_819	ecoli:lcl|NC_000913.3_prot_NP_415364.1_819
ecoli:lcl|NC_000913.3_prot_NP_415365.4_820	ecoli:lcl|NC_000913.3_prot_NP_415365.4_820
ecoli:lcl|NC_000913.3_prot_NP_415365.4_820	ecoli:lcl|NC_000913.3_prot_NP_415343.1_798
ecoli:lcl|NC_000913.3_prot_NP_415366.1_821	ecoli:lcl|NC_000913.3_prot_NP_415366.1_821
ecoli:lcl|NC_000913.3_prot_NP_415367.1_822	ecoli:lcl|NC_000913.3_prot_NP_415367.1_822
ecoli:lcl|NC_000913.3_prot_NP_415368.1_823	ecoli:lcl|NC_000913.3_prot_NP_415368.1_823
ecoli:lcl|NC_000913.3_prot_NP_415369.1_824	ecoli:lcl|NC_000913.3_prot_NP_415369.1_824
ecoli:lcl|NC_000913.3_prot_NP_415370.1_825	ecoli:lcl|NC_000913.3_prot_NP_415370.1_825
ecoli:lcl|NC_000913.3_prot_NP_415371.1_826	ecoli:lcl|NC_000913.3_prot_NP_415371.1_826
ecoli:lcl|NC_000913.3_prot_NP_415372.1_827	ecoli:lcl|NC_000913.3_prot_NP_415372.1_827
ecoli:lcl|NC_000913.3_prot_NP_415373.1_828	ecoli:lcl|NC_000913.3_prot_NP_415373.1_828
ecoli:lcl|NC_000913.3_prot_NP_415374.1_829	ecoli:lcl|NC_000913.3_prot_NP_415374.1_829
ecoli:lcl|NC_000913.3_prot_NP_415375.1_830	ecoli:lcl|NC_000913.3_prot_NP_415375.1_830
ecoli:lcl|NC_000913.3_prot_NP_415376.4_831	ecoli:lcl|NC_000913.3_prot_NP_415376.4_831
ecoli:lcl|NC_000913.3_prot_NP_415377.1_832	ecoli:lcl|NC_000913.3_prot_NP_415377.1_832
ecoli:lcl|NC_000913.3_prot_NP_415378.1_833	ecoli:lcl|NC_000913.3_prot_NP_415378.1_833
ecoli:lcl|NC_000913.3_prot_NP_415379.1_834	ecoli:lcl|NC_000913.3_prot_NP_415379.1_834
ecoli:lcl|NC_000913.3_prot_NP_415380.1_835	ecoli:lcl|NC_000913.3_prot_NP_415380.1_835
ecoli:lcl|NC_000913.3_prot_NP_415382.1_837	ecoli:lcl|NC_000913.3_prot_NP_415382.1_837
ecoli:lcl|NC_000913.3_prot_NP_415383.1_838	ecoli:lcl|NC_000913.3_prot_NP_415383.1_838
ecoli:lcl|NC_000913.3_prot_NP_415384.1_839	ecoli:lcl|NC_000913.3_prot_NP_415384.1_839
ecoli:lcl|NC_000913.3_prot_NP_415384.1_839	ecoli:lcl|NC_000913.3_prot_NP_415381.1_836
ecoli:lcl|NC_000913.3_prot_NP_415385.1_840	ecoli:lcl|NC_000913.3_prot_NP_415385.1_840
ecoli:lcl|NC_000913.3_prot_NP_415386.1_841	ecoli:lcl|NC_000913.3_prot_NP_415386.1_841
ecoli:lcl|NC_000913.3_prot_NP_415387.1_842	ecoli:lcl|NC_000913.3_prot_NP_415387.1_842
ecoli:lcl|NC_000913.3_prot_NP_415388.1_843	ecoli:lcl|NC_000913.3_prot_NP_415388.1_843
ecoli:lcl|NC_000913.3_prot_NP_415389.2_844	ecoli:lcl|NC_000913.3_prot_NP_415389.2_844
ecoli:lcl|NC_000913.3_prot_NP_415390.4_845	ecoli:lcl|NC_000913.3_prot_NP_415390.4_845
ecoli:lcl|NC_000913.3_prot_NP_415391.1_846	ecoli:lcl|NC_000913.3_prot_NP_415391.1_846
ecoli:lcl|NC_000913.3_prot_NP_415392.1_847	ecoli:lcl|NC_000913.3_prot_NP_415392.1_847
ecoli:lcl|NC_000913.3_prot_NP_415393.1_848	ecoli:lcl|NC_000913.3_prot_NP_415393.1_848
ecoli:lcl|NC_000913.3_prot_NP_415394.4_849	ecoli:lcl|NC_000913.3_prot_NP_415394.4_849
ecoli:lcl|NC_000913.3_prot_NP_415395.2_850	ecoli:lcl|NC_000913.3_prot_NP_415395.2_850
ecoli:lcl|NC_000913.3_prot_NP_415396.1_851	ecoli:lcl|NC_000913.3_prot_NP_415396.1_851
ecoli:lcl|NC_000913.3_prot_NP_415397.1_852	ecoli:lcl|NC_000913.3_prot_NP_415397.1_852
ecoli:lcl|NC_000913.3_prot_NP_415398.1_853	ecoli:lcl|NC_000913.3_prot_NP_415398.1_853
ecoli:lcl|NC_000913.3_prot_NP_415399.4_854	ecoli:lcl|NC_000913.3_prot_NP_415399.4_854
ecoli:lcl|NC_000913.3_prot_NP_415400.1_855	ecoli:lcl|NC_000913.3_prot_NP_415400.1_855
ecoli:lcl|NC_000913.3_prot_YP_010051179.1_857	ecoli:lcl|NC_000913.3_prot_YP_010051179.1_857
ecoli:lcl|NC_000913.3_prot_NP_415402.1_858	ecoli:lcl|NC_000913.3_prot_NP_415402.1_858
ecoli:lcl|NC_000913.3_prot_NP_415403.1_859	ecoli:lcl|NC_000913.3_prot_NP_415403.1_859
ecoli:lcl|NC_000913.3_prot_NP_415404.1_860	ecoli:lcl|NC_000913.3_prot_NP_415404.1_860
ecoli:lcl|NC_000913.3_prot_NP_415405.1_861	ecoli:lcl|NC_000913.3_prot_NP_415405.1_861
ecoli:lcl|NC_000913.3_prot_NP_415406.1_862	ecoli:lcl|NC_000913.3_prot_NP_415406.1_862
ecoli:lcl|NC_000913.3_prot_NP_415407.1_863	ecoli:lcl|NC_000913.3_prot_NP_415407.1_863
ecoli:lcl|NC_000913.3_prot_NP_415408.1_864	ecoli:lcl|NC_000913.3_prot_NP_415408.1_864
ecoli:lcl|NC_000913.3_prot_NP_415409.1_865	ecoli:lcl|NC_000913.3_prot_NP_415409.1_865
ecoli:lcl|NC_000913.3_prot_NP_415410.1_866	ecoli:lcl|NC_000913.3_prot_NP_415410.1_866
ecoli:lcl|NC_000913.3_prot_NP_415411.2_867	ecoli:lcl|NC_000913.3_prot_NP_415411.2_867
ecoli:lcl|NC_000913.3_prot_NP_415412.1_868	ecoli:lcl|NC_000913.3_prot_NP_415412.1_868
ecoli:lcl|NC_000913.3_prot_NP_415413.1_869	ecoli:lcl|NC_000913.3_prot_NP_415413.1_869
ecoli:lcl|NC_000913.3_prot_NP_415417.1_873	ecoli:lcl|NC_000913.3_prot_NP_415417.1_873
ecoli:lcl|NC_000913.3_prot_NP_415418.1_874	ecoli:lcl|NC_000913.3_prot_NP_415418.1_874
ecoli:lcl|NC_000913.3_prot_NP_415419.2_875	ecoli:lcl|NC_000913.3_prot_NP_415419.2_875
ecoli:lcl|NC_000913.3_prot_NP_415420.1_876	ecoli:lcl|NC_000913.3_prot_NP_415420.1_876
ecoli:lcl|NC_000913.3_prot_NP_415421.1_877	ecoli:lcl|NC_000913.3_prot_NP_415421.1_877
ecoli:lcl|NC_000913.3_prot_NP_415422.1_878	ecoli:lcl|NC_000913.3_prot_NP_415422.1_878
ecoli:lcl|NC_000913.3_prot_NP_415424.1_880	ecoli:lcl|NC_000913.3_prot_NP_415424.1_880
ecoli:lcl|NC_000913.3_prot_NP_415425.4_881	ecoli:lcl|NC_000913.3_prot_NP_415425.4_881
ecoli:lcl|NC_000913.3_prot_NP_415426.1_882	ecoli:lcl|NC_000913.3_prot_NP_415426.1_882
ecoli:lcl|NC_000913.3_prot_NP_415427.1_883	ecoli:lcl|NC_000913.3_prot_NP_415427.1_883
ecoli:lcl|NC_000913.3_prot_NP_415428.1_884	ecoli:lcl|NC_000913.3_prot_NP_415428.1_884
ecoli:lcl|NC_000913.3_prot_NP_415430.1_886	ecoli:lcl|NC_000913.3_prot_NP_415430.1_886
ecoli:lcl|NC_000913.3_prot_NP_415431.1_887	ecoli:lcl|NC_000913.3_prot_NP_415431.1_887
ecoli:lcl|NC_000913.3_prot_NP_415432.1_888	ecoli:lcl|NC_000913.3_prot_NP_415432.1_888
ecoli:lcl|NC_000913.3_prot_NP_415433.4_889	ecoli:lcl|NC_000913.3_prot_NP_415433.4_889
ecoli:lcl|NC_000913.3_prot_NP_415434.1_890	ecoli:lcl|NC_000913.3_prot_NP_415434.1_890
ecoli:lcl|NC_000913.3_prot_NP_415435.1_891	ecoli:lcl|NC_000913.3_prot_NP_415435.1_891
ecoli:lcl|NC_000913.3_prot_NP_415436.1_892	ecoli:lcl|NC_000913.3_prot_NP_415436.1_892
ecoli:lcl|NC_000913.3_prot_NP_415437.1_893	ecoli:lcl|NC_000913.3_prot_NP_415437.1_893
ecoli:lcl|NC_000913.3_prot_NP_415438.1_894	ecoli:lcl|NC_000913.3_prot_NP_415438.1_894
ecoli:lcl|NC_000913.3_prot_NP_415439.1_895	ecoli:lcl|NC_000913.3_prot_NP_415439.1_895
ecoli:lcl|NC_000913.3_prot_NP_415440.1_896	ecoli:lcl|NC_000913.3_prot_NP_415440.1_896
ecoli:lcl|NC_000913.3_prot_NP_415441.1_897	ecoli:lcl|NC_000913.3_prot_NP_415441.1_897
ecoli:lcl|NC_000913.3_prot_NP_415442.1_898	ecoli:lcl|NC_000913.3_prot_NP_415442.1_898
ecoli:lcl|NC_000913.3_prot_NP_415443.2_899	ecoli:lcl|NC_000913.3_prot_NP_415443.2_899
ecoli:lcl|NC_000913.3_prot_NP_415444.1_900	ecoli:lcl|NC_000913.3_prot_NP_415444.1_900
ecoli:lcl|NC_000913.3_prot_NP_415445.1_901	ecoli:lcl|NC_000913.3_prot_NP_415445.1_901
ecoli:lcl|NC_000913.3_prot_NP_415446.1_902	ecoli:lcl|NC_000913.3_prot_NP_415446.1_902
ecoli:lcl|NC_000913.3_prot_NP_415447.1_903	ecoli:lcl|NC_000913.3_prot_NP_415447.1_903
ecoli:lcl|NC_000913.3_prot_NP_415448.1_904	ecoli:lcl|NC_000913.3_prot_NP_415448.1_904
ecoli:lcl|NC_000913.3_prot_NP_415450.1_906	ecoli:lcl|NC_000913.3_prot_NP_415450.1_906
ecoli:lcl|NC_000913.3_prot_NP_415451.1_907	ecoli:lcl|NC_000913.3_prot_NP_415451.1_907
ecoli:lcl|NC_000913.3_prot_NP_415452.1_908	ecoli:lcl|NC_000913.3_prot_NP_415452.1_908
ecoli:lcl|NC_000913.3_prot_NP_415453.1_909	ecoli:lcl|NC_000913.3_prot_NP_415453.1_909
ecoli:lcl|NC_000913.3_prot_NP_415454.4_910	ecoli:lcl|NC_000913.3_prot_NP_415454.4_910
ecoli:lcl|NC_000913.3_prot_NP_415455.1_911	ecoli:lcl|NC_000913.3_prot_NP_415455.1_911
ecoli:lcl|NC_000913.3_prot_NP_415456.4_912	ecoli:lcl|NC_000913.3_prot_NP_415456.4_912
ecoli:lcl|NC_000913.3_prot_NP_415457.1_913	ecoli:lcl|NC_000913.3_prot_NP_415457.1_913
ecoli:lcl|NC_000913.3_prot_NP_415458.2_914	ecoli:lcl|NC_000913.3_prot_NP_415458.2_914
ecoli:lcl|NC_000913.3_prot_NP_415459.1_915	ecoli:lcl|NC_000913.3_prot_NP_415459.1_915
ecoli:lcl|NC_000913.3_prot_NP_415461.1_917	ecoli:lcl|NC_000913.3_prot_NP_415461.1_917
ecoli:lcl|NC_000913.3_prot_NP_415462.1_918	ecoli:lcl|NC_000913.3_prot_NP_415462.1_918
ecoli:lcl|NC_000913.3_prot_NP_415463.2_919	ecoli:lcl|NC_000913.3_prot_NP_415463.2_919
ecoli:lcl|NC_000913.3_prot_NP_415464.4_920	ecoli:lcl|NC_000913.3_prot_NP_415464.4_920
ecoli:lcl|NC_000913.3_prot_NP_415465.1_921	ecoli:lcl|NC_000913.3_prot_NP_415465.1_921
ecoli:lcl|NC_000913.3_prot_NP_415466.4_922	ecoli:lcl|NC_000913.3_prot_NP_415466.4_922
ecoli:lcl|NC_000913.3_prot_NP_415467.1_923	ecoli:lcl|NC_000913.3_prot_NP_415467.1_923
ecoli:lcl|NC_000913.3_prot_NP_415468.1_924	ecoli:lcl|NC_000913.3_prot_NP_415468.1_924
ecoli:lcl|NC_000913.3_prot_NP_415469.1_925	ecoli:lcl|NC_000913.3_prot_NP_415469.1_925
ecoli:lcl|NC_000913.3_prot_NP_415470.1_926	ecoli:lcl|NC_000913.3_prot_NP_415470.1_926
ecoli:lcl|NC_000913.3_prot_NP_415471.1_927	ecoli:lcl|NC_000913.3_prot_NP_415471.1_927
ecoli:lcl|NC_000913.3_prot_NP_415472.2_928	ecoli:lcl|NC_000913.3_prot_NP_415472.2_928
ecoli:lcl|NC_000913.3_prot_NP_415473.1_929	ecoli:lcl|NC_000913.3_prot_NP_415473.1_929
ecoli:lcl|NC_000913.3_prot_NP_415474.1_930	ecoli:lcl|NC_000913.3_prot_NP_415474.1_930
ecoli:lcl|NC_000913.3_prot_NP_415475.1_931	ecoli:lcl|NC_000913.3_prot_NP_415475.1_931
ecoli:lcl|NC_000913.3_prot_NP_415476.1_932	ecoli:lcl|NC_000913.3_prot_NP_415476.1_932
ecoli:lcl|NC_000913.3_prot_NP_415477.1_933	ecoli:lcl|NC_000913.3_prot_NP_415477.1_933
ecoli:lcl|NC_000913.3_prot_NP_415478.1_934	ecoli:lcl|NC_000913.3_prot_NP_415478.1_934
ecoli:lcl|NC_000913.3_prot_NP_415479.1_935	ecoli:lcl|NC_000913.3_prot_NP_415479.1_935
ecoli:lcl|NC_000913.3_prot_NP_415480.2_936	ecoli:lcl|NC_000913.3_prot_NP_415480.2_936
ecoli:lcl|NC_000913.3_prot_NP_415481.1_937	ecoli:lcl|NC_000913.3_prot_NP_415481.1_937
ecoli:lcl|NC_000913.3_prot_NP_415482.1_938	ecoli:lcl|NC_000913.3_prot_NP_415482.1_938
ecoli:lcl|NC_000913.3_prot_NP_415483.2_939	ecoli:lcl|NC_000913.3_prot_NP_415483.2_939
ecoli:lcl|NC_000913.3_prot_NP_415484.1_940	ecoli:lcl|NC_000913.3_prot_NP_415484.1_940
ecoli:lcl|NC_000913.3_prot_NP_415485.4_941	ecoli:lcl|NC_000913.3_prot_NP_415485.4_941
ecoli:lcl|NC_000913.3_prot_NP_415486.4_942	ecoli:lcl|NC_000913.3_prot_NP_415486.4_942
ecoli:lcl|NC_000913.3_prot_NP_415487.4_943	ecoli:lcl|NC_000913.3_prot_NP_415487.4_943
ecoli:lcl|NC_000913.3_prot_NP_415488.1_944	ecoli:lcl|NC_000913.3_prot_NP_415488.1_944
ecoli:lcl|NC_000913.3_prot_NP_415489.4_945	ecoli:lcl|NC_000913.3_prot_NP_415489.4_945
ecoli:lcl|NC_000913.3_prot_NP_415490.1_946	ecoli:lcl|NC_000913.3_prot_NP_415490.1_946
ecoli:lcl|NC_000913.3_prot_NP_415491.1_947	ecoli:lcl|NC_000913.3_prot_NP_415491.1_947
ecoli:lcl|NC_000913.3_prot_NP_415493.1_949	ecoli:lcl|NC_000913.3_prot_NP_415493.1_949
ecoli:lcl|NC_000913.3_prot_NP_415494.1_950	ecoli:lcl|NC_000913.3_prot_NP_415494.1_950
ecoli:lcl|NC_000913.3_prot_NP_415495.1_951	ecoli:lcl|NC_000913.3_prot_NP_415495.1_951
ecoli:lcl|NC_000913.3_prot_NP_415496.1_952	ecoli:lcl|NC_000913.3_prot_NP_415496.1_952
ecoli:lcl|NC_000913.3_prot_NP_415497.1_953	ecoli:lcl|NC_000913.3_prot_NP_415497.1_953
ecoli:lcl|NC_000913.3_prot_NP_415497.1_953	ecoli:lcl|NC_000913.3_prot_NP_415261.2_713
ecoli:lcl|NC_000913.3_prot_NP_415498.1_954	ecoli:lcl|NC_000913.3_prot_NP_415498.1_954
ecoli:lcl|NC_000913.3_prot_NP_415498.1_954	ecoli:lcl|NC_000913.3_prot_NP_415262.1_714
ecoli:lcl|NC_000913.3_prot_YP_001165313.1_955	ecoli:lcl|NC_000913.3_prot_YP_001165313.1_955
ecoli:lcl|NC_000913.3_prot_NP_415500.1_956	ecoli:lcl|NC_000913.3_prot_NP_415500.1_956
ecoli:lcl|NC_000913.3_prot_NP_415501.1_957	ecoli:lcl|NC_000913.3_prot_NP_415501.1_957
ecoli:lcl|NC_000913.3_prot_NP_415505.1_961	ecoli:lcl|NC_000913.3_prot_NP_415505.1_961
ecoli:lcl|NC_000913.3_prot_NP_415506.1_962	ecoli:lcl|NC_000913.3_prot_NP_415506.1_962
ecoli:lcl|NC_000913.3_prot_NP_415507.2_963	ecoli:lcl|NC_000913.3_prot_NP_415507.2_963
ecoli:lcl|NC_000913.3_prot_NP_415511.1_969	ecoli:lcl|NC_000913.3_prot_NP_415511.1_969
ecoli:lcl|NC_000913.3_prot_NP_415512.1_971	ecoli:lcl|NC_000913.3_prot_NP_415512.1_971
ecoli:lcl|NC_000913.3_prot_NP_415513.2_972	ecoli:lcl|NC_000913.3_prot_NP_415513.2_972
ecoli:lcl|NC_000913.3_prot_NP_415514.1_973	ecoli:lcl|NC_000913.3_prot_NP_415514.1_973
ecoli:lcl|NC_000913.3_prot_NP_415515.1_974	ecoli:lcl|NC_000913.3_prot_NP_415515.1_974
ecoli:lcl|NC_000913.3_prot_NP_415516.1_975	ecoli:lcl|NC_000913.3_prot_NP_415516.1_975
ecoli:lcl|NC_000913.3_prot_NP_415517.1_976	ecoli:lcl|NC_000913.3_prot_NP_415517.1_976
ecoli:lcl|NC_000913.3_prot_NP_415518.1_977	ecoli:lcl|NC_000913.3_prot_NP_415518.1_977
ecoli:lcl|NC_000913.3_prot_NP_415519.1_978	ecoli:lcl|NC_000913.3_prot_NP_415519.1_978
ecoli:lcl|NC_000913.3_prot_NP_415520.1_979	ecoli:lcl|NC_000913.3_prot_NP_415520.1_979
ecoli:lcl|NC_000913.3_prot_NP_415520.1_979	ecoli:lcl|NC_000913.3_prot_NP_414556.1_15
ecoli:lcl|NC_000913.3_prot_NP_415521.1_980	ecoli:lcl|NC_000913.3_prot_NP_415521.1_980
ecoli:lcl|NC_000913.3_prot_NP_415522.1_981	ecoli:lcl|NC_000913.3_prot_NP_415522.1_981
ecoli:lcl|NC_000913.3_prot_NP_415523.1_982	ecoli:lcl|NC_000913.3_prot_NP_415523.1_982
ecoli:lcl|NC_000913.3_prot_NP_415524.1_983	ecoli:lcl|NC_000913.3_prot_NP_415524.1_983
ecoli:lcl|NC_000913.3_prot_NP_415525.2_984	ecoli:lcl|NC_000913.3_prot_NP_415525.2_984
ecoli:lcl|NC_000913.3_prot_NP_415525.2_984	ecoli:lcl|NC_000913.3_prot_NP_415775.4_1237
ecoli:lcl|NC_000913.3_prot_NP_415526.4_985	ecoli:lcl|NC_000913.3_prot_NP_415526.4_985
ecoli:lcl|NC_000913.3_prot_NP_415527.4_986	ecoli:lcl|NC_000913.3_prot_NP_415527.4_986
ecoli:lcl|NC_000913.3_prot_NP_415528.1_987	ecoli:lcl|NC_000913.3_prot_NP_415528.1_987
ecoli:lcl|NC_000913.3_prot_NP_415529.1_988	ecoli:lcl|NC_000913.3_prot_NP_415529.1_988
ecoli:lcl|NC_000913.3_prot_NP_415530.1_989	ecoli:lcl|NC_000913.3_prot_NP_415530.1_989
ecoli:lcl|NC_000913.3_prot_NP_415531.2_990	ecoli:lcl|NC_000913.3_prot_NP_415531.2_990
ecoli:lcl|NC_000913.3_prot_NP_415532.3_991	ecoli:lcl|NC_000913.3_prot_NP_415532.3_991
ecoli:lcl|NC_000913.3_prot_NP_415533.1_992	ecoli:lcl|NC_000913.3_prot_NP_415533.1_992
ecoli:lcl|NC_000913.3_prot_NP_415534.1_993	ecoli:lcl|NC_000913.3_prot_NP_415534.1_993
ecoli:lcl|NC_000913.3_prot_YP_009518762.2_994	ecoli:lcl|NC_000913.3_prot_YP_009518762.2_994
ecoli:lcl|NC_000913.3_prot_NP_415535.1_995	ecoli:lcl|NC_000913.3_prot_NP_415535.1_995
ecoli:lcl|NC_000913.3_prot_NP_415537.1_996	ecoli:lcl|NC_000913.3_prot_NP_415537.1_996
ecoli:lcl|NC_000913.3_prot_NP_415538.1_997	ecoli:lcl|NC_000913.3_prot_NP_415538.1_997
ecoli:lcl|NC_000913.3_prot_NP_415539.1_998	ecoli:lcl|NC_000913.3_prot_NP_415539.1_998
ecoli:lcl|NC_000913.3_prot_NP_415540.1_999	ecoli:lcl|NC_000913.3_prot_NP_415540.1_999
ecoli:lcl|NC_000913.3_prot_NP_415541.1_1000	ecoli:lcl|NC_000913.3_prot_NP_415541.1_1000
ecoli:lcl|NC_000913.3_prot_NP_415542.1_1001	ecoli:lcl|NC_000913.3_prot_NP_415542.1_1001
ecoli:lcl|NC_000913.3_prot_NP_415543.1_1002	ecoli:lcl|NC_000913.3_prot_NP_415543.1_1002
ecoli:lcl|NC_000913.3_prot_NP_415544.1_1003	ecoli:lcl|NC_000913.3_prot_NP_415544.1_1003
ecoli:lcl|NC_000913.3_prot_NP_415548.1_1006	ecoli:lcl|NC_000913.3_prot_NP_415548.1_1006
ecoli:lcl|NC_000913.3_prot_NP_415551.2_1007	ecoli:lcl|NC_000913.3_prot_NP_415551.2_1007
ecoli:lcl|NC_000913.3_prot_NP_415552.1_1008	ecoli:lcl|NC_000913.3_prot_NP_415552.1_1008
ecoli:lcl|NC_000913.3_prot_NP_415553.1_1009	ecoli:lcl|NC_000913.3_prot_NP_415553.1_1009
ecoli:lcl|NC_000913.3_prot_NP_415554.4_1010	ecoli:lcl|NC_000913.3_prot_NP_415554.4_1010
ecoli:lcl|NC_000913.3_prot_NP_415555.1_1011	ecoli:lcl|NC_000913.3_prot_NP_415555.1_1011
ecoli:lcl|NC_000913.3_prot_NP_415556.1_1012	ecoli:lcl|NC_000913.3_prot_NP_415556.1_1012
ecoli:lcl|NC_000913.3_prot_NP_415557.1_1013	ecoli:lcl|NC_000913.3_prot_NP_415557.1_1013
ecoli:lcl|NC_000913.3_prot_NP_415558.1_1014	ecoli:lcl|NC_000913.3_prot_NP_415558.1_1014
ecoli:lcl|NC_000913.3_prot_NP_415559.1_1015	ecoli:lcl|NC_000913.3_prot_NP_415559.1_1015
ecoli:lcl|NC_000913.3_prot_NP_415560.1_1016	ecoli:lcl|NC_000913.3_prot_NP_415560.1_1016
ecoli:lcl|NC_000913.3_prot_NP_415561.1_1017	ecoli:lcl|NC_000913.3_prot_NP_415561.1_1017
ecoli:lcl|NC_000913.3_prot_NP_415562.1_1018	ecoli:lcl|NC_000913.3_prot_NP_415562.1_1018
ecoli:lcl|NC_000913.3_prot_NP_415563.1_1019	ecoli:lcl|NC_000913.3_prot_NP_415563.1_1019
ecoli:lcl|NC_000913.3_prot_NP_415564.2_1020	ecoli:lcl|NC_000913.3_prot_NP_415564.2_1020
ecoli:lcl|NC_000913.3_prot_NP_415565.1_1021	ecoli:lcl|NC_000913.3_prot_NP_415565.1_1021
ecoli:lcl|NC_000913.3_prot_NP_415566.1_1022	ecoli:lcl|NC_000913.3_prot_NP_415566.1_1022
ecoli:lcl|NC_000913.3_prot_NP_415567.1_1023	ecoli:lcl|NC_000913.3_prot_NP_415567.1_1023
ecoli:lcl|NC_000913.3_prot_NP_415568.1_1024	ecoli:lcl|NC_000913.3_prot_NP_415568.1_1024
ecoli:lcl|NC_000913.3_prot_NP_415569.4_1025	ecoli:lcl|NC_000913.3_prot_NP_415569.4_1025
ecoli:lcl|NC_000913.3_prot_NP_415571.1_1026	ecoli:lcl|NC_000913.3_prot_NP_415571.1_1026
ecoli:lcl|NC_000913.3_prot_NP_415573.1_1028	ecoli:lcl|NC_000913.3_prot_NP_415573.1_1028
ecoli:lcl|NC_000913.3_prot_NP_415574.1_1029	ecoli:lcl|NC_000913.3_prot_NP_415574.1_1029
ecoli:lcl|NC_000913.3_prot_NP_415575.1_1030	ecoli:lcl|NC_000913.3_prot_NP_415575.1_1030
ecoli:lcl|NC_000913.3_prot_NP_415576.1_1031	ecoli:lcl|NC_000913.3_prot_NP_415576.1_1031
ecoli:lcl|NC_000913.3_prot_NP_415577.1_1032	ecoli:lcl|NC_000913.3_prot_NP_415577.1_1032
ecoli:lcl|NC_000913.3_prot_NP_415578.3_1033	ecoli:lcl|NC_000913.3_prot_NP_415578.3_1033
ecoli:lcl|NC_000913.3_prot_NP_415579.1_1034	ecoli:lcl|NC_000913.3_prot_NP_415579.1_1034
ecoli:lcl|NC_000913.3_prot_NP_415580.1_1035	ecoli:lcl|NC_000913.3_prot_NP_415580.1_1035
ecoli:lcl|NC_000913.3_prot_NP_415581.1_1036	ecoli:lcl|NC_000913.3_prot_NP_415581.1_1036
ecoli:lcl|NC_000913.3_prot_NP_415582.1_1037	ecoli:lcl|NC_000913.3_prot_NP_415582.1_1037
ecoli:lcl|NC_000913.3_prot_NP_415583.4_1038	ecoli:lcl|NC_000913.3_prot_NP_415583.4_1038
ecoli:lcl|NC_000913.3_prot_NP_415584.1_1039	ecoli:lcl|NC_000913.3_prot_NP_415584.1_1039
ecoli:lcl|NC_000913.3_prot_NP_415585.1_1040	ecoli:lcl|NC_000913.3_prot_NP_415585.1_1040
ecoli:lcl|NC_000913.3_prot_NP_415586.1_1041	ecoli:lcl|NC_000913.3_prot_NP_415586.1_1041
ecoli:lcl|NC_000913.3_prot_NP_415587.1_1042	ecoli:lcl|NC_000913.3_prot_NP_415587.1_1042
ecoli:lcl|NC_000913.3_prot_NP_415588.1_1043	ecoli:lcl|NC_000913.3_prot_NP_415588.1_1043
ecoli:lcl|NC_000913.3_prot_NP_415589.1_1044	ecoli:lcl|NC_000913.3_prot_NP_415589.1_1044
ecoli:lcl|NC_000913.3_prot_NP_415590.1_1045	ecoli:lcl|NC_000913.3_prot_NP_415590.1_1045
ecoli:lcl|NC_000913.3_prot_NP_415591.1_1046	ecoli:lcl|NC_000913.3_prot_NP_415591.1_1046
ecoli:lcl|NC_000913.3_prot_NP_415592.1_1047	ecoli:lcl|NC_000913.3_prot_NP_415592.1_1047
ecoli:lcl|NC_000913.3_prot_NP_415593.1_1048	ecoli:lcl|NC_000913.3_prot_NP_415593.1_1048
ecoli:lcl|NC_000913.3_prot_NP_415594.1_1049	ecoli:lcl|NC_000913.3_prot_NP_415594.1_1049
ecoli:lcl|NC_000913.3_prot_NP_415595.1_1050	ecoli:lcl|NC_000913.3_prot_NP_415595.1_1050
ecoli:lcl|NC_000913.3_prot_NP_415596.1_1051	ecoli:lcl|NC_000913.3_prot_NP_415596.1_1051
ecoli:lcl|NC_000913.3_prot_NP_415597.1_1052	ecoli:lcl|NC_000913.3_prot_NP_415597.1_1052
ecoli:lcl|NC_000913.3_prot_NP_415598.3_1053	ecoli:lcl|NC_000913.3_prot_NP_415598.3_1053
ecoli:lcl|NC_000913.3_prot_NP_415599.1_1054	ecoli:lcl|NC_000913.3_prot_NP_415599.1_1054
ecoli:lcl|NC_000913.3_prot_NP_415600.1_1055	ecoli:lcl|NC_000913.3_prot_NP_415600.1_1055
ecoli:lcl|NC_000913.3_prot_NP_415601.1_1056	ecoli:lcl|NC_000913.3_prot_NP_415601.1_1056
ecoli:lcl|NC_000913.3_prot_NP_415602.1_1057	ecoli:lcl|NC_000913.3_prot_NP_415602.1_1057
ecoli:lcl|NC_000913.3_prot_NP_415603.2_1058	ecoli:lcl|NC_000913.3_prot_NP_415603.2_1058
ecoli:lcl|NC_000913.3_prot_NP_415604.1_1059	ecoli:lcl|NC_000913.3_prot_NP_415604.1_1059
ecoli:lcl|NC_000913.3_prot_NP_415605.2_1060	ecoli:lcl|NC_000913.3_prot_NP_415605.2_1060
ecoli:lcl|NC_000913.3_prot_NP_415606.1_1061	ecoli:lcl|NC_000913.3_prot_NP_415606.1_1061
ecoli:lcl|NC_000913.3_prot_NP_415607.1_1062	ecoli:lcl|NC_000913.3_prot_NP_415607.1_1062
ecoli:lcl|NC_000913.3_prot_NP_415608.2_1063	ecoli:lcl|NC_000913.3_prot_NP_415608.2_1063
ecoli:lcl|NC_000913.3_prot_NP_415609.1_1064	ecoli:lcl|NC_000913.3_prot_NP_415609.1_1064
ecoli:lcl|NC_000913.3_prot_NP_415610.1_1065	ecoli:lcl|NC_000913.3_prot_NP_415610.1_1065
ecoli:lcl|NC_000913.3_prot_NP_415611.1_1066	ecoli:lcl|NC_000913.3_prot_NP_415611.1_1066
ecoli:lcl|NC_000913.3_prot_NP_415612.1_1067	ecoli:lcl|NC_000913.3_prot_NP_415612.1_1067
ecoli:lcl|NC_000913.3_prot_NP_415613.1_1068	ecoli:lcl|NC_000913.3_prot_NP_415613.1_1068
ecoli:lcl|NC_000913.3_prot_NP_415614.1_1069	ecoli:lcl|NC_000913.3_prot_NP_415614.1_1069
ecoli:lcl|NC_000913.3_prot_NP_415615.1_1070	ecoli:lcl|NC_000913.3_prot_NP_415615.1_1070
ecoli:lcl|NC_000913.3_prot_NP_415616.1_1071	ecoli:lcl|NC_000913.3_prot_NP_415616.1_1071
ecoli:lcl|NC_000913.3_prot_NP_415617.1_1072	ecoli:lcl|NC_000913.3_prot_NP_415617.1_1072
ecoli:lcl|NC_000913.3_prot_NP_415618.1_1073	ecoli:lcl|NC_000913.3_prot_NP_415618.1_1073
ecoli:lcl|NC_000913.3_prot_NP_415619.1_1074	ecoli:lcl|NC_000913.3_prot_NP_415619.1_1074
ecoli:lcl|NC_000913.3_prot_NP_415620.1_1075	ecoli:lcl|NC_000913.3_prot_NP_415620.1_1075
ecoli:lcl|NC_000913.3_prot_NP_415621.3_1076	ecoli:lcl|NC_000913.3_prot_NP_415621.3_1076
ecoli:lcl|NC_000913.3_prot_NP_415622.1_1077	ecoli:lcl|NC_000913.3_prot_NP_415622.1_1077
ecoli:lcl|NC_000913.3_prot_NP_415623.1_1078	ecoli:lcl|NC_000913.3_prot_NP_415623.1_1078
ecoli:lcl|NC_000913.3_prot_NP_415624.1_1079	ecoli:lcl|NC_000913.3_prot_NP_415624.1_1079
ecoli:lcl|NC_000913.3_prot_NP_415625.1_1080	ecoli:lcl|NC_000913.3_prot_NP_415625.1_1080
ecoli:lcl|NC_000913.3_prot_NP_415626.4_1081	ecoli:lcl|NC_000913.3_prot_NP_415626.4_1081
ecoli:lcl|NC_000913.3_prot_NP_415627.1_1082	ecoli:lcl|NC_000913.3_prot_NP_415627.1_1082
ecoli:lcl|NC_000913.3_prot_NP_415628.1_1083	ecoli:lcl|NC_000913.3_prot_NP_415628.1_1083
ecoli:lcl|NC_000913.3_prot_NP_415629.4_1084	ecoli:lcl|NC_000913.3_prot_NP_415629.4_1084
ecoli:lcl|NC_000913.3_prot_NP_415630.1_1085	ecoli:lcl|NC_000913.3_prot_NP_415630.1_1085
ecoli:lcl|NC_000913.3_prot_NP_415631.1_1086	ecoli:lcl|NC_000913.3_prot_NP_415631.1_1086
ecoli:lcl|NC_000913.3_prot_NP_415632.1_1087	ecoli:lcl|NC_000913.3_prot_NP_415632.1_1087
ecoli:lcl|NC_000913.3_prot_NP_415633.1_1088	ecoli:lcl|NC_000913.3_prot_NP_415633.1_1088
ecoli:lcl|NC_000913.3_prot_NP_415634.1_1089	ecoli:lcl|NC_000913.3_prot_NP_415634.1_1089
ecoli:lcl|NC_000913.3_prot_NP_415635.4_1090	ecoli:lcl|NC_000913.3_prot_NP_415635.4_1090
ecoli:lcl|NC_000913.3_prot_NP_415636.1_1091	ecoli:lcl|NC_000913.3_prot_NP_415636.1_1091
ecoli:lcl|NC_000913.3_prot_NP_415637.1_1092	ecoli:lcl|NC_000913.3_prot_NP_415637.1_1092
ecoli:lcl|NC_000913.3_prot_YP_010051180.1_1094	ecoli:lcl|NC_000913.3_prot_YP_010051180.1_1094
ecoli:lcl|NC_000913.3_prot_YP_010051180.1_1094	ecoli:lcl|NC_000913.3_prot_NP_415638.3_1093
ecoli:lcl|NC_000913.3_prot_NP_415639.1_1095	ecoli:lcl|NC_000913.3_prot_NP_415639.1_1095
ecoli:lcl|NC_000913.3_prot_NP_415640.2_1096	ecoli:lcl|NC_000913.3_prot_NP_415640.2_1096
ecoli:lcl|NC_000913.3_prot_NP_415641.1_1097	ecoli:lcl|NC_000913.3_prot_NP_415641.1_1097
ecoli:lcl|NC_000913.3_prot_NP_415642.1_1098	ecoli:lcl|NC_000913.3_prot_NP_415642.1_1098
ecoli:lcl|NC_000913.3_prot_NP_415643.3_1099	ecoli:lcl|NC_000913.3_prot_NP_415643.3_1099
ecoli:lcl|NC_000913.3_prot_NP_415644.1_1100	ecoli:lcl|NC_000913.3_prot_NP_415644.1_1100
ecoli:lcl|NC_000913.3_prot_NP_415644.1_1100	ecoli:lcl|NC_000913.3_prot_NP_414796.2_256
ecoli:lcl|NC_000913.3_prot_NP_415645.1_1101	ecoli:lcl|NC_000913.3_prot_NP_415645.1_1101
ecoli:lcl|NC_000913.3_prot_NP_415646.4_1102	ecoli:lcl|NC_000913.3_prot_NP_415646.4_1102
ecoli:lcl|NC_000913.3_prot_NP_415647.1_1103	ecoli:lcl|NC_000913.3_prot_NP_415647.1_1103
ecoli:lcl|NC_000913.3_prot_NP_415648.1_1104	ecoli:lcl|NC_000913.3_prot_NP_415648.1_1104
ecoli:lcl|NC_000913.3_prot_NP_415649.1_1105	ecoli:lcl|NC_000913.3_prot_NP_415649.1_1105
ecoli:lcl|NC_000913.3_prot_NP_415650.1_1106	ecoli:lcl|NC_000913.3_prot_NP_415650.1_1106
ecoli:lcl|NC_000913.3_prot_NP_415651.4_1107	ecoli:lcl|NC_000913.3_prot_NP_415651.4_1107
ecoli:lcl|NC_000913.3_prot_NP_415652.1_1108	ecoli:lcl|NC_000913.3_prot_NP_415652.1_1108
ecoli:lcl|NC_000913.3_prot_NP_415653.4_1109	ecoli:lcl|NC_000913.3_prot_NP_415653.4_1109
ecoli:lcl|NC_000913.3_prot_NP_415654.1_1110	ecoli:lcl|NC_000913.3_prot_NP_415654.1_1110
ecoli:lcl|NC_000913.3_prot_NP_415655.1_1111	ecoli:lcl|NC_000913.3_prot_NP_415655.1_1111
ecoli:lcl|NC_000913.3_prot_NP_415656.1_1112	ecoli:lcl|NC_000913.3_prot_NP_415656.1_1112
ecoli:lcl|NC_000913.3_prot_NP_415657.1_1113	ecoli:lcl|NC_000913.3_prot_NP_415657.1_1113
ecoli:lcl|NC_000913.3_prot_NP_415658.1_1114	ecoli:lcl|NC_000913.3_prot_NP_415658.1_1114
ecoli:lcl|NC_000913.3_prot_NP_415659.1_1115	ecoli:lcl|NC_000913.3_prot_NP_415659.1_1115
ecoli:lcl|NC_000913.3_prot_YP_009518763.1_1116	ecoli:lcl|NC_000913.3_prot_YP_009518763.1_1116
ecoli:lcl|NC_000913.3_prot_NP_415661.2_1117	ecoli:lcl|NC_000913.3_prot_NP_415661.2_1117
ecoli:lcl|NC_000913.3_prot_NP_415662.2_1118	ecoli:lcl|NC_000913.3_prot_NP_415662.2_1118
ecoli:lcl|NC_000913.3_prot_NP_415663.1_1119	ecoli:lcl|NC_000913.3_prot_NP_415663.1_1119
ecoli:lcl|NC_000913.3_prot_NP_415664.2_1120	ecoli:lcl|NC_000913.3_prot_NP_415664.2_1120
ecoli:lcl|NC_000913.3_prot_NP_415665.2_1121	ecoli:lcl|NC_000913.3_prot_NP_415665.2_1121
ecoli:lcl|NC_000913.3_prot_NP_415666.1_1122	ecoli:lcl|NC_000913.3_prot_NP_415666.1_1122
ecoli:lcl|NC_000913.3_prot_YP_009518764.1_1123	ecoli:lcl|NC_000913.3_prot_YP_009518764.1_1123
ecoli:lcl|NC_000913.3_prot_NP_415668.1_1124	ecoli:lcl|NC_000913.3_prot_NP_415668.1_1124
ecoli:lcl|NC_000913.3_prot_YP_009518765.1_1125	ecoli:lcl|NC_000913.3_prot_YP_009518765.1_1125
ecoli:lcl|NC_000913.3_prot_NP_415671.1_1126	ecoli:lcl|NC_000913.3_prot_NP_415671.1_1126
ecoli:lcl|NC_000913.3_prot_NP_415672.1_1127	ecoli:lcl|NC_000913.3_prot_NP_415672.1_1127
ecoli:lcl|NC_000913.3_prot_NP_415673.1_1128	ecoli:lcl|NC_000913.3_prot_NP_415673.1_1128
ecoli:lcl|NC_000913.3_prot_NP_415674.1_1129	ecoli:lcl|NC_000913.3_prot_NP_415674.1_1129
ecoli:lcl|NC_000913.3_prot_NP_415676.1_1130	ecoli:lcl|NC_000913.3_prot_NP_415676.1_1130
ecoli:lcl|NC_000913.3_prot_NP_415677.1_1131	ecoli:lcl|NC_000913.3_prot_NP_415677.1_1131
ecoli:lcl|NC_000913.3_prot_NP_415678.1_1132	ecoli:lcl|NC_000913.3_prot_NP_415678.1_1132
ecoli:lcl|NC_000913.3_prot_YP_009518766.1_1133	ecoli:lcl|NC_000913.3_prot_YP_009518766.1_1133
ecoli:lcl|NC_000913.3_prot_YP_009518767.1_1134	ecoli:lcl|NC_000913.3_prot_YP_009518767.1_1134
ecoli:lcl|NC_000913.3_prot_NP_415679.1_1135	ecoli:lcl|NC_000913.3_prot_NP_415679.1_1135
ecoli:lcl|NC_000913.3_prot_NP_415681.1_1137	ecoli:lcl|NC_000913.3_prot_NP_415681.1_1137
ecoli:lcl|NC_000913.3_prot_NP_415682.1_1138	ecoli:lcl|NC_000913.3_prot_NP_415682.1_1138
ecoli:lcl|NC_000913.3_prot_NP_415683.1_1139	ecoli:lcl|NC_000913.3_prot_NP_415683.1_1139
ecoli:lcl|NC_000913.3_prot_NP_415684.1_1140	ecoli:lcl|NC_000913.3_prot_NP_415684.1_1140
ecoli:lcl|NC_000913.3_prot_NP_415685.1_1141	ecoli:lcl|NC_000913.3_prot_NP_415685.1_1141
ecoli:lcl|NC_000913.3_prot_NP_415686.2_1142	ecoli:lcl|NC_000913.3_prot_NP_415686.2_1142
ecoli:lcl|NC_000913.3_prot_YP_588447.1_1143	ecoli:lcl|NC_000913.3_prot_YP_588447.1_1143
ecoli:lcl|NC_000913.3_prot_NP_415689.2_1144	ecoli:lcl|NC_000913.3_prot_NP_415689.2_1144
ecoli:lcl|NC_000913.3_prot_NP_415690.5_1145	ecoli:lcl|NC_000913.3_prot_NP_415690.5_1145
ecoli:lcl|NC_000913.3_prot_YP_001165314.1_1146	ecoli:lcl|NC_000913.3_prot_YP_001165314.1_1146
ecoli:lcl|NC_000913.3_prot_YP_001165315.1_1147	ecoli:lcl|NC_000913.3_prot_YP_001165315.1_1147
ecoli:lcl|NC_000913.3_prot_NP_415692.1_1148	ecoli:lcl|NC_000913.3_prot_NP_415692.1_1148
ecoli:lcl|NC_000913.3_prot_NP_415693.1_1149	ecoli:lcl|NC_000913.3_prot_NP_415693.1_1149
ecoli:lcl|NC_000913.3_prot_NP_415694.1_1150	ecoli:lcl|NC_000913.3_prot_NP_415694.1_1150
ecoli:lcl|NC_000913.3_prot_NP_415695.1_1151	ecoli:lcl|NC_000913.3_prot_NP_415695.1_1151
ecoli:lcl|NC_000913.3_prot_NP_415696.1_1152	ecoli:lcl|NC_000913.3_prot_NP_415696.1_1152
ecoli:lcl|NC_000913.3_prot_YP_010283909.1_1153	ecoli:lcl|NC_000913.3_prot_YP_010283909.1_1153
ecoli:lcl|NC_000913.3_prot_NP_415697.5_1154	ecoli:lcl|NC_000913.3_prot_NP_415697.5_1154
ecoli:lcl|NC_000913.3_prot_NP_415698.1_1155	ecoli:lcl|NC_000913.3_prot_NP_415698.1_1155
ecoli:lcl|NC_000913.3_prot_NP_415699.5_1156	ecoli:lcl|NC_000913.3_prot_NP_415699.5_1156
ecoli:lcl|NC_000913.3_prot_NP_415700.4_1157	ecoli:lcl|NC_000913.3_prot_NP_415700.4_1157
ecoli:lcl|NC_000913.3_prot_NP_415701.1_1158	ecoli:lcl|NC_000913.3_prot_NP_415701.1_1158
ecoli:lcl|NC_000913.3_prot_NP_415702.1_1159	ecoli:lcl|NC_000913.3_prot_NP_415702.1_1159
ecoli:lcl|NC_000913.3_prot_NP_415703.3_1160	ecoli:lcl|NC_000913.3_prot_NP_415703.3_1160
ecoli:lcl|NC_000913.3_prot_NP_415704.1_1161	ecoli:lcl|NC_000913.3_prot_NP_415704.1_1161
ecoli:lcl|NC_000913.3_prot_NP_415705.1_1162	ecoli:lcl|NC_000913.3_prot_NP_415705.1_1162
ecoli:lcl|NC_000913.3_prot_NP_415706.1_1163	ecoli:lcl|NC_000913.3_prot_NP_415706.1_1163
ecoli:lcl|NC_000913.3_prot_NP_415707.1_1164	ecoli:lcl|NC_000913.3_prot_NP_415707.1_1164
ecoli:lcl|NC_000913.3_prot_NP_415708.1_1165	ecoli:lcl|NC_000913.3_prot_NP_415708.1_1165
ecoli:lcl|NC_000913.3_prot_YP_009518768.1_1166	ecoli:lcl|NC_000913.3_prot_YP_009518768.1_1166
ecoli:lcl|NC_000913.3_prot_NP_415709.2_1167	ecoli:lcl|NC_000913.3_prot_NP_415709.2_1167
ecoli:lcl|NC_000913.3_prot_NP_415710.1_1168	ecoli:lcl|NC_000913.3_prot_NP_415710.1_1168
ecoli:lcl|NC_000913.3_prot_NP_415711.2_1169	ecoli:lcl|NC_000913.3_prot_NP_415711.2_1169
ecoli:lcl|NC_000913.3_prot_NP_415712.1_1170	ecoli:lcl|NC_000913.3_prot_NP_415712.1_1170
ecoli:lcl|NC_000913.3_prot_NP_415714.1_1172	ecoli:lcl|NC_000913.3_prot_NP_415714.1_1172
ecoli:lcl|NC_000913.3_prot_NP_415715.1_1173	ecoli:lcl|NC_000913.3_prot_NP_415715.1_1173
ecoli:lcl|NC_000913.3_prot_NP_415716.4_1174	ecoli:lcl|NC_000913.3_prot_NP_415716.4_1174
ecoli:lcl|NC_000913.3_prot_NP_415717.1_1175	ecoli:lcl|NC_000913.3_prot_NP_415717.1_1175
ecoli:lcl|NC_000913.3_prot_NP_415718.6_1176	ecoli:lcl|NC_000913.3_prot_NP_415718.6_1176
ecoli:lcl|NC_000913.3_prot_NP_415719.2_1177	ecoli:lcl|NC_000913.3_prot_NP_415719.2_1177
ecoli:lcl|NC_000913.3_prot_NP_415720.1_1178	ecoli:lcl|NC_000913.3_prot_NP_415720.1_1178
ecoli:lcl|NC_000913.3_prot_NP_415721.1_1179	ecoli:lcl|NC_000913.3_prot_NP_415721.1_1179
ecoli:lcl|NC_000913.3_prot_NP_415722.1_1180	ecoli:lcl|NC_000913.3_prot_NP_415722.1_1180
ecoli:lcl|NC_000913.3_prot_NP_415723.1_1181	ecoli:lcl|NC_000913.3_prot_NP_415723.1_1181
ecoli:lcl|NC_000913.3_prot_NP_415724.2_1182	ecoli:lcl|NC_000913.3_prot_NP_415724.2_1182
ecoli:lcl|NC_000913.3_prot_NP_415725.1_1183	ecoli:lcl|NC_000913.3_prot_NP_415725.1_1183
ecoli:lcl|NC_000913.3_prot_NP_415726.1_1184	ecoli:lcl|NC_000913.3_prot_NP_415726.1_1184
ecoli:lcl|NC_000913.3_prot_NP_415727.1_1185	ecoli:lcl|NC_000913.3_prot_NP_415727.1_1185
ecoli:lcl|NC_000913.3_prot_NP_415728.1_1186	ecoli:lcl|NC_000913.3_prot_NP_415728.1_1186
ecoli:lcl|NC_000913.3_prot_NP_415729.1_1187	ecoli:lcl|NC_000913.3_prot_NP_415729.1_1187
ecoli:lcl|NC_000913.3_prot_NP_415730.1_1188	ecoli:lcl|NC_000913.3_prot_NP_415730.1_1188
ecoli:lcl|NC_000913.3_prot_NP_415731.1_1189	ecoli:lcl|NC_000913.3_prot_NP_415731.1_1189
ecoli:lcl|NC_000913.3_prot_NP_415732.1_1190	ecoli:lcl|NC_000913.3_prot_NP_415732.1_1190
ecoli:lcl|NC_000913.3_prot_NP_415733.1_1191	ecoli:lcl|NC_000913.3_prot_NP_415733.1_1191
ecoli:lcl|NC_000913.3_prot_NP_415734.1_1195	ecoli:lcl|NC_000913.3_prot_NP_415734.1_1195
ecoli:lcl|NC_000913.3_prot_NP_415735.1_1196	ecoli:lcl|NC_000913.3_prot_NP_415735.1_1196
ecoli:lcl|NC_000913.3_prot_NP_415736.2_1197	ecoli:lcl|NC_000913.3_prot_NP_415736.2_1197
ecoli:lcl|NC_000913.3_prot_NP_415737.1_1198	ecoli:lcl|NC_000913.3_prot_NP_415737.1_1198
ecoli:lcl|NC_000913.3_prot_NP_415738.2_1199	ecoli:lcl|NC_000913.3_prot_NP_415738.2_1199
ecoli:lcl|NC_000913.3_prot_NP_415739.1_1200	ecoli:lcl|NC_000913.3_prot_NP_415739.1_1200
ecoli:lcl|NC_000913.3_prot_NP_415740.1_1201	ecoli:lcl|NC_000913.3_prot_NP_415740.1_1201
ecoli:lcl|NC_000913.3_prot_YP_009518769.1_1207	ecoli:lcl|NC_000913.3_prot_YP_009518769.1_1207
ecoli:lcl|NC_000913.3_prot_NP_415747.2_1208	ecoli:lcl|NC_000913.3_prot_NP_415747.2_1208
ecoli:lcl|NC_000913.3_prot_NP_415748.1_1209	ecoli:lcl|NC_000913.3_prot_NP_415748.1_1209
ecoli:lcl|NC_000913.3_prot_NP_415749.1_1210	ecoli:lcl|NC_000913.3_prot_NP_415749.1_1210
ecoli:lcl|NC_000913.3_prot_NP_415750.2_1211	ecoli:lcl|NC_000913.3_prot_NP_415750.2_1211
ecoli:lcl|NC_000913.3_prot_NP_415751.1_1212	ecoli:lcl|NC_000913.3_prot_NP_415751.1_1212
ecoli:lcl|NC_000913.3_prot_NP_415754.1_1215	ecoli:lcl|NC_000913.3_prot_NP_415754.1_1215
ecoli:lcl|NC_000913.3_prot_NP_415757.1_1216	ecoli:lcl|NC_000913.3_prot_NP_415757.1_1216
ecoli:lcl|NC_000913.3_prot_YP_010051181.1_1217	ecoli:lcl|NC_000913.3_prot_YP_010051181.1_1217
ecoli:lcl|NC_000913.3_prot_NP_415758.1_1218	ecoli:lcl|NC_000913.3_prot_NP_415758.1_1218
ecoli:lcl|NC_000913.3_prot_NP_415759.1_1220	ecoli:lcl|NC_000913.3_prot_NP_415759.1_1220
ecoli:lcl|NC_000913.3_prot_NP_415760.1_1221	ecoli:lcl|NC_000913.3_prot_NP_415760.1_1221
ecoli:lcl|NC_000913.3_prot_NP_415761.1_1222	ecoli:lcl|NC_000913.3_prot_NP_415761.1_1222
ecoli:lcl|NC_000913.3_prot_YP_025300.1_1223	ecoli:lcl|NC_000913.3_prot_YP_025300.1_1223
ecoli:lcl|NC_000913.3_prot_YP_025300.1_1223	ecoli:lcl|NC_000913.3_prot_NP_415350.2_805
ecoli:lcl|NC_000913.3_prot_NP_415763.1_1224	ecoli:lcl|NC_000913.3_prot_NP_415763.1_1224
ecoli:lcl|NC_000913.3_prot_NP_415764.4_1225	ecoli:lcl|NC_000913.3_prot_NP_415764.4_1225
ecoli:lcl|NC_000913.3_prot_NP_415765.1_1226	ecoli:lcl|NC_000913.3_prot_NP_415765.1_1226
ecoli:lcl|NC_000913.3_prot_YP_001165316.1_1227	ecoli:lcl|NC_000913.3_prot_YP_001165316.1_1227
ecoli:lcl|NC_000913.3_prot_NP_415766.1_1228	ecoli:lcl|NC_000913.3_prot_NP_415766.1_1228
ecoli:lcl|NC_000913.3_prot_NP_415767.2_1229	ecoli:lcl|NC_000913.3_prot_NP_415767.2_1229
ecoli:lcl|NC_000913.3_prot_NP_415768.1_1230	ecoli:lcl|NC_000913.3_prot_NP_415768.1_1230
ecoli:lcl|NC_000913.3_prot_NP_415769.1_1231	ecoli:lcl|NC_000913.3_prot_NP_415769.1_1231
ecoli:lcl|NC_000913.3_prot_NP_415770.1_1232	ecoli:lcl|NC_000913.3_prot_NP_415770.1_1232
ecoli:lcl|NC_000913.3_prot_NP_415771.1_1233	ecoli:lcl|NC_000913.3_prot_NP_415771.1_1233
ecoli:lcl|NC_000913.3_prot_NP_415772.1_1234	ecoli:lcl|NC_000913.3_prot_NP_415772.1_1234
ecoli:lcl|NC_000913.3_prot_NP_415773.1_1235	ecoli:lcl|NC_000913.3_prot_NP_415773.1_1235
ecoli:lcl|NC_000913.3_prot_NP_415774.1_1236	ecoli:lcl|NC_000913.3_prot_NP_415774.1_1236
ecoli:lcl|NC_000913.3_prot_NP_415776.1_1238	ecoli:lcl|NC_000913.3_prot_NP_415776.1_1238
ecoli:lcl|NC_000913.3_prot_NP_415777.1_1239	ecoli:lcl|NC_000913.3_prot_NP_415777.1_1239
ecoli:lcl|NC_000913.3_prot_NP_415778.3_1240	ecoli:lcl|NC_000913.3_prot_NP_415778.3_1240
ecoli:lcl|NC_000913.3_prot_NP_415779.1_1241	ecoli:lcl|NC_000913.3_prot_NP_415779.1_1241
ecoli:lcl|NC_000913.3_prot_NP_415780.1_1242	ecoli:lcl|NC_000913.3_prot_NP_415780.1_1242
ecoli:lcl|NC_000913.3_prot_NP_415781.1_1243	ecoli:lcl|NC_000913.3_prot_NP_415781.1_1243
ecoli:lcl|NC_000913.3_prot_NP_415782.1_1244	ecoli:lcl|NC_000913.3_prot_NP_415782.1_1244
ecoli:lcl|NC_000913.3_prot_NP_415783.6_1245	ecoli:lcl|NC_000913.3_prot_NP_415783.6_1245
ecoli:lcl|NC_000913.3_prot_NP_415784.1_1246	ecoli:lcl|NC_000913.3_prot_NP_415784.1_1246
ecoli:lcl|NC_000913.3_prot_NP_415785.1_1247	ecoli:lcl|NC_000913.3_prot_NP_415785.1_1247
ecoli:lcl|NC_000913.3_prot_NP_415786.1_1248	ecoli:lcl|NC_000913.3_prot_NP_415786.1_1248
ecoli:lcl|NC_000913.3_prot_NP_415787.1_1249	ecoli:lcl|NC_000913.3_prot_NP_415787.1_1249
ecoli:lcl|NC_000913.3_prot_NP_415788.1_1250	ecoli:lcl|NC_000913.3_prot_NP_415788.1_1250
ecoli:lcl|NC_000913.3_prot_NP_415789.1_1251	ecoli:lcl|NC_000913.3_prot_NP_415789.1_1251
ecoli:lcl|NC_000913.3_prot_NP_415790.1_1252	ecoli:lcl|NC_000913.3_prot_NP_415790.1_1252
ecoli:lcl|NC_000913.3_prot_NP_415791.1_1253	ecoli:lcl|NC_000913.3_prot_NP_415791.1_1253
ecoli:lcl|NC_000913.3_prot_YP_588449.3_1254	ecoli:lcl|NC_000913.3_prot_YP_588449.3_1254
ecoli:lcl|NC_000913.3_prot_YP_588450.2_1255	ecoli:lcl|NC_000913.3_prot_YP_588450.2_1255
ecoli:lcl|NC_000913.3_prot_YP_009518771.1_1256	ecoli:lcl|NC_000913.3_prot_YP_009518771.1_1256
ecoli:lcl|NC_000913.3_prot_NP_415792.1_1257	ecoli:lcl|NC_000913.3_prot_NP_415792.1_1257
ecoli:lcl|NC_000913.3_prot_NP_415793.1_1258	ecoli:lcl|NC_000913.3_prot_NP_415793.1_1258
ecoli:lcl|NC_000913.3_prot_NP_415794.1_1259	ecoli:lcl|NC_000913.3_prot_NP_415794.1_1259
ecoli:lcl|NC_000913.3_prot_NP_415795.1_1260	ecoli:lcl|NC_000913.3_prot_NP_415795.1_1260
ecoli:lcl|NC_000913.3_prot_NP_415796.1_1261	ecoli:lcl|NC_000913.3_prot_NP_415796.1_1261
ecoli:lcl|NC_000913.3_prot_NP_415797.1_1262	ecoli:lcl|NC_000913.3_prot_NP_415797.1_1262
ecoli:lcl|NC_000913.3_prot_NP_415798.2_1263	ecoli:lcl|NC_000913.3_prot_NP_415798.2_1263
ecoli:lcl|NC_000913.3_prot_NP_415799.1_1264	ecoli:lcl|NC_000913.3_prot_NP_415799.1_1264
ecoli:lcl|NC_000913.3_prot_NP_415800.1_1265	ecoli:lcl|NC_000913.3_prot_NP_415800.1_1265
ecoli:lcl|NC_000913.3_prot_YP_001165317.1_1266	ecoli:lcl|NC_000913.3_prot_YP_001165317.1_1266
ecoli:lcl|NC_000913.3_prot_YP_010051182.1_1267	ecoli:lcl|NC_000913.3_prot_YP_010051182.1_1267
ecoli:lcl|NC_000913.3_prot_NP_415801.1_1268	ecoli:lcl|NC_000913.3_prot_NP_415801.1_1268
ecoli:lcl|NC_000913.3_prot_YP_002791239.1_1269	ecoli:lcl|NC_000913.3_prot_YP_002791239.1_1269
ecoli:lcl|NC_000913.3_prot_NP_415802.1_1270	ecoli:lcl|NC_000913.3_prot_NP_415802.1_1270
ecoli:lcl|NC_000913.3_prot_NP_415803.2_1271	ecoli:lcl|NC_000913.3_prot_NP_415803.2_1271
ecoli:lcl|NC_000913.3_prot_NP_415804.1_1272	ecoli:lcl|NC_000913.3_prot_NP_415804.1_1272
ecoli:lcl|NC_000913.3_prot_NP_415805.1_1273	ecoli:lcl|NC_000913.3_prot_NP_415805.1_1273
ecoli:lcl|NC_000913.3_prot_NP_415806.1_1274	ecoli:lcl|NC_000913.3_prot_NP_415806.1_1274
ecoli:lcl|NC_000913.3_prot_NP_415807.1_1275	ecoli:lcl|NC_000913.3_prot_NP_415807.1_1275
ecoli:lcl|NC_000913.3_prot_NP_415808.1_1276	ecoli:lcl|NC_000913.3_prot_NP_415808.1_1276
ecoli:lcl|NC_000913.3_prot_NP_415809.1_1277	ecoli:lcl|NC_000913.3_prot_NP_415809.1_1277
ecoli:lcl|NC_000913.3_prot_NP_415810.1_1278	ecoli:lcl|NC_000913.3_prot_NP_415810.1_1278
ecoli:lcl|NC_000913.3_prot_NP_415811.1_1279	ecoli:lcl|NC_000913.3_prot_NP_415811.1_1279
ecoli:lcl|NC_000913.3_prot_YP_009518772.1_1281	ecoli:lcl|NC_000913.3_prot_YP_009518772.1_1281
ecoli:lcl|NC_000913.3_prot_NP_415813.4_1282	ecoli:lcl|NC_000913.3_prot_NP_415813.4_1282
ecoli:lcl|NC_000913.3_prot_NP_415814.4_1283	ecoli:lcl|NC_000913.3_prot_NP_415814.4_1283
ecoli:lcl|NC_000913.3_prot_NP_415815.1_1284	ecoli:lcl|NC_000913.3_prot_NP_415815.1_1284
ecoli:lcl|NC_000913.3_prot_NP_415816.1_1285	ecoli:lcl|NC_000913.3_prot_NP_415816.1_1285
ecoli:lcl|NC_000913.3_prot_NP_415817.1_1286	ecoli:lcl|NC_000913.3_prot_NP_415817.1_1286
ecoli:lcl|NC_000913.3_prot_NP_415819.4_1288	ecoli:lcl|NC_000913.3_prot_NP_415819.4_1288
ecoli:lcl|NC_000913.3_prot_NP_415820.1_1289	ecoli:lcl|NC_000913.3_prot_NP_415820.1_1289
ecoli:lcl|NC_000913.3_prot_NP_415821.1_1290	ecoli:lcl|NC_000913.3_prot_NP_415821.1_1290
ecoli:lcl|NC_000913.3_prot_NP_415822.1_1291	ecoli:lcl|NC_000913.3_prot_NP_415822.1_1291
ecoli:lcl|NC_000913.3_prot_NP_415823.1_1292	ecoli:lcl|NC_000913.3_prot_NP_415823.1_1292
ecoli:lcl|NC_000913.3_prot_NP_415824.1_1293	ecoli:lcl|NC_000913.3_prot_NP_415824.1_1293
ecoli:lcl|NC_000913.3_prot_NP_415825.4_1294	ecoli:lcl|NC_000913.3_prot_NP_415825.4_1294
ecoli:lcl|NC_000913.3_prot_NP_415826.1_1295	ecoli:lcl|NC_000913.3_prot_NP_415826.1_1295
ecoli:lcl|NC_000913.3_prot_NP_415827.1_1296	ecoli:lcl|NC_000913.3_prot_NP_415827.1_1296
ecoli:lcl|NC_000913.3_prot_NP_415828.1_1297	ecoli:lcl|NC_000913.3_prot_NP_415828.1_1297
ecoli:lcl|NC_000913.3_prot_NP_415829.1_1298	ecoli:lcl|NC_000913.3_prot_NP_415829.1_1298
ecoli:lcl|NC_000913.3_prot_NP_415830.2_1299	ecoli:lcl|NC_000913.3_prot_NP_415830.2_1299
ecoli:lcl|NC_000913.3_prot_NP_415831.1_1300	ecoli:lcl|NC_000913.3_prot_NP_415831.1_1300
ecoli:lcl|NC_000913.3_prot_NP_415832.1_1301	ecoli:lcl|NC_000913.3_prot_NP_415832.1_1301
ecoli:lcl|NC_000913.3_prot_NP_415833.1_1302	ecoli:lcl|NC_000913.3_prot_NP_415833.1_1302
ecoli:lcl|NC_000913.3_prot_NP_415835.1_1303	ecoli:lcl|NC_000913.3_prot_NP_415835.1_1303
ecoli:lcl|NC_000913.3_prot_NP_415836.1_1304	ecoli:lcl|NC_000913.3_prot_NP_415836.1_1304
ecoli:lcl|NC_000913.3_prot_NP_415837.1_1305	ecoli:lcl|NC_000913.3_prot_NP_415837.1_1305
ecoli:lcl|NC_000913.3_prot_NP_415838.1_1306	ecoli:lcl|NC_000913.3_prot_NP_415838.1_1306
ecoli:lcl|NC_000913.3_prot_NP_415839.1_1307	ecoli:lcl|NC_000913.3_prot_NP_415839.1_1307
ecoli:lcl|NC_000913.3_prot_NP_415840.1_1308	ecoli:lcl|NC_000913.3_prot_NP_415840.1_1308
ecoli:lcl|NC_000913.3_prot_NP_415841.4_1309	ecoli:lcl|NC_000913.3_prot_NP_415841.4_1309
ecoli:lcl|NC_000913.3_prot_NP_415842.2_1310	ecoli:lcl|NC_000913.3_prot_NP_415842.2_1310
ecoli:lcl|NC_000913.3_prot_YP_009518773.1_1311	ecoli:lcl|NC_000913.3_prot_YP_009518773.1_1311
ecoli:lcl|NC_000913.3_prot_YP_009518774.1_1312	ecoli:lcl|NC_000913.3_prot_YP_009518774.1_1312
ecoli:lcl|NC_000913.3_prot_NP_415843.2_1313	ecoli:lcl|NC_000913.3_prot_NP_415843.2_1313
ecoli:lcl|NC_000913.3_prot_NP_415844.1_1314	ecoli:lcl|NC_000913.3_prot_NP_415844.1_1314
ecoli:lcl|NC_000913.3_prot_NP_415845.2_1315	ecoli:lcl|NC_000913.3_prot_NP_415845.2_1315
ecoli:lcl|NC_000913.3_prot_NP_415846.1_1316	ecoli:lcl|NC_000913.3_prot_NP_415846.1_1316
ecoli:lcl|NC_000913.3_prot_NP_415848.1_1318	ecoli:lcl|NC_000913.3_prot_NP_415848.1_1318
ecoli:lcl|NC_000913.3_prot_NP_415849.1_1319	ecoli:lcl|NC_000913.3_prot_NP_415849.1_1319
ecoli:lcl|NC_000913.3_prot_NP_415850.1_1320	ecoli:lcl|NC_000913.3_prot_NP_415850.1_1320
ecoli:lcl|NC_000913.3_prot_NP_415851.1_1321	ecoli:lcl|NC_000913.3_prot_NP_415851.1_1321
ecoli:lcl|NC_000913.3_prot_NP_415852.2_1322	ecoli:lcl|NC_000913.3_prot_NP_415852.2_1322
ecoli:lcl|NC_000913.3_prot_NP_415853.1_1323	ecoli:lcl|NC_000913.3_prot_NP_415853.1_1323
ecoli:lcl|NC_000913.3_prot_NP_415854.4_1324	ecoli:lcl|NC_000913.3_prot_NP_415854.4_1324
ecoli:lcl|NC_000913.3_prot_NP_415855.1_1325	ecoli:lcl|NC_000913.3_prot_NP_415855.1_1325
ecoli:lcl|NC_000913.3_prot_NP_415856.1_1326	ecoli:lcl|NC_000913.3_prot_NP_415856.1_1326
ecoli:lcl|NC_000913.3_prot_NP_415857.2_1327	ecoli:lcl|NC_000913.3_prot_NP_415857.2_1327
ecoli:lcl|NC_000913.3_prot_YP_010051183.1_1328	ecoli:lcl|NC_000913.3_prot_YP_010051183.1_1328
ecoli:lcl|NC_000913.3_prot_NP_415858.1_1329	ecoli:lcl|NC_000913.3_prot_NP_415858.1_1329
ecoli:lcl|NC_000913.3_prot_YP_009518775.1_1330	ecoli:lcl|NC_000913.3_prot_YP_009518775.1_1330
ecoli:lcl|NC_000913.3_prot_NP_415860.1_1332	ecoli:lcl|NC_000913.3_prot_NP_415860.1_1332
ecoli:lcl|NC_000913.3_prot_NP_415861.1_1333	ecoli:lcl|NC_000913.3_prot_NP_415861.1_1333
ecoli:lcl|NC_000913.3_prot_NP_415862.4_1334	ecoli:lcl|NC_000913.3_prot_NP_415862.4_1334
ecoli:lcl|NC_000913.3_prot_NP_415863.1_1335	ecoli:lcl|NC_000913.3_prot_NP_415863.1_1335
ecoli:lcl|NC_000913.3_prot_NP_415864.1_1336	ecoli:lcl|NC_000913.3_prot_NP_415864.1_1336
ecoli:lcl|NC_000913.3_prot_NP_415865.1_1337	ecoli:lcl|NC_000913.3_prot_NP_415865.1_1337
ecoli:lcl|NC_000913.3_prot_NP_415866.1_1338	ecoli:lcl|NC_000913.3_prot_NP_415866.1_1338
ecoli:lcl|NC_000913.3_prot_NP_415867.1_1339	ecoli:lcl|NC_000913.3_prot_NP_415867.1_1339
ecoli:lcl|NC_000913.3_prot_YP_588451.1_1340	ecoli:lcl|NC_000913.3_prot_YP_588451.1_1340
ecoli:lcl|NC_000913.3_prot_NP_415869.2_1341	ecoli:lcl|NC_000913.3_prot_NP_415869.2_1341
ecoli:lcl|NC_000913.3_prot_NP_415870.4_1342	ecoli:lcl|NC_000913.3_prot_NP_415870.4_1342
ecoli:lcl|NC_000913.3_prot_NP_415873.2_1344	ecoli:lcl|NC_000913.3_prot_NP_415873.2_1344
ecoli:lcl|NC_000913.3_prot_NP_415874.1_1345	ecoli:lcl|NC_000913.3_prot_NP_415874.1_1345
ecoli:lcl|NC_000913.3_prot_NP_415875.1_1346	ecoli:lcl|NC_000913.3_prot_NP_415875.1_1346
ecoli:lcl|NC_000913.3_prot_NP_415876.1_1347	ecoli:lcl|NC_000913.3_prot_NP_415876.1_1347
ecoli:lcl|NC_000913.3_prot_NP_415877.1_1348	ecoli:lcl|NC_000913.3_prot_NP_415877.1_1348
ecoli:lcl|NC_000913.3_prot_NP_415878.1_1349	ecoli:lcl|NC_000913.3_prot_NP_415878.1_1349
ecoli:lcl|NC_000913.3_prot_YP_009518776.1_1350	ecoli:lcl|NC_000913.3_prot_YP_009518776.1_1350
ecoli:lcl|NC_000913.3_prot_NP_415881.1_1352	ecoli:lcl|NC_000913.3_prot_NP_415881.1_1352
ecoli:lcl|NC_000913.3_prot_NP_415883.1_1353	ecoli:lcl|NC_000913.3_prot_NP_415883.1_1353
ecoli:lcl|NC_000913.3_prot_YP_009518777.1_1354	ecoli:lcl|NC_000913.3_prot_YP_009518777.1_1354
ecoli:lcl|NC_000913.3_prot_YP_009518778.1_1355	ecoli:lcl|NC_000913.3_prot_YP_009518778.1_1355
ecoli:lcl|NC_000913.3_prot_b4570_1356	ecoli:lcl|NC_000913.3_prot_b4570_1356
ecoli:lcl|NC_000913.3_prot_NP_415890.2_1358	ecoli:lcl|NC_000913.3_prot_NP_415890.2_1358
ecoli:lcl|NC_000913.3_prot_NP_415894.4_1363	ecoli:lcl|NC_000913.3_prot_NP_415894.4_1363
ecoli:lcl|NC_000913.3_prot_NP_415895.1_1364	ecoli:lcl|NC_000913.3_prot_NP_415895.1_1364
ecoli:lcl|NC_000913.3_prot_NP_415895.1_1364	ecoli:lcl|NC_000913.3_prot_NP_414776.1_236
ecoli:lcl|NC_000913.3_prot_NP_415895.1_1364	ecoli:lcl|NC_000913.3_prot_b0553_541
ecoli:lcl|NC_000913.3_prot_NP_415895.1_1364	ecoli:lcl|NC_000913.3_prot_YP_009518782.1_1457
ecoli:lcl|NC_000913.3_prot_NP_415895.1_1364	ecoli:lcl|NC_000913.3_prot_NP_416719.1_2196
ecoli:lcl|NC_000913.3_prot_NP_415895.1_1364	ecoli:lcl|NC_000913.3_prot_NP_415449.1_905
ecoli:lcl|NC_000913.3_prot_NP_415896.1_1365	ecoli:lcl|NC_000913.3_prot_NP_415896.1_1365
ecoli:lcl|NC_000913.3_prot_YP_588453.1_1366	ecoli:lcl|NC_000913.3_prot_YP_588453.1_1366
ecoli:lcl|NC_000913.3_prot_NP_415897.1_1367	ecoli:lcl|NC_000913.3_prot_NP_415897.1_1367
ecoli:lcl|NC_000913.3_prot_NP_415898.1_1368	ecoli:lcl|NC_000913.3_prot_NP_415898.1_1368
ecoli:lcl|NC_000913.3_prot_NP_415899.1_1369	ecoli:lcl|NC_000913.3_prot_NP_415899.1_1369
ecoli:lcl|NC_000913.3_prot_NP_415900.1_1370	ecoli:lcl|NC_000913.3_prot_NP_415900.1_1370
ecoli:lcl|NC_000913.3_prot_NP_415901.2_1371	ecoli:lcl|NC_000913.3_prot_NP_415901.2_1371
ecoli:lcl|NC_000913.3_prot_NP_415902.1_1372	ecoli:lcl|NC_000913.3_prot_NP_415902.1_1372
ecoli:lcl|NC_000913.3_prot_NP_415903.4_1373	ecoli:lcl|NC_000913.3_prot_NP_415903.4_1373
ecoli:lcl|NC_000913.3_prot_NP_415904.3_1374	ecoli:lcl|NC_000913.3_prot_NP_415904.3_1374
ecoli:lcl|NC_000913.3_prot_NP_415905.1_1375	ecoli:lcl|NC_000913.3_prot_NP_415905.1_1375
ecoli:lcl|NC_000913.3_prot_NP_415906.1_1376	ecoli:lcl|NC_000913.3_prot_NP_415906.1_1376
ecoli:lcl|NC_000913.3_prot_NP_415907.1_1377	ecoli:lcl|NC_000913.3_prot_NP_415907.1_1377
ecoli:lcl|NC_000913.3_prot_NP_415908.1_1378	ecoli:lcl|NC_000913.3_prot_NP_415908.1_1378
ecoli:lcl|NC_000913.3_prot_NP_415909.4_1379	ecoli:lcl|NC_000913.3_prot_NP_415909.4_1379
ecoli:lcl|NC_000913.3_prot_NP_415910.1_1380	ecoli:lcl|NC_000913.3_prot_NP_415910.1_1380
ecoli:lcl|NC_000913.3_prot_NP_415911.1_1381	ecoli:lcl|NC_000913.3_prot_NP_415911.1_1381
ecoli:lcl|NC_000913.3_prot_NP_415912.1_1382	ecoli:lcl|NC_000913.3_prot_NP_415912.1_1382
ecoli:lcl|NC_000913.3_prot_NP_415913.1_1383	ecoli:lcl|NC_000913.3_prot_NP_415913.1_1383
ecoli:lcl|NC_000913.3_prot_NP_415914.1_1384	ecoli:lcl|NC_000913.3_prot_NP_415914.1_1384
ecoli:lcl|NC_000913.3_prot_NP_415915.1_1385	ecoli:lcl|NC_000913.3_prot_NP_415915.1_1385
ecoli:lcl|NC_000913.3_prot_NP_415916.1_1386	ecoli:lcl|NC_000913.3_prot_NP_415916.1_1386
ecoli:lcl|NC_000913.3_prot_NP_415917.1_1387	ecoli:lcl|NC_000913.3_prot_NP_415917.1_1387
ecoli:lcl|NC_000913.3_prot_NP_415918.1_1388	ecoli:lcl|NC_000913.3_prot_NP_415918.1_1388
ecoli:lcl|NC_000913.3_prot_NP_415918.1_1388	ecoli:lcl|NC_000913.3_prot_NP_414577.2_35
ecoli:lcl|NC_000913.3_prot_YP_002791240.1_1389	ecoli:lcl|NC_000913.3_prot_YP_002791240.1_1389
ecoli:lcl|NC_000913.3_prot_b4492_1390	ecoli:lcl|NC_000913.3_prot_b4492_1390
ecoli:lcl|NC_000913.3_prot_NP_415924.1_1394	ecoli:lcl|NC_000913.3_prot_NP_415924.1_1394
ecoli:lcl|NC_000913.3_prot_NP_415925.2_1395	ecoli:lcl|NC_000913.3_prot_NP_415925.2_1395
ecoli:lcl|NC_000913.3_prot_NP_415926.4_1396	ecoli:lcl|NC_000913.3_prot_NP_415926.4_1396
ecoli:lcl|NC_000913.3_prot_NP_415927.1_1397	ecoli:lcl|NC_000913.3_prot_NP_415927.1_1397
ecoli:lcl|NC_000913.3_prot_NP_415928.1_1398	ecoli:lcl|NC_000913.3_prot_NP_415928.1_1398
ecoli:lcl|NC_000913.3_prot_NP_415929.1_1399	ecoli:lcl|NC_000913.3_prot_NP_415929.1_1399
ecoli:lcl|NC_000913.3_prot_NP_415930.1_1400	ecoli:lcl|NC_000913.3_prot_NP_415930.1_1400
ecoli:lcl|NC_000913.3_prot_NP_415931.4_1401	ecoli:lcl|NC_000913.3_prot_NP_415931.4_1401
ecoli:lcl|NC_000913.3_prot_NP_415932.1_1402	ecoli:lcl|NC_000913.3_prot_NP_415932.1_1402
ecoli:lcl|NC_000913.3_prot_NP_415933.1_1403	ecoli:lcl|NC_000913.3_prot_NP_415933.1_1403
ecoli:lcl|NC_000913.3_prot_NP_415935.2_1404	ecoli:lcl|NC_000913.3_prot_NP_415935.2_1404
ecoli:lcl|NC_000913.3_prot_NP_415936.1_1405	ecoli:lcl|NC_000913.3_prot_NP_415936.1_1405
ecoli:lcl|NC_000913.3_prot_YP_010051184.1_1406	ecoli:lcl|NC_000913.3_prot_YP_010051184.1_1406
ecoli:lcl|NC_000913.3_prot_YP_025301.1_1407	ecoli:lcl|NC_000913.3_prot_YP_025301.1_1407
ecoli:lcl|NC_000913.3_prot_NP_415937.1_1408	ecoli:lcl|NC_000913.3_prot_NP_415937.1_1408
ecoli:lcl|NC_000913.3_prot_NP_415938.1_1409	ecoli:lcl|NC_000913.3_prot_NP_415938.1_1409
ecoli:lcl|NC_000913.3_prot_NP_415939.2_1410	ecoli:lcl|NC_000913.3_prot_NP_415939.2_1410
ecoli:lcl|NC_000913.3_prot_NP_415940.1_1411	ecoli:lcl|NC_000913.3_prot_NP_415940.1_1411
ecoli:lcl|NC_000913.3_prot_NP_415941.5_1412	ecoli:lcl|NC_000913.3_prot_NP_415941.5_1412
ecoli:lcl|NC_000913.3_prot_NP_415943.4_1413	ecoli:lcl|NC_000913.3_prot_NP_415943.4_1413
ecoli:lcl|NC_000913.3_prot_NP_415944.1_1414	ecoli:lcl|NC_000913.3_prot_NP_415944.1_1414
ecoli:lcl|NC_000913.3_prot_NP_415945.1_1415	ecoli:lcl|NC_000913.3_prot_NP_415945.1_1415
ecoli:lcl|NC_000913.3_prot_NP_415946.1_1416	ecoli:lcl|NC_000913.3_prot_NP_415946.1_1416
ecoli:lcl|NC_000913.3_prot_NP_415947.1_1417	ecoli:lcl|NC_000913.3_prot_NP_415947.1_1417
ecoli:lcl|NC_000913.3_prot_NP_415948.1_1418	ecoli:lcl|NC_000913.3_prot_NP_415948.1_1418
ecoli:lcl|NC_000913.3_prot_NP_415949.3_1419	ecoli:lcl|NC_000913.3_prot_NP_415949.3_1419
ecoli:lcl|NC_000913.3_prot_NP_415950.4_1420	ecoli:lcl|NC_000913.3_prot_NP_415950.4_1420
ecoli:lcl|NC_000913.3_prot_NP_415951.1_1421	ecoli:lcl|NC_000913.3_prot_NP_415951.1_1421
ecoli:lcl|NC_000913.3_prot_NP_415952.2_1422	ecoli:lcl|NC_000913.3_prot_NP_415952.2_1422
ecoli:lcl|NC_000913.3_prot_NP_415953.1_1423	ecoli:lcl|NC_000913.3_prot_NP_415953.1_1423
ecoli:lcl|NC_000913.3_prot_NP_415954.2_1424	ecoli:lcl|NC_000913.3_prot_NP_415954.2_1424
ecoli:lcl|NC_000913.3_prot_NP_415955.2_1425	ecoli:lcl|NC_000913.3_prot_NP_415955.2_1425
ecoli:lcl|NC_000913.3_prot_NP_415956.1_1426	ecoli:lcl|NC_000913.3_prot_NP_415956.1_1426
ecoli:lcl|NC_000913.3_prot_NP_415957.1_1427	ecoli:lcl|NC_000913.3_prot_NP_415957.1_1427
ecoli:lcl|NC_000913.3_prot_NP_415958.1_1428	ecoli:lcl|NC_000913.3_prot_NP_415958.1_1428
ecoli:lcl|NC_000913.3_prot_NP_415959.1_1429	ecoli:lcl|NC_000913.3_prot_NP_415959.1_1429
ecoli:lcl|NC_000913.3_prot_NP_415960.1_1430	ecoli:lcl|NC_000913.3_prot_NP_415960.1_1430
ecoli:lcl|NC_000913.3_prot_NP_415961.1_1431	ecoli:lcl|NC_000913.3_prot_NP_415961.1_1431
ecoli:lcl|NC_000913.3_prot_YP_001165318.1_1432	ecoli:lcl|NC_000913.3_prot_YP_001165318.1_1432
ecoli:lcl|NC_000913.3_prot_NP_415963.1_1434	ecoli:lcl|NC_000913.3_prot_NP_415963.1_1434
ecoli:lcl|NC_000913.3_prot_NP_415964.1_1435	ecoli:lcl|NC_000913.3_prot_NP_415964.1_1435
ecoli:lcl|NC_000913.3_prot_NP_415965.1_1436	ecoli:lcl|NC_000913.3_prot_NP_415965.1_1436
ecoli:lcl|NC_000913.3_prot_NP_415966.6_1437	ecoli:lcl|NC_000913.3_prot_NP_415966.6_1437
ecoli:lcl|NC_000913.3_prot_NP_415967.2_1438	ecoli:lcl|NC_000913.3_prot_NP_415967.2_1438
ecoli:lcl|NC_000913.3_prot_NP_415968.1_1439	ecoli:lcl|NC_000913.3_prot_NP_415968.1_1439
ecoli:lcl|NC_000913.3_prot_NP_415969.1_1440	ecoli:lcl|NC_000913.3_prot_NP_415969.1_1440
ecoli:lcl|NC_000913.3_prot_NP_415970.4_1441	ecoli:lcl|NC_000913.3_prot_NP_415970.4_1441
ecoli:lcl|NC_000913.3_prot_NP_415971.1_1442	ecoli:lcl|NC_000913.3_prot_NP_415971.1_1442
ecoli:lcl|NC_000913.3_prot_NP_415972.1_1443	ecoli:lcl|NC_000913.3_prot_NP_415972.1_1443
ecoli:lcl|NC_000913.3_prot_NP_415974.1_1444	ecoli:lcl|NC_000913.3_prot_NP_415974.1_1444
ecoli:lcl|NC_000913.3_prot_YP_009518780.1_1445	ecoli:lcl|NC_000913.3_prot_YP_009518780.1_1445
ecoli:lcl|NC_000913.3_prot_NP_415978.1_1447	ecoli:lcl|NC_000913.3_prot_NP_415978.1_1447
ecoli:lcl|NC_000913.3_prot_NP_415979.2_1448	ecoli:lcl|NC_000913.3_prot_NP_415979.2_1448
ecoli:lcl|NC_000913.3_prot_NP_415980.1_1449	ecoli:lcl|NC_000913.3_prot_NP_415980.1_1449
ecoli:lcl|NC_000913.3_prot_NP_415981.1_1450	ecoli:lcl|NC_000913.3_prot_NP_415981.1_1450
ecoli:lcl|NC_000913.3_prot_NP_415982.1_1451	ecoli:lcl|NC_000913.3_prot_NP_415982.1_1451
ecoli:lcl|NC_000913.3_prot_NP_415982.1_1451	ecoli:lcl|NC_000913.3_prot_NP_415745.1_1206
ecoli:lcl|NC_000913.3_prot_NP_415983.1_1452	ecoli:lcl|NC_000913.3_prot_NP_415983.1_1452
ecoli:lcl|NC_000913.3_prot_NP_415983.1_1452	ecoli:lcl|NC_000913.3_prot_NP_415744.1_1205
ecoli:lcl|NC_000913.3_prot_NP_415984.1_1453	ecoli:lcl|NC_000913.3_prot_NP_415984.1_1453
ecoli:lcl|NC_000913.3_prot_NP_415984.1_1453	ecoli:lcl|NC_000913.3_prot_NP_415743.1_1204
ecoli:lcl|NC_000913.3_prot_NP_415985.1_1454	ecoli:lcl|NC_000913.3_prot_NP_415985.1_1454
ecoli:lcl|NC_000913.3_prot_NP_415985.1_1454	ecoli:lcl|NC_000913.3_prot_NP_415742.1_1203
ecoli:lcl|NC_000913.3_prot_NP_415986.1_1455	ecoli:lcl|NC_000913.3_prot_NP_415986.1_1455
ecoli:lcl|NC_000913.3_prot_NP_415986.1_1455	ecoli:lcl|NC_000913.3_prot_NP_415741.1_1202
ecoli:lcl|NC_000913.3_prot_YP_009518781.1_1456	ecoli:lcl|NC_000913.3_prot_YP_009518781.1_1456
ecoli:lcl|NC_000913.3_prot_NP_415990.5_1458	ecoli:lcl|NC_000913.3_prot_NP_415990.5_1458
ecoli:lcl|NC_000913.3_prot_NP_415993.1_1461	ecoli:lcl|NC_000913.3_prot_NP_415993.1_1461
ecoli:lcl|NC_000913.3_prot_NP_415994.4_1462	ecoli:lcl|NC_000913.3_prot_NP_415994.4_1462
ecoli:lcl|NC_000913.3_prot_NP_415995.4_1463	ecoli:lcl|NC_000913.3_prot_NP_415995.4_1463
ecoli:lcl|NC_000913.3_prot_NP_415995.4_1463	ecoli:lcl|NC_000913.3_prot_NP_414890.1_350
ecoli:lcl|NC_000913.3_prot_NP_415996.2_1464	ecoli:lcl|NC_000913.3_prot_NP_415996.2_1464
ecoli:lcl|NC_000913.3_prot_NP_415997.1_1465	ecoli:lcl|NC_000913.3_prot_NP_415997.1_1465
ecoli:lcl|NC_000913.3_prot_NP_415998.4_1466	ecoli:lcl|NC_000913.3_prot_NP_415998.4_1466
ecoli:lcl|NC_000913.3_prot_NP_415999.1_1467	ecoli:lcl|NC_000913.3_prot_NP_415999.1_1467
ecoli:lcl|NC_000913.3_prot_NP_416000.1_1468	ecoli:lcl|NC_000913.3_prot_NP_416000.1_1468
ecoli:lcl|NC_000913.3_prot_NP_416001.1_1469	ecoli:lcl|NC_000913.3_prot_NP_416001.1_1469
ecoli:lcl|NC_000913.3_prot_NP_416002.1_1470	ecoli:lcl|NC_000913.3_prot_NP_416002.1_1470
ecoli:lcl|NC_000913.3_prot_NP_416003.1_1471	ecoli:lcl|NC_000913.3_prot_NP_416003.1_1471
ecoli:lcl|NC_000913.3_prot_NP_416004.1_1472	ecoli:lcl|NC_000913.3_prot_NP_416004.1_1472
ecoli:lcl|NC_000913.3_prot_NP_416005.1_1473	ecoli:lcl|NC_000913.3_prot_NP_416005.1_1473
ecoli:lcl|NC_000913.3_prot_NP_416006.4_1474	ecoli:lcl|NC_000913.3_prot_NP_416006.4_1474
ecoli:lcl|NC_000913.3_prot_NP_416007.3_1475	ecoli:lcl|NC_000913.3_prot_NP_416007.3_1475
ecoli:lcl|NC_000913.3_prot_YP_009518783.1_1476	ecoli:lcl|NC_000913.3_prot_YP_009518783.1_1476
ecoli:lcl|NC_000913.3_prot_NP_416008.1_1477	ecoli:lcl|NC_000913.3_prot_NP_416008.1_1477
ecoli:lcl|NC_000913.3_prot_NP_416009.1_1478	ecoli:lcl|NC_000913.3_prot_NP_416009.1_1478
ecoli:lcl|NC_000913.3_prot_NP_416011.1_1480	ecoli:lcl|NC_000913.3_prot_NP_416011.1_1480
ecoli:lcl|NC_000913.3_prot_NP_416012.1_1481	ecoli:lcl|NC_000913.3_prot_NP_416012.1_1481
ecoli:lcl|NC_000913.3_prot_NP_416013.1_1482	ecoli:lcl|NC_000913.3_prot_NP_416013.1_1482
ecoli:lcl|NC_000913.3_prot_YP_009518784.1_1483	ecoli:lcl|NC_000913.3_prot_YP_009518784.1_1483
ecoli:lcl|NC_000913.3_prot_NP_416015.2_1485	ecoli:lcl|NC_000913.3_prot_NP_416015.2_1485
ecoli:lcl|NC_000913.3_prot_NP_416016.1_1486	ecoli:lcl|NC_000913.3_prot_NP_416016.1_1486
ecoli:lcl|NC_000913.3_prot_NP_416017.1_1487	ecoli:lcl|NC_000913.3_prot_NP_416017.1_1487
ecoli:lcl|NC_000913.3_prot_NP_416018.1_1488	ecoli:lcl|NC_000913.3_prot_NP_416018.1_1488
ecoli:lcl|NC_000913.3_prot_NP_416019.1_1489	ecoli:lcl|NC_000913.3_prot_NP_416019.1_1489
ecoli:lcl|NC_000913.3_prot_NP_416021.1_1491	ecoli:lcl|NC_000913.3_prot_NP_416021.1_1491
ecoli:lcl|NC_000913.3_prot_YP_009518785.1_1492	ecoli:lcl|NC_000913.3_prot_YP_009518785.1_1492
ecoli:lcl|NC_000913.3_prot_NP_416024.1_1493	ecoli:lcl|NC_000913.3_prot_NP_416024.1_1493
ecoli:lcl|NC_000913.3_prot_NP_416025.1_1494	ecoli:lcl|NC_000913.3_prot_NP_416025.1_1494
ecoli:lcl|NC_000913.3_prot_NP_416028.3_1495	ecoli:lcl|NC_000913.3_prot_NP_416028.3_1495
ecoli:lcl|NC_000913.3_prot_NP_416029.1_1496	ecoli:lcl|NC_000913.3_prot_NP_416029.1_1496
ecoli:lcl|NC_000913.3_prot_NP_416030.1_1497	ecoli:lcl|NC_000913.3_prot_NP_416030.1_1497
ecoli:lcl|NC_000913.3_prot_NP_416031.1_1498	ecoli:lcl|NC_000913.3_prot_NP_416031.1_1498
ecoli:lcl|NC_000913.3_prot_NP_416032.1_1499	ecoli:lcl|NC_000913.3_prot_NP_416032.1_1499
ecoli:lcl|NC_000913.3_prot_NP_416033.1_1500	ecoli:lcl|NC_000913.3_prot_NP_416033.1_1500
ecoli:lcl|NC_000913.3_prot_NP_416034.1_1501	ecoli:lcl|NC_000913.3_prot_NP_416034.1_1501
ecoli:lcl|NC_000913.3_prot_NP_416035.1_1502	ecoli:lcl|NC_000913.3_prot_NP_416035.1_1502
ecoli:lcl|NC_000913.3_prot_NP_416036.1_1503	ecoli:lcl|NC_000913.3_prot_NP_416036.1_1503
ecoli:lcl|NC_000913.3_prot_NP_416037.2_1504	ecoli:lcl|NC_000913.3_prot_NP_416037.2_1504
ecoli:lcl|NC_000913.3_prot_YP_025302.1_1505	ecoli:lcl|NC_000913.3_prot_YP_025302.1_1505
ecoli:lcl|NC_000913.3_prot_NP_416039.1_1506	ecoli:lcl|NC_000913.3_prot_NP_416039.1_1506
ecoli:lcl|NC_000913.3_prot_NP_416040.1_1507	ecoli:lcl|NC_000913.3_prot_NP_416040.1_1507
ecoli:lcl|NC_000913.3_prot_NP_416041.1_1508	ecoli:lcl|NC_000913.3_prot_NP_416041.1_1508
ecoli:lcl|NC_000913.3_prot_NP_416042.2_1509	ecoli:lcl|NC_000913.3_prot_NP_416042.2_1509
ecoli:lcl|NC_000913.3_prot_NP_416043.1_1510	ecoli:lcl|NC_000913.3_prot_NP_416043.1_1510
ecoli:lcl|NC_000913.3_prot_NP_416044.1_1511	ecoli:lcl|NC_000913.3_prot_NP_416044.1_1511
ecoli:lcl|NC_000913.3_prot_NP_416045.1_1512	ecoli:lcl|NC_000913.3_prot_NP_416045.1_1512
ecoli:lcl|NC_000913.3_prot_NP_416046.1_1513	ecoli:lcl|NC_000913.3_prot_NP_416046.1_1513
ecoli:lcl|NC_000913.3_prot_NP_416047.4_1514	ecoli:lcl|NC_000913.3_prot_NP_416047.4_1514
ecoli:lcl|NC_000913.3_prot_NP_416049.1_1516	ecoli:lcl|NC_000913.3_prot_NP_416049.1_1516
ecoli:lcl|NC_000913.3_prot_NP_416050.4_1517	ecoli:lcl|NC_000913.3_prot_NP_416050.4_1517
ecoli:lcl|NC_000913.3_prot_NP_416051.1_1518	ecoli:lcl|NC_000913.3_prot_NP_416051.1_1518
ecoli:lcl|NC_000913.3_prot_YP_001165319.1_1519	ecoli:lcl|NC_000913.3_prot_YP_001165319.1_1519
ecoli:lcl|NC_000913.3_prot_YP_010051185.1_1520	ecoli:lcl|NC_000913.3_prot_YP_010051185.1_1520
ecoli:lcl|NC_000913.3_prot_NP_416052.1_1521	ecoli:lcl|NC_000913.3_prot_NP_416052.1_1521
ecoli:lcl|NC_000913.3_prot_NP_416054.1_1522	ecoli:lcl|NC_000913.3_prot_NP_416054.1_1522
ecoli:lcl|NC_000913.3_prot_NP_416055.1_1523	ecoli:lcl|NC_000913.3_prot_NP_416055.1_1523
ecoli:lcl|NC_000913.3_prot_NP_416056.1_1524	ecoli:lcl|NC_000913.3_prot_NP_416056.1_1524
ecoli:lcl|NC_000913.3_prot_NP_416057.1_1525	ecoli:lcl|NC_000913.3_prot_NP_416057.1_1525
ecoli:lcl|NC_000913.3_prot_NP_416058.1_1526	ecoli:lcl|NC_000913.3_prot_NP_416058.1_1526
ecoli:lcl|NC_000913.3_prot_NP_416059.1_1527	ecoli:lcl|NC_000913.3_prot_NP_416059.1_1527
ecoli:lcl|NC_000913.3_prot_NP_416060.1_1528	ecoli:lcl|NC_000913.3_prot_NP_416060.1_1528
ecoli:lcl|NC_000913.3_prot_YP_009518787.1_1530	ecoli:lcl|NC_000913.3_prot_YP_009518787.1_1530
ecoli:lcl|NC_000913.3_prot_YP_009518787.1_1530	ecoli:lcl|NC_000913.3_prot_YP_009518779.1_1362
ecoli:lcl|NC_000913.3_prot_NP_416062.2_1531	ecoli:lcl|NC_000913.3_prot_NP_416062.2_1531
ecoli:lcl|NC_000913.3_prot_NP_416062.2_1531	ecoli:lcl|NC_000913.3_prot_NP_415893.2_1361
ecoli:lcl|NC_000913.3_prot_NP_416063.1_1532	ecoli:lcl|NC_000913.3_prot_NP_416063.1_1532
ecoli:lcl|NC_000913.3_prot_NP_416063.1_1532	ecoli:lcl|NC_000913.3_prot_NP_415892.1_1360
ecoli:lcl|NC_000913.3_prot_NP_416064.1_1533	ecoli:lcl|NC_000913.3_prot_NP_416064.1_1533
ecoli:lcl|NC_000913.3_prot_NP_416064.1_1533	ecoli:lcl|NC_000913.3_prot_YP_009518755.1_552
ecoli:lcl|NC_000913.3_prot_NP_416064.1_1533	ecoli:lcl|NC_000913.3_prot_NP_415891.1_1359
ecoli:lcl|NC_000913.3_prot_NP_416065.1_1534	ecoli:lcl|NC_000913.3_prot_NP_416065.1_1534
ecoli:lcl|NC_000913.3_prot_YP_009518788.1_1535	ecoli:lcl|NC_000913.3_prot_YP_009518788.1_1535
ecoli:lcl|NC_000913.3_prot_YP_009518788.1_1535	ecoli:lcl|NC_000913.3_prot_NP_415092.1_551
ecoli:lcl|NC_000913.3_prot_NP_416067.2_1537	ecoli:lcl|NC_000913.3_prot_NP_416067.2_1537
ecoli:lcl|NC_000913.3_prot_NP_416067.2_1537	ecoli:lcl|NC_000913.3_prot_NP_415090.2_548
ecoli:lcl|NC_000913.3_prot_NP_416068.2_1538	ecoli:lcl|NC_000913.3_prot_NP_416068.2_1538
ecoli:lcl|NC_000913.3_prot_NP_416068.2_1538	ecoli:lcl|NC_000913.3_prot_YP_588446.1_970
ecoli:lcl|NC_000913.3_prot_NP_416069.2_1539	ecoli:lcl|NC_000913.3_prot_NP_416069.2_1539
ecoli:lcl|NC_000913.3_prot_YP_009518789.1_1540	ecoli:lcl|NC_000913.3_prot_YP_009518789.1_1540
ecoli:lcl|NC_000913.3_prot_YP_009518790.1_1541	ecoli:lcl|NC_000913.3_prot_YP_009518790.1_1541
ecoli:lcl|NC_000913.3_prot_YP_009518790.1_1541	ecoli:lcl|NC_000913.3_prot_YP_009518761.1_968
ecoli:lcl|NC_000913.3_prot_NP_416071.1_1543	ecoli:lcl|NC_000913.3_prot_NP_416071.1_1543
ecoli:lcl|NC_000913.3_prot_YP_002791241.1_1544	ecoli:lcl|NC_000913.3_prot_YP_002791241.1_1544
ecoli:lcl|NC_000913.3_prot_NP_416072.1_1545	ecoli:lcl|NC_000913.3_prot_NP_416072.1_1545
ecoli:lcl|NC_000913.3_prot_NP_416073.1_1546	ecoli:lcl|NC_000913.3_prot_NP_416073.1_1546
ecoli:lcl|NC_000913.3_prot_NP_416074.4_1547	ecoli:lcl|NC_000913.3_prot_NP_416074.4_1547
ecoli:lcl|NC_000913.3_prot_NP_416074.4_1547	ecoli:lcl|NC_000913.3_prot_NP_415086.1_543
ecoli:lcl|NC_000913.3_prot_YP_010051186.1_1548	ecoli:lcl|NC_000913.3_prot_YP_010051186.1_1548
ecoli:lcl|NC_000913.3_prot_NP_416076.1_1550	ecoli:lcl|NC_000913.3_prot_NP_416076.1_1550
ecoli:lcl|NC_000913.3_prot_NP_416076.1_1550	ecoli:lcl|NC_000913.3_prot_NP_415509.1_966
ecoli:lcl|NC_000913.3_prot_YP_009518791.1_1551	ecoli:lcl|NC_000913.3_prot_YP_009518791.1_1551
ecoli:lcl|NC_000913.3_prot_NP_416077.4_1552	ecoli:lcl|NC_000913.3_prot_NP_416077.4_1552
ecoli:lcl|NC_000913.3_prot_NP_416078.4_1553	ecoli:lcl|NC_000913.3_prot_NP_416078.4_1553
ecoli:lcl|NC_000913.3_prot_NP_416079.1_1554	ecoli:lcl|NC_000913.3_prot_NP_416079.1_1554
ecoli:lcl|NC_000913.3_prot_NP_416081.1_1556	ecoli:lcl|NC_000913.3_prot_NP_416081.1_1556
ecoli:lcl|NC_000913.3_prot_NP_416082.1_1557	ecoli:lcl|NC_000913.3_prot_NP_416082.1_1557
ecoli:lcl|NC_000913.3_prot_NP_416083.1_1558	ecoli:lcl|NC_000913.3_prot_NP_416083.1_1558
ecoli:lcl|NC_000913.3_prot_NP_416084.1_1559	ecoli:lcl|NC_000913.3_prot_NP_416084.1_1559
ecoli:lcl|NC_000913.3_prot_YP_009518792.1_1560	ecoli:lcl|NC_000913.3_prot_YP_009518792.1_1560
ecoli:lcl|NC_000913.3_prot_YP_009518793.1_1561	ecoli:lcl|NC_000913.3_prot_YP_009518793.1_1561
ecoli:lcl|NC_000913.3_prot_NP_416087.1_1562	ecoli:lcl|NC_000913.3_prot_NP_416087.1_1562
ecoli:lcl|NC_000913.3_prot_NP_416088.1_1563	ecoli:lcl|NC_000913.3_prot_NP_416088.1_1563
ecoli:lcl|NC_000913.3_prot_NP_416089.1_1564	ecoli:lcl|NC_000913.3_prot_NP_416089.1_1564
ecoli:lcl|NC_000913.3_prot_NP_416089.1_1564	ecoli:lcl|NC_000913.3_prot_NP_415872.2_1343
ecoli:lcl|NC_000913.3_prot_NP_416090.2_1565	ecoli:lcl|NC_000913.3_prot_NP_416090.2_1565
ecoli:lcl|NC_000913.3_prot_NP_416091.1_1566	ecoli:lcl|NC_000913.3_prot_NP_416091.1_1566
ecoli:lcl|NC_000913.3_prot_NP_416092.1_1567	ecoli:lcl|NC_000913.3_prot_NP_416092.1_1567
ecoli:lcl|NC_000913.3_prot_NP_416093.1_1568	ecoli:lcl|NC_000913.3_prot_NP_416093.1_1568
ecoli:lcl|NC_000913.3_prot_YP_009518794.1_1569	ecoli:lcl|NC_000913.3_prot_YP_009518794.1_1569
ecoli:lcl|NC_000913.3_prot_NP_416097.1_1570	ecoli:lcl|NC_000913.3_prot_NP_416097.1_1570
ecoli:lcl|NC_000913.3_prot_NP_416098.1_1571	ecoli:lcl|NC_000913.3_prot_NP_416098.1_1571
ecoli:lcl|NC_000913.3_prot_NP_416099.1_1572	ecoli:lcl|NC_000913.3_prot_NP_416099.1_1572
ecoli:lcl|NC_000913.3_prot_NP_416100.1_1573	ecoli:lcl|NC_000913.3_prot_NP_416100.1_1573
ecoli:lcl|NC_000913.3_prot_NP_416101.1_1574	ecoli:lcl|NC_000913.3_prot_NP_416101.1_1574
ecoli:lcl|NC_000913.3_prot_NP_416102.2_1575	ecoli:lcl|NC_000913.3_prot_NP_416102.2_1575
ecoli:lcl|NC_000913.3_prot_NP_416103.2_1576	ecoli:lcl|NC_000913.3_prot_NP_416103.2_1576
ecoli:lcl|NC_000913.3_prot_NP_416105.4_1578	ecoli:lcl|NC_000913.3_prot_NP_416105.4_1578
ecoli:lcl|NC_000913.3_prot_NP_416105.4_1578	ecoli:lcl|NC_000913.3_prot_NP_416104.1_1577
ecoli:lcl|NC_000913.3_prot_NP_416105.4_1578	ecoli:lcl|NC_000913.3_prot_NP_415414.4_870
ecoli:lcl|NC_000913.3_prot_NP_416106.1_1579	ecoli:lcl|NC_000913.3_prot_NP_416106.1_1579
ecoli:lcl|NC_000913.3_prot_NP_416106.1_1579	ecoli:lcl|NC_000913.3_prot_NP_415415.1_871
ecoli:lcl|NC_000913.3_prot_NP_416107.1_1580	ecoli:lcl|NC_000913.3_prot_NP_416107.1_1580
ecoli:lcl|NC_000913.3_prot_NP_416107.1_1580	ecoli:lcl|NC_000913.3_prot_NP_415416.1_872
ecoli:lcl|NC_000913.3_prot_NP_416108.2_1581	ecoli:lcl|NC_000913.3_prot_NP_416108.2_1581
ecoli:lcl|NC_000913.3_prot_NP_416109.2_1582	ecoli:lcl|NC_000913.3_prot_NP_416109.2_1582
ecoli:lcl|NC_000913.3_prot_NP_416110.4_1583	ecoli:lcl|NC_000913.3_prot_NP_416110.4_1583
ecoli:lcl|NC_000913.3_prot_NP_416110.4_1583	ecoli:lcl|NC_000913.3_prot_NP_415299.1_752
ecoli:lcl|NC_000913.3_prot_NP_416111.1_1584	ecoli:lcl|NC_000913.3_prot_NP_416111.1_1584
ecoli:lcl|NC_000913.3_prot_NP_416113.1_1586	ecoli:lcl|NC_000913.3_prot_NP_416113.1_1586
ecoli:lcl|NC_000913.3_prot_NP_416114.2_1587	ecoli:lcl|NC_000913.3_prot_NP_416114.2_1587
ecoli:lcl|NC_000913.3_prot_YP_001165320.1_1588	ecoli:lcl|NC_000913.3_prot_YP_001165320.1_1588
ecoli:lcl|NC_000913.3_prot_NP_416115.1_1589	ecoli:lcl|NC_000913.3_prot_NP_416115.1_1589
ecoli:lcl|NC_000913.3_prot_NP_416116.1_1590	ecoli:lcl|NC_000913.3_prot_NP_416116.1_1590
ecoli:lcl|NC_000913.3_prot_NP_416117.1_1591	ecoli:lcl|NC_000913.3_prot_NP_416117.1_1591
ecoli:lcl|NC_000913.3_prot_YP_010051187.1_1592	ecoli:lcl|NC_000913.3_prot_YP_010051187.1_1592
ecoli:lcl|NC_000913.3_prot_NP_416118.1_1593	ecoli:lcl|NC_000913.3_prot_NP_416118.1_1593
ecoli:lcl|NC_000913.3_prot_NP_416119.1_1594	ecoli:lcl|NC_000913.3_prot_NP_416119.1_1594
ecoli:lcl|NC_000913.3_prot_NP_416120.1_1595	ecoli:lcl|NC_000913.3_prot_NP_416120.1_1595
ecoli:lcl|NC_000913.3_prot_NP_416121.1_1596	ecoli:lcl|NC_000913.3_prot_NP_416121.1_1596
ecoli:lcl|NC_000913.3_prot_NP_416122.1_1597	ecoli:lcl|NC_000913.3_prot_NP_416122.1_1597
ecoli:lcl|NC_000913.3_prot_NP_416123.1_1598	ecoli:lcl|NC_000913.3_prot_NP_416123.1_1598
ecoli:lcl|NC_000913.3_prot_NP_416124.1_1599	ecoli:lcl|NC_000913.3_prot_NP_416124.1_1599
ecoli:lcl|NC_000913.3_prot_NP_416125.2_1600	ecoli:lcl|NC_000913.3_prot_NP_416125.2_1600
ecoli:lcl|NC_000913.3_prot_NP_416126.1_1601	ecoli:lcl|NC_000913.3_prot_NP_416126.1_1601
ecoli:lcl|NC_000913.3_prot_NP_416127.1_1602	ecoli:lcl|NC_000913.3_prot_NP_416127.1_1602
ecoli:lcl|NC_000913.3_prot_NP_416128.1_1603	ecoli:lcl|NC_000913.3_prot_NP_416128.1_1603
ecoli:lcl|NC_000913.3_prot_NP_416130.3_1605	ecoli:lcl|NC_000913.3_prot_NP_416130.3_1605
ecoli:lcl|NC_000913.3_prot_NP_416131.1_1606	ecoli:lcl|NC_000913.3_prot_NP_416131.1_1606
ecoli:lcl|NC_000913.3_prot_NP_416132.2_1607	ecoli:lcl|NC_000913.3_prot_NP_416132.2_1607
ecoli:lcl|NC_000913.3_prot_NP_416133.1_1608	ecoli:lcl|NC_000913.3_prot_NP_416133.1_1608
ecoli:lcl|NC_000913.3_prot_NP_416134.1_1609	ecoli:lcl|NC_000913.3_prot_NP_416134.1_1609
ecoli:lcl|NC_000913.3_prot_NP_416135.1_1610	ecoli:lcl|NC_000913.3_prot_NP_416135.1_1610
ecoli:lcl|NC_000913.3_prot_NP_416136.1_1611	ecoli:lcl|NC_000913.3_prot_NP_416136.1_1611
ecoli:lcl|NC_000913.3_prot_NP_416137.1_1612	ecoli:lcl|NC_000913.3_prot_NP_416137.1_1612
ecoli:lcl|NC_000913.3_prot_NP_416138.1_1613	ecoli:lcl|NC_000913.3_prot_NP_416138.1_1613
ecoli:lcl|NC_000913.3_prot_NP_416139.1_1614	ecoli:lcl|NC_000913.3_prot_NP_416139.1_1614
ecoli:lcl|NC_000913.3_prot_NP_416140.1_1615	ecoli:lcl|NC_000913.3_prot_NP_416140.1_1615
ecoli:lcl|NC_000913.3_prot_NP_416141.4_1616	ecoli:lcl|NC_000913.3_prot_NP_416141.4_1616
ecoli:lcl|NC_000913.3_prot_YP_025303.1_1617	ecoli:lcl|NC_000913.3_prot_YP_025303.1_1617
ecoli:lcl|NC_000913.3_prot_NP_416142.1_1618	ecoli:lcl|NC_000913.3_prot_NP_416142.1_1618
ecoli:lcl|NC_000913.3_prot_NP_416143.2_1619	ecoli:lcl|NC_000913.3_prot_NP_416143.2_1619
ecoli:lcl|NC_000913.3_prot_NP_416144.1_1620	ecoli:lcl|NC_000913.3_prot_NP_416144.1_1620
ecoli:lcl|NC_000913.3_prot_NP_416145.1_1621	ecoli:lcl|NC_000913.3_prot_NP_416145.1_1621
ecoli:lcl|NC_000913.3_prot_NP_416146.1_1622	ecoli:lcl|NC_000913.3_prot_NP_416146.1_1622
ecoli:lcl|NC_000913.3_prot_NP_416147.1_1623	ecoli:lcl|NC_000913.3_prot_NP_416147.1_1623
ecoli:lcl|NC_000913.3_prot_NP_416148.1_1624	ecoli:lcl|NC_000913.3_prot_NP_416148.1_1624
ecoli:lcl|NC_000913.3_prot_NP_416149.1_1625	ecoli:lcl|NC_000913.3_prot_NP_416149.1_1625
ecoli:lcl|NC_000913.3_prot_NP_416150.1_1626	ecoli:lcl|NC_000913.3_prot_NP_416150.1_1626
ecoli:lcl|NC_000913.3_prot_NP_416152.1_1628	ecoli:lcl|NC_000913.3_prot_NP_416152.1_1628
ecoli:lcl|NC_000913.3_prot_NP_416153.1_1629	ecoli:lcl|NC_000913.3_prot_NP_416153.1_1629
ecoli:lcl|NC_000913.3_prot_NP_416154.1_1630	ecoli:lcl|NC_000913.3_prot_NP_416154.1_1630
ecoli:lcl|NC_000913.3_prot_NP_416155.1_1631	ecoli:lcl|NC_000913.3_prot_NP_416155.1_1631
ecoli:lcl|NC_000913.3_prot_NP_416156.4_1632	ecoli:lcl|NC_000913.3_prot_NP_416156.4_1632
ecoli:lcl|NC_000913.3_prot_NP_416157.1_1633	ecoli:lcl|NC_000913.3_prot_NP_416157.1_1633
ecoli:lcl|NC_000913.3_prot_YP_025304.1_1634	ecoli:lcl|NC_000913.3_prot_YP_025304.1_1634
ecoli:lcl|NC_000913.3_prot_NP_416159.2_1635	ecoli:lcl|NC_000913.3_prot_NP_416159.2_1635
ecoli:lcl|NC_000913.3_prot_NP_416160.1_1636	ecoli:lcl|NC_000913.3_prot_NP_416160.1_1636
ecoli:lcl|NC_000913.3_prot_NP_416161.4_1637	ecoli:lcl|NC_000913.3_prot_NP_416161.4_1637
ecoli:lcl|NC_000913.3_prot_NP_416162.1_1638	ecoli:lcl|NC_000913.3_prot_NP_416162.1_1638
ecoli:lcl|NC_000913.3_prot_NP_416163.1_1639	ecoli:lcl|NC_000913.3_prot_NP_416163.1_1639
ecoli:lcl|NC_000913.3_prot_YP_025305.1_1640	ecoli:lcl|NC_000913.3_prot_YP_025305.1_1640
ecoli:lcl|NC_000913.3_prot_NP_416165.2_1641	ecoli:lcl|NC_000913.3_prot_NP_416165.2_1641
ecoli:lcl|NC_000913.3_prot_NP_416166.3_1642	ecoli:lcl|NC_000913.3_prot_NP_416166.3_1642
ecoli:lcl|NC_000913.3_prot_NP_416167.1_1643	ecoli:lcl|NC_000913.3_prot_NP_416167.1_1643
ecoli:lcl|NC_000913.3_prot_NP_416168.1_1644	ecoli:lcl|NC_000913.3_prot_NP_416168.1_1644
ecoli:lcl|NC_000913.3_prot_NP_416169.1_1645	ecoli:lcl|NC_000913.3_prot_NP_416169.1_1645
ecoli:lcl|NC_000913.3_prot_NP_416170.1_1646	ecoli:lcl|NC_000913.3_prot_NP_416170.1_1646
ecoli:lcl|NC_000913.3_prot_NP_416171.1_1647	ecoli:lcl|NC_000913.3_prot_NP_416171.1_1647
ecoli:lcl|NC_000913.3_prot_NP_416172.1_1648	ecoli:lcl|NC_000913.3_prot_NP_416172.1_1648
ecoli:lcl|NC_000913.3_prot_NP_416173.1_1649	ecoli:lcl|NC_000913.3_prot_NP_416173.1_1649
ecoli:lcl|NC_000913.3_prot_NP_416174.1_1650	ecoli:lcl|NC_000913.3_prot_NP_416174.1_1650
ecoli:lcl|NC_000913.3_prot_YP_001165321.1_1651	ecoli:lcl|NC_000913.3_prot_YP_001165321.1_1651
ecoli:lcl|NC_000913.3_prot_NP_416176.1_1653	ecoli:lcl|NC_000913.3_prot_NP_416176.1_1653
ecoli:lcl|NC_000913.3_prot_YP_025306.1_1654	ecoli:lcl|NC_000913.3_prot_YP_025306.1_1654
ecoli:lcl|NC_000913.3_prot_NP_416178.1_1655	ecoli:lcl|NC_000913.3_prot_NP_416178.1_1655
ecoli:lcl|NC_000913.3_prot_NP_416179.1_1656	ecoli:lcl|NC_000913.3_prot_NP_416179.1_1656
ecoli:lcl|NC_000913.3_prot_YP_025307.1_1657	ecoli:lcl|NC_000913.3_prot_YP_025307.1_1657
ecoli:lcl|NC_000913.3_prot_NP_416181.1_1658	ecoli:lcl|NC_000913.3_prot_NP_416181.1_1658
ecoli:lcl|NC_000913.3_prot_NP_416182.1_1659	ecoli:lcl|NC_000913.3_prot_NP_416182.1_1659
ecoli:lcl|NC_000913.3_prot_NP_416183.1_1660	ecoli:lcl|NC_000913.3_prot_NP_416183.1_1660
ecoli:lcl|NC_000913.3_prot_NP_416184.1_1661	ecoli:lcl|NC_000913.3_prot_NP_416184.1_1661
ecoli:lcl|NC_000913.3_prot_NP_416185.1_1662	ecoli:lcl|NC_000913.3_prot_NP_416185.1_1662
ecoli:lcl|NC_000913.3_prot_NP_416186.4_1663	ecoli:lcl|NC_000913.3_prot_NP_416186.4_1663
ecoli:lcl|NC_000913.3_prot_NP_416187.1_1664	ecoli:lcl|NC_000913.3_prot_NP_416187.1_1664
ecoli:lcl|NC_000913.3_prot_NP_416188.1_1665	ecoli:lcl|NC_000913.3_prot_NP_416188.1_1665
ecoli:lcl|NC_000913.3_prot_NP_416189.1_1666	ecoli:lcl|NC_000913.3_prot_NP_416189.1_1666
ecoli:lcl|NC_000913.3_prot_NP_416190.1_1667	ecoli:lcl|NC_000913.3_prot_NP_416190.1_1667
ecoli:lcl|NC_000913.3_prot_YP_010283910.1_1668	ecoli:lcl|NC_000913.3_prot_YP_010283910.1_1668
ecoli:lcl|NC_000913.3_prot_NP_416191.1_1669	ecoli:lcl|NC_000913.3_prot_NP_416191.1_1669
ecoli:lcl|NC_000913.3_prot_NP_416192.1_1670	ecoli:lcl|NC_000913.3_prot_NP_416192.1_1670
ecoli:lcl|NC_000913.3_prot_NP_416193.1_1671	ecoli:lcl|NC_000913.3_prot_NP_416193.1_1671
ecoli:lcl|NC_000913.3_prot_NP_416194.1_1672	ecoli:lcl|NC_000913.3_prot_NP_416194.1_1672
ecoli:lcl|NC_000913.3_prot_NP_416195.1_1673	ecoli:lcl|NC_000913.3_prot_NP_416195.1_1673
ecoli:lcl|NC_000913.3_prot_NP_416196.1_1674	ecoli:lcl|NC_000913.3_prot_NP_416196.1_1674
ecoli:lcl|NC_000913.3_prot_NP_416197.1_1675	ecoli:lcl|NC_000913.3_prot_NP_416197.1_1675
ecoli:lcl|NC_000913.3_prot_NP_416198.2_1676	ecoli:lcl|NC_000913.3_prot_NP_416198.2_1676
ecoli:lcl|NC_000913.3_prot_NP_416199.1_1677	ecoli:lcl|NC_000913.3_prot_NP_416199.1_1677
ecoli:lcl|NC_000913.3_prot_NP_416200.2_1678	ecoli:lcl|NC_000913.3_prot_NP_416200.2_1678
ecoli:lcl|NC_000913.3_prot_NP_416201.1_1679	ecoli:lcl|NC_000913.3_prot_NP_416201.1_1679
ecoli:lcl|NC_000913.3_prot_NP_416201.1_1679	ecoli:lcl|NC_000913.3_prot_NP_415129.1_589
ecoli:lcl|NC_000913.3_prot_NP_416202.1_1680	ecoli:lcl|NC_000913.3_prot_NP_416202.1_1680
ecoli:lcl|NC_000913.3_prot_NP_416203.1_1681	ecoli:lcl|NC_000913.3_prot_NP_416203.1_1681
ecoli:lcl|NC_000913.3_prot_NP_416204.2_1682	ecoli:lcl|NC_000913.3_prot_NP_416204.2_1682
ecoli:lcl|NC_000913.3_prot_NP_416205.1_1683	ecoli:lcl|NC_000913.3_prot_NP_416205.1_1683
ecoli:lcl|NC_000913.3_prot_NP_416206.6_1684	ecoli:lcl|NC_000913.3_prot_NP_416206.6_1684
ecoli:lcl|NC_000913.3_prot_NP_416207.1_1685	ecoli:lcl|NC_000913.3_prot_NP_416207.1_1685
ecoli:lcl|NC_000913.3_prot_NP_416208.1_1686	ecoli:lcl|NC_000913.3_prot_NP_416208.1_1686
ecoli:lcl|NC_000913.3_prot_NP_416209.1_1687	ecoli:lcl|NC_000913.3_prot_NP_416209.1_1687
ecoli:lcl|NC_000913.3_prot_NP_416210.4_1688	ecoli:lcl|NC_000913.3_prot_NP_416210.4_1688
ecoli:lcl|NC_000913.3_prot_NP_416211.1_1689	ecoli:lcl|NC_000913.3_prot_NP_416211.1_1689
ecoli:lcl|NC_000913.3_prot_NP_416212.1_1690	ecoli:lcl|NC_000913.3_prot_NP_416212.1_1690
ecoli:lcl|NC_000913.3_prot_NP_416212.1_1690	ecoli:lcl|NC_000913.3_prot_NP_414583.2_41
ecoli:lcl|NC_000913.3_prot_NP_416213.1_1691	ecoli:lcl|NC_000913.3_prot_NP_416213.1_1691
ecoli:lcl|NC_000913.3_prot_NP_416214.1_1692	ecoli:lcl|NC_000913.3_prot_NP_416214.1_1692
ecoli:lcl|NC_000913.3_prot_NP_416214.1_1692	ecoli:lcl|NC_000913.3_prot_NP_414585.1_43
ecoli:lcl|NC_000913.3_prot_NP_416216.5_1694	ecoli:lcl|NC_000913.3_prot_NP_416216.5_1694
ecoli:lcl|NC_000913.3_prot_NP_416217.1_1695	ecoli:lcl|NC_000913.3_prot_NP_416217.1_1695
ecoli:lcl|NC_000913.3_prot_NP_416218.1_1696	ecoli:lcl|NC_000913.3_prot_NP_416218.1_1696
ecoli:lcl|NC_000913.3_prot_NP_416219.1_1697	ecoli:lcl|NC_000913.3_prot_NP_416219.1_1697
ecoli:lcl|NC_000913.3_prot_NP_416219.1_1697	ecoli:lcl|NC_000913.3_prot_NP_415275.1_728
ecoli:lcl|NC_000913.3_prot_NP_416220.1_1698	ecoli:lcl|NC_000913.3_prot_NP_416220.1_1698
ecoli:lcl|NC_000913.3_prot_NP_416221.1_1699	ecoli:lcl|NC_000913.3_prot_NP_416221.1_1699
ecoli:lcl|NC_000913.3_prot_NP_416222.1_1700	ecoli:lcl|NC_000913.3_prot_NP_416222.1_1700
ecoli:lcl|NC_000913.3_prot_NP_416223.1_1701	ecoli:lcl|NC_000913.3_prot_NP_416223.1_1701
ecoli:lcl|NC_000913.3_prot_NP_416224.1_1702	ecoli:lcl|NC_000913.3_prot_NP_416224.1_1702
ecoli:lcl|NC_000913.3_prot_NP_416225.1_1703	ecoli:lcl|NC_000913.3_prot_NP_416225.1_1703
ecoli:lcl|NC_000913.3_prot_NP_416226.1_1704	ecoli:lcl|NC_000913.3_prot_NP_416226.1_1704
ecoli:lcl|NC_000913.3_prot_NP_416227.1_1705	ecoli:lcl|NC_000913.3_prot_NP_416227.1_1705
ecoli:lcl|NC_000913.3_prot_NP_416228.1_1706	ecoli:lcl|NC_000913.3_prot_NP_416228.1_1706
ecoli:lcl|NC_000913.3_prot_NP_416229.1_1707	ecoli:lcl|NC_000913.3_prot_NP_416229.1_1707
ecoli:lcl|NC_000913.3_prot_NP_416230.1_1708	ecoli:lcl|NC_000913.3_prot_NP_416230.1_1708
ecoli:lcl|NC_000913.3_prot_NP_416231.1_1709	ecoli:lcl|NC_000913.3_prot_NP_416231.1_1709
ecoli:lcl|NC_000913.3_prot_NP_416232.3_1710	ecoli:lcl|NC_000913.3_prot_NP_416232.3_1710
ecoli:lcl|NC_000913.3_prot_NP_416233.1_1711	ecoli:lcl|NC_000913.3_prot_NP_416233.1_1711
ecoli:lcl|NC_000913.3_prot_NP_416234.1_1712	ecoli:lcl|NC_000913.3_prot_NP_416234.1_1712
ecoli:lcl|NC_000913.3_prot_YP_588455.2_1713	ecoli:lcl|NC_000913.3_prot_YP_588455.2_1713
ecoli:lcl|NC_000913.3_prot_NP_416236.1_1714	ecoli:lcl|NC_000913.3_prot_NP_416236.1_1714
ecoli:lcl|NC_000913.3_prot_NP_416237.3_1715	ecoli:lcl|NC_000913.3_prot_NP_416237.3_1715
ecoli:lcl|NC_000913.3_prot_NP_416238.1_1716	ecoli:lcl|NC_000913.3_prot_NP_416238.1_1716
ecoli:lcl|NC_000913.3_prot_NP_416239.1_1717	ecoli:lcl|NC_000913.3_prot_NP_416239.1_1717
ecoli:lcl|NC_000913.3_prot_NP_416240.1_1718	ecoli:lcl|NC_000913.3_prot_NP_416240.1_1718
ecoli:lcl|NC_000913.3_prot_NP_416241.1_1719	ecoli:lcl|NC_000913.3_prot_NP_416241.1_1719
ecoli:lcl|NC_000913.3_prot_NP_416242.6_1720	ecoli:lcl|NC_000913.3_prot_NP_416242.6_1720
ecoli:lcl|NC_000913.3_prot_NP_416243.1_1721	ecoli:lcl|NC_000913.3_prot_NP_416243.1_1721
ecoli:lcl|NC_000913.3_prot_NP_416244.2_1722	ecoli:lcl|NC_000913.3_prot_NP_416244.2_1722
ecoli:lcl|NC_000913.3_prot_NP_416245.2_1723	ecoli:lcl|NC_000913.3_prot_NP_416245.2_1723
ecoli:lcl|NC_000913.3_prot_YP_025308.1_1724	ecoli:lcl|NC_000913.3_prot_YP_025308.1_1724
ecoli:lcl|NC_000913.3_prot_NP_416247.1_1725	ecoli:lcl|NC_000913.3_prot_NP_416247.1_1725
ecoli:lcl|NC_000913.3_prot_NP_416248.1_1726	ecoli:lcl|NC_000913.3_prot_NP_416248.1_1726
ecoli:lcl|NC_000913.3_prot_NP_416249.1_1727	ecoli:lcl|NC_000913.3_prot_NP_416249.1_1727
ecoli:lcl|NC_000913.3_prot_NP_416250.1_1728	ecoli:lcl|NC_000913.3_prot_NP_416250.1_1728
ecoli:lcl|NC_000913.3_prot_NP_416251.1_1729	ecoli:lcl|NC_000913.3_prot_NP_416251.1_1729
ecoli:lcl|NC_000913.3_prot_NP_416252.1_1730	ecoli:lcl|NC_000913.3_prot_NP_416252.1_1730
ecoli:lcl|NC_000913.3_prot_NP_416253.1_1731	ecoli:lcl|NC_000913.3_prot_NP_416253.1_1731
ecoli:lcl|NC_000913.3_prot_NP_416254.1_1732	ecoli:lcl|NC_000913.3_prot_NP_416254.1_1732
ecoli:lcl|NC_000913.3_prot_NP_416255.1_1733	ecoli:lcl|NC_000913.3_prot_NP_416255.1_1733
ecoli:lcl|NC_000913.3_prot_NP_416256.2_1734	ecoli:lcl|NC_000913.3_prot_NP_416256.2_1734
ecoli:lcl|NC_000913.3_prot_NP_416257.1_1735	ecoli:lcl|NC_000913.3_prot_NP_416257.1_1735
ecoli:lcl|NC_000913.3_prot_NP_416258.1_1736	ecoli:lcl|NC_000913.3_prot_NP_416258.1_1736
ecoli:lcl|NC_000913.3_prot_NP_416259.1_1737	ecoli:lcl|NC_000913.3_prot_NP_416259.1_1737
ecoli:lcl|NC_000913.3_prot_NP_416260.1_1738	ecoli:lcl|NC_000913.3_prot_NP_416260.1_1738
ecoli:lcl|NC_000913.3_prot_NP_416261.1_1739	ecoli:lcl|NC_000913.3_prot_NP_416261.1_1739
ecoli:lcl|NC_000913.3_prot_NP_416263.1_1741	ecoli:lcl|NC_000913.3_prot_NP_416263.1_1741
ecoli:lcl|NC_000913.3_prot_NP_416264.4_1742	ecoli:lcl|NC_000913.3_prot_NP_416264.4_1742
ecoli:lcl|NC_000913.3_prot_NP_416265.4_1743	ecoli:lcl|NC_000913.3_prot_NP_416265.4_1743
ecoli:lcl|NC_000913.3_prot_NP_416266.1_1744	ecoli:lcl|NC_000913.3_prot_NP_416266.1_1744
ecoli:lcl|NC_000913.3_prot_NP_416267.1_1745	ecoli:lcl|NC_000913.3_prot_NP_416267.1_1745
ecoli:lcl|NC_000913.3_prot_NP_416268.2_1746	ecoli:lcl|NC_000913.3_prot_NP_416268.2_1746
ecoli:lcl|NC_000913.3_prot_NP_416269.4_1747	ecoli:lcl|NC_000913.3_prot_NP_416269.4_1747
ecoli:lcl|NC_000913.3_prot_NP_416270.1_1748	ecoli:lcl|NC_000913.3_prot_NP_416270.1_1748
ecoli:lcl|NC_000913.3_prot_NP_416271.4_1749	ecoli:lcl|NC_000913.3_prot_NP_416271.4_1749
ecoli:lcl|NC_000913.3_prot_NP_416272.2_1750	ecoli:lcl|NC_000913.3_prot_NP_416272.2_1750
ecoli:lcl|NC_000913.3_prot_NP_416273.1_1751	ecoli:lcl|NC_000913.3_prot_NP_416273.1_1751
ecoli:lcl|NC_000913.3_prot_NP_416274.1_1752	ecoli:lcl|NC_000913.3_prot_NP_416274.1_1752
ecoli:lcl|NC_000913.3_prot_NP_416275.1_1753	ecoli:lcl|NC_000913.3_prot_NP_416275.1_1753
ecoli:lcl|NC_000913.3_prot_NP_416276.4_1754	ecoli:lcl|NC_000913.3_prot_NP_416276.4_1754
ecoli:lcl|NC_000913.3_prot_NP_416277.1_1755	ecoli:lcl|NC_000913.3_prot_NP_416277.1_1755
ecoli:lcl|NC_000913.3_prot_NP_416278.1_1756	ecoli:lcl|NC_000913.3_prot_NP_416278.1_1756
ecoli:lcl|NC_000913.3_prot_NP_416279.1_1757	ecoli:lcl|NC_000913.3_prot_NP_416279.1_1757
ecoli:lcl|NC_000913.3_prot_NP_416280.1_1758	ecoli:lcl|NC_000913.3_prot_NP_416280.1_1758
ecoli:lcl|NC_000913.3_prot_NP_416281.1_1759	ecoli:lcl|NC_000913.3_prot_NP_416281.1_1759
ecoli:lcl|NC_000913.3_prot_NP_416282.4_1760	ecoli:lcl|NC_000913.3_prot_NP_416282.4_1760
ecoli:lcl|NC_000913.3_prot_NP_416283.1_1761	ecoli:lcl|NC_000913.3_prot_NP_416283.1_1761
ecoli:lcl|NC_000913.3_prot_NP_416284.1_1762	ecoli:lcl|NC_000913.3_prot_NP_416284.1_1762
ecoli:lcl|NC_000913.3_prot_NP_416285.1_1763	ecoli:lcl|NC_000913.3_prot_NP_416285.1_1763
ecoli:lcl|NC_000913.3_prot_NP_416286.4_1764	ecoli:lcl|NC_000913.3_prot_NP_416286.4_1764
ecoli:lcl|NC_000913.3_prot_NP_416287.1_1765	ecoli:lcl|NC_000913.3_prot_NP_416287.1_1765
ecoli:lcl|NC_000913.3_prot_NP_416288.1_1766	ecoli:lcl|NC_000913.3_prot_NP_416288.1_1766
ecoli:lcl|NC_000913.3_prot_NP_416289.1_1767	ecoli:lcl|NC_000913.3_prot_NP_416289.1_1767
ecoli:lcl|NC_000913.3_prot_NP_416290.1_1768	ecoli:lcl|NC_000913.3_prot_NP_416290.1_1768
ecoli:lcl|NC_000913.3_prot_NP_416291.4_1769	ecoli:lcl|NC_000913.3_prot_NP_416291.4_1769
ecoli:lcl|NC_000913.3_prot_NP_416292.1_1770	ecoli:lcl|NC_000913.3_prot_NP_416292.1_1770
ecoli:lcl|NC_000913.3_prot_NP_416294.4_1772	ecoli:lcl|NC_000913.3_prot_NP_416294.4_1772
ecoli:lcl|NC_000913.3_prot_NP_416295.1_1773	ecoli:lcl|NC_000913.3_prot_NP_416295.1_1773
ecoli:lcl|NC_000913.3_prot_NP_416296.1_1774	ecoli:lcl|NC_000913.3_prot_NP_416296.1_1774
ecoli:lcl|NC_000913.3_prot_NP_416297.1_1775	ecoli:lcl|NC_000913.3_prot_NP_416297.1_1775
ecoli:lcl|NC_000913.3_prot_NP_416298.1_1776	ecoli:lcl|NC_000913.3_prot_NP_416298.1_1776
ecoli:lcl|NC_000913.3_prot_NP_416299.1_1777	ecoli:lcl|NC_000913.3_prot_NP_416299.1_1777
ecoli:lcl|NC_000913.3_prot_NP_416300.2_1778	ecoli:lcl|NC_000913.3_prot_NP_416300.2_1778
ecoli:lcl|NC_000913.3_prot_NP_416301.1_1779	ecoli:lcl|NC_000913.3_prot_NP_416301.1_1779
ecoli:lcl|NC_000913.3_prot_NP_416302.2_1780	ecoli:lcl|NC_000913.3_prot_NP_416302.2_1780
ecoli:lcl|NC_000913.3_prot_NP_416303.1_1781	ecoli:lcl|NC_000913.3_prot_NP_416303.1_1781
ecoli:lcl|NC_000913.3_prot_NP_416304.1_1782	ecoli:lcl|NC_000913.3_prot_NP_416304.1_1782
ecoli:lcl|NC_000913.3_prot_NP_416305.1_1783	ecoli:lcl|NC_000913.3_prot_NP_416305.1_1783
ecoli:lcl|NC_000913.3_prot_NP_416306.2_1784	ecoli:lcl|NC_000913.3_prot_NP_416306.2_1784
ecoli:lcl|NC_000913.3_prot_NP_416307.1_1785	ecoli:lcl|NC_000913.3_prot_NP_416307.1_1785
ecoli:lcl|NC_000913.3_prot_NP_416308.4_1786	ecoli:lcl|NC_000913.3_prot_NP_416308.4_1786
ecoli:lcl|NC_000913.3_prot_YP_002791242.1_1787	ecoli:lcl|NC_000913.3_prot_YP_002791242.1_1787
ecoli:lcl|NC_000913.3_prot_YP_002791243.1_1788	ecoli:lcl|NC_000913.3_prot_YP_002791243.1_1788
ecoli:lcl|NC_000913.3_prot_NP_416309.1_1789	ecoli:lcl|NC_000913.3_prot_NP_416309.1_1789
ecoli:lcl|NC_000913.3_prot_NP_416309.1_1789	ecoli:lcl|NC_000913.3_prot_NP_415713.1_1171
ecoli:lcl|NC_000913.3_prot_NP_416310.1_1790	ecoli:lcl|NC_000913.3_prot_NP_416310.1_1790
ecoli:lcl|NC_000913.3_prot_NP_416311.1_1791	ecoli:lcl|NC_000913.3_prot_NP_416311.1_1791
ecoli:lcl|NC_000913.3_prot_NP_416312.1_1792	ecoli:lcl|NC_000913.3_prot_NP_416312.1_1792
ecoli:lcl|NC_000913.3_prot_NP_416313.4_1793	ecoli:lcl|NC_000913.3_prot_NP_416313.4_1793
ecoli:lcl|NC_000913.3_prot_NP_416314.1_1794	ecoli:lcl|NC_000913.3_prot_NP_416314.1_1794
ecoli:lcl|NC_000913.3_prot_NP_416315.1_1795	ecoli:lcl|NC_000913.3_prot_NP_416315.1_1795
ecoli:lcl|NC_000913.3_prot_NP_416316.1_1796	ecoli:lcl|NC_000913.3_prot_NP_416316.1_1796
ecoli:lcl|NC_000913.3_prot_NP_416317.1_1797	ecoli:lcl|NC_000913.3_prot_NP_416317.1_1797
ecoli:lcl|NC_000913.3_prot_NP_416318.1_1798	ecoli:lcl|NC_000913.3_prot_NP_416318.1_1798
ecoli:lcl|NC_000913.3_prot_NP_416319.1_1799	ecoli:lcl|NC_000913.3_prot_NP_416319.1_1799
ecoli:lcl|NC_000913.3_prot_NP_416320.1_1800	ecoli:lcl|NC_000913.3_prot_NP_416320.1_1800
ecoli:lcl|NC_000913.3_prot_NP_416321.1_1801	ecoli:lcl|NC_000913.3_prot_NP_416321.1_1801
ecoli:lcl|NC_000913.3_prot_NP_416322.1_1802	ecoli:lcl|NC_000913.3_prot_NP_416322.1_1802
ecoli:lcl|NC_000913.3_prot_NP_416323.4_1803	ecoli:lcl|NC_000913.3_prot_NP_416323.4_1803
ecoli:lcl|NC_000913.3_prot_NP_416324.2_1804	ecoli:lcl|NC_000913.3_prot_NP_416324.2_1804
ecoli:lcl|NC_000913.3_prot_NP_416325.1_1805	ecoli:lcl|NC_000913.3_prot_NP_416325.1_1805
ecoli:lcl|NC_000913.3_prot_NP_416326.1_1806	ecoli:lcl|NC_000913.3_prot_NP_416326.1_1806
ecoli:lcl|NC_000913.3_prot_NP_416327.1_1807	ecoli:lcl|NC_000913.3_prot_NP_416327.1_1807
ecoli:lcl|NC_000913.3_prot_NP_416329.4_1809	ecoli:lcl|NC_000913.3_prot_NP_416329.4_1809
ecoli:lcl|NC_000913.3_prot_YP_009518795.2_1811	ecoli:lcl|NC_000913.3_prot_YP_009518795.2_1811
ecoli:lcl|NC_000913.3_prot_NP_416331.1_1812	ecoli:lcl|NC_000913.3_prot_NP_416331.1_1812
ecoli:lcl|NC_000913.3_prot_NP_416332.1_1813	ecoli:lcl|NC_000913.3_prot_NP_416332.1_1813
ecoli:lcl|NC_000913.3_prot_NP_416333.4_1814	ecoli:lcl|NC_000913.3_prot_NP_416333.4_1814
ecoli:lcl|NC_000913.3_prot_NP_416334.1_1815	ecoli:lcl|NC_000913.3_prot_NP_416334.1_1815
ecoli:lcl|NC_000913.3_prot_NP_416335.4_1816	ecoli:lcl|NC_000913.3_prot_NP_416335.4_1816
ecoli:lcl|NC_000913.3_prot_NP_416336.1_1817	ecoli:lcl|NC_000913.3_prot_NP_416336.1_1817
ecoli:lcl|NC_000913.3_prot_NP_416337.1_1818	ecoli:lcl|NC_000913.3_prot_NP_416337.1_1818
ecoli:lcl|NC_000913.3_prot_NP_416337.1_1818	ecoli:lcl|NC_000913.3_prot_NP_415156.1_616
ecoli:lcl|NC_000913.3_prot_NP_416337.1_1818	ecoli:lcl|NC_000913.3_prot_NP_415510.1_967
ecoli:lcl|NC_000913.3_prot_NP_416337.1_1818	ecoli:lcl|NC_000913.3_prot_NP_416070.1_1542
ecoli:lcl|NC_000913.3_prot_NP_416337.1_1818	ecoli:lcl|NC_000913.3_prot_NP_416075.1_1549
ecoli:lcl|NC_000913.3_prot_NP_416337.1_1818	ecoli:lcl|NC_000913.3_prot_NP_418012.1_3493
ecoli:lcl|NC_000913.3_prot_NP_416337.1_1818	ecoli:lcl|NC_000913.3_prot_NP_415401.1_856
ecoli:lcl|NC_000913.3_prot_NP_416338.1_1819	ecoli:lcl|NC_000913.3_prot_NP_416338.1_1819
ecoli:lcl|NC_000913.3_prot_NP_416339.1_1820	ecoli:lcl|NC_000913.3_prot_NP_416339.1_1820
ecoli:lcl|NC_000913.3_prot_NP_416340.1_1821	ecoli:lcl|NC_000913.3_prot_NP_416340.1_1821
ecoli:lcl|NC_000913.3_prot_YP_588456.1_1822	ecoli:lcl|NC_000913.3_prot_YP_588456.1_1822
ecoli:lcl|NC_000913.3_prot_NP_416341.1_1823	ecoli:lcl|NC_000913.3_prot_NP_416341.1_1823
ecoli:lcl|NC_000913.3_prot_NP_416342.4_1824	ecoli:lcl|NC_000913.3_prot_NP_416342.4_1824
ecoli:lcl|NC_000913.3_prot_NP_416343.1_1825	ecoli:lcl|NC_000913.3_prot_NP_416343.1_1825
ecoli:lcl|NC_000913.3_prot_NP_416344.1_1826	ecoli:lcl|NC_000913.3_prot_NP_416344.1_1826
ecoli:lcl|NC_000913.3_prot_YP_026161.1_1827	ecoli:lcl|NC_000913.3_prot_YP_026161.1_1827
ecoli:lcl|NC_000913.3_prot_NP_416346.4_1828	ecoli:lcl|NC_000913.3_prot_NP_416346.4_1828
ecoli:lcl|NC_000913.3_prot_NP_416347.1_1829	ecoli:lcl|NC_000913.3_prot_NP_416347.1_1829
ecoli:lcl|NC_000913.3_prot_NP_416348.2_1830	ecoli:lcl|NC_000913.3_prot_NP_416348.2_1830
ecoli:lcl|NC_000913.3_prot_NP_416349.2_1831	ecoli:lcl|NC_000913.3_prot_NP_416349.2_1831
ecoli:lcl|NC_000913.3_prot_NP_416350.4_1832	ecoli:lcl|NC_000913.3_prot_NP_416350.4_1832
ecoli:lcl|NC_000913.3_prot_NP_416351.2_1833	ecoli:lcl|NC_000913.3_prot_NP_416351.2_1833
ecoli:lcl|NC_000913.3_prot_NP_416353.1_1835	ecoli:lcl|NC_000913.3_prot_NP_416353.1_1835
ecoli:lcl|NC_000913.3_prot_NP_416354.1_1836	ecoli:lcl|NC_000913.3_prot_NP_416354.1_1836
ecoli:lcl|NC_000913.3_prot_NP_416355.1_1837	ecoli:lcl|NC_000913.3_prot_NP_416355.1_1837
ecoli:lcl|NC_000913.3_prot_NP_416356.1_1838	ecoli:lcl|NC_000913.3_prot_NP_416356.1_1838
ecoli:lcl|NC_000913.3_prot_NP_416357.1_1839	ecoli:lcl|NC_000913.3_prot_NP_416357.1_1839
ecoli:lcl|NC_000913.3_prot_NP_416358.1_1840	ecoli:lcl|NC_000913.3_prot_NP_416358.1_1840
ecoli:lcl|NC_000913.3_prot_NP_416359.1_1841	ecoli:lcl|NC_000913.3_prot_NP_416359.1_1841
ecoli:lcl|NC_000913.3_prot_NP_416360.1_1842	ecoli:lcl|NC_000913.3_prot_NP_416360.1_1842
ecoli:lcl|NC_000913.3_prot_NP_416361.2_1843	ecoli:lcl|NC_000913.3_prot_NP_416361.2_1843
ecoli:lcl|NC_000913.3_prot_NP_416362.1_1844	ecoli:lcl|NC_000913.3_prot_NP_416362.1_1844
ecoli:lcl|NC_000913.3_prot_NP_416363.1_1845	ecoli:lcl|NC_000913.3_prot_NP_416363.1_1845
ecoli:lcl|NC_000913.3_prot_NP_416364.1_1846	ecoli:lcl|NC_000913.3_prot_NP_416364.1_1846
ecoli:lcl|NC_000913.3_prot_NP_416365.1_1847	ecoli:lcl|NC_000913.3_prot_NP_416365.1_1847
ecoli:lcl|NC_000913.3_prot_NP_416366.1_1848	ecoli:lcl|NC_000913.3_prot_NP_416366.1_1848
ecoli:lcl|NC_000913.3_prot_NP_416367.1_1849	ecoli:lcl|NC_000913.3_prot_NP_416367.1_1849
ecoli:lcl|NC_000913.3_prot_NP_416368.1_1850	ecoli:lcl|NC_000913.3_prot_NP_416368.1_1850
ecoli:lcl|NC_000913.3_prot_NP_416369.1_1851	ecoli:lcl|NC_000913.3_prot_NP_416369.1_1851
ecoli:lcl|NC_000913.3_prot_NP_416370.2_1852	ecoli:lcl|NC_000913.3_prot_NP_416370.2_1852
ecoli:lcl|NC_000913.3_prot_NP_416371.4_1853	ecoli:lcl|NC_000913.3_prot_NP_416371.4_1853
ecoli:lcl|NC_000913.3_prot_NP_416372.1_1854	ecoli:lcl|NC_000913.3_prot_NP_416372.1_1854
ecoli:lcl|NC_000913.3_prot_NP_416373.1_1855	ecoli:lcl|NC_000913.3_prot_NP_416373.1_1855
ecoli:lcl|NC_000913.3_prot_NP_416374.1_1856	ecoli:lcl|NC_000913.3_prot_NP_416374.1_1856
ecoli:lcl|NC_000913.3_prot_NP_416375.1_1857	ecoli:lcl|NC_000913.3_prot_NP_416375.1_1857
ecoli:lcl|NC_000913.3_prot_YP_002791244.1_1858	ecoli:lcl|NC_000913.3_prot_YP_002791244.1_1858
ecoli:lcl|NC_000913.3_prot_NP_416376.2_1859	ecoli:lcl|NC_000913.3_prot_NP_416376.2_1859
ecoli:lcl|NC_000913.3_prot_NP_416377.1_1860	ecoli:lcl|NC_000913.3_prot_NP_416377.1_1860
ecoli:lcl|NC_000913.3_prot_NP_416378.1_1861	ecoli:lcl|NC_000913.3_prot_NP_416378.1_1861
ecoli:lcl|NC_000913.3_prot_NP_416379.1_1862	ecoli:lcl|NC_000913.3_prot_NP_416379.1_1862
ecoli:lcl|NC_000913.3_prot_NP_416380.1_1863	ecoli:lcl|NC_000913.3_prot_NP_416380.1_1863
ecoli:lcl|NC_000913.3_prot_NP_416381.2_1864	ecoli:lcl|NC_000913.3_prot_NP_416381.2_1864
ecoli:lcl|NC_000913.3_prot_NP_416382.1_1865	ecoli:lcl|NC_000913.3_prot_NP_416382.1_1865
ecoli:lcl|NC_000913.3_prot_NP_416383.4_1866	ecoli:lcl|NC_000913.3_prot_NP_416383.4_1866
ecoli:lcl|NC_000913.3_prot_NP_416384.1_1867	ecoli:lcl|NC_000913.3_prot_NP_416384.1_1867
ecoli:lcl|NC_000913.3_prot_NP_416385.1_1868	ecoli:lcl|NC_000913.3_prot_NP_416385.1_1868
ecoli:lcl|NC_000913.3_prot_NP_416386.4_1869	ecoli:lcl|NC_000913.3_prot_NP_416386.4_1869
ecoli:lcl|NC_000913.3_prot_NP_416387.1_1870	ecoli:lcl|NC_000913.3_prot_NP_416387.1_1870
ecoli:lcl|NC_000913.3_prot_YP_025309.2_1871	ecoli:lcl|NC_000913.3_prot_YP_025309.2_1871
ecoli:lcl|NC_000913.3_prot_NP_416389.4_1872	ecoli:lcl|NC_000913.3_prot_NP_416389.4_1872
ecoli:lcl|NC_000913.3_prot_NP_416390.1_1873	ecoli:lcl|NC_000913.3_prot_NP_416390.1_1873
ecoli:lcl|NC_000913.3_prot_YP_010051188.1_1874	ecoli:lcl|NC_000913.3_prot_YP_010051188.1_1874
ecoli:lcl|NC_000913.3_prot_NP_416391.4_1875	ecoli:lcl|NC_000913.3_prot_NP_416391.4_1875
ecoli:lcl|NC_000913.3_prot_NP_416392.1_1876	ecoli:lcl|NC_000913.3_prot_NP_416392.1_1876
ecoli:lcl|NC_000913.3_prot_NP_416393.1_1877	ecoli:lcl|NC_000913.3_prot_NP_416393.1_1877
ecoli:lcl|NC_000913.3_prot_NP_416394.1_1878	ecoli:lcl|NC_000913.3_prot_NP_416394.1_1878
ecoli:lcl|NC_000913.3_prot_NP_416395.1_1879	ecoli:lcl|NC_000913.3_prot_NP_416395.1_1879
ecoli:lcl|NC_000913.3_prot_NP_416396.1_1880	ecoli:lcl|NC_000913.3_prot_NP_416396.1_1880
ecoli:lcl|NC_000913.3_prot_NP_416397.1_1881	ecoli:lcl|NC_000913.3_prot_NP_416397.1_1881
ecoli:lcl|NC_000913.3_prot_NP_416398.1_1882	ecoli:lcl|NC_000913.3_prot_NP_416398.1_1882
ecoli:lcl|NC_000913.3_prot_NP_416399.1_1883	ecoli:lcl|NC_000913.3_prot_NP_416399.1_1883
ecoli:lcl|NC_000913.3_prot_NP_416400.1_1884	ecoli:lcl|NC_000913.3_prot_NP_416400.1_1884
ecoli:lcl|NC_000913.3_prot_NP_416401.1_1885	ecoli:lcl|NC_000913.3_prot_NP_416401.1_1885
ecoli:lcl|NC_000913.3_prot_YP_010283911.1_1886	ecoli:lcl|NC_000913.3_prot_YP_010283911.1_1886
ecoli:lcl|NC_000913.3_prot_NP_416402.2_1887	ecoli:lcl|NC_000913.3_prot_NP_416402.2_1887
ecoli:lcl|NC_000913.3_prot_NP_416403.1_1888	ecoli:lcl|NC_000913.3_prot_NP_416403.1_1888
ecoli:lcl|NC_000913.3_prot_NP_416404.1_1889	ecoli:lcl|NC_000913.3_prot_NP_416404.1_1889
ecoli:lcl|NC_000913.3_prot_NP_416405.1_1890	ecoli:lcl|NC_000913.3_prot_NP_416405.1_1890
ecoli:lcl|NC_000913.3_prot_NP_416406.4_1891	ecoli:lcl|NC_000913.3_prot_NP_416406.4_1891
ecoli:lcl|NC_000913.3_prot_NP_416409.1_1894	ecoli:lcl|NC_000913.3_prot_NP_416409.1_1894
ecoli:lcl|NC_000913.3_prot_NP_416411.1_1896	ecoli:lcl|NC_000913.3_prot_NP_416411.1_1896
ecoli:lcl|NC_000913.3_prot_YP_026162.2_1897	ecoli:lcl|NC_000913.3_prot_YP_026162.2_1897
ecoli:lcl|NC_000913.3_prot_NP_416414.1_1899	ecoli:lcl|NC_000913.3_prot_NP_416414.1_1899
ecoli:lcl|NC_000913.3_prot_NP_416415.1_1900	ecoli:lcl|NC_000913.3_prot_NP_416415.1_1900
ecoli:lcl|NC_000913.3_prot_NP_416416.2_1901	ecoli:lcl|NC_000913.3_prot_NP_416416.2_1901
ecoli:lcl|NC_000913.3_prot_YP_002791245.1_1902	ecoli:lcl|NC_000913.3_prot_YP_002791245.1_1902
ecoli:lcl|NC_000913.3_prot_NP_416417.1_1903	ecoli:lcl|NC_000913.3_prot_NP_416417.1_1903
ecoli:lcl|NC_000913.3_prot_NP_416418.1_1904	ecoli:lcl|NC_000913.3_prot_NP_416418.1_1904
ecoli:lcl|NC_000913.3_prot_NP_416419.1_1905	ecoli:lcl|NC_000913.3_prot_NP_416419.1_1905
ecoli:lcl|NC_000913.3_prot_NP_416420.1_1906	ecoli:lcl|NC_000913.3_prot_NP_416420.1_1906
ecoli:lcl|NC_000913.3_prot_NP_416421.1_1907	ecoli:lcl|NC_000913.3_prot_NP_416421.1_1907
ecoli:lcl|NC_000913.3_prot_NP_416422.1_1908	ecoli:lcl|NC_000913.3_prot_NP_416422.1_1908
ecoli:lcl|NC_000913.3_prot_NP_416423.4_1909	ecoli:lcl|NC_000913.3_prot_NP_416423.4_1909
ecoli:lcl|NC_000913.3_prot_NP_416424.1_1910	ecoli:lcl|NC_000913.3_prot_NP_416424.1_1910
ecoli:lcl|NC_000913.3_prot_YP_009518796.1_1911	ecoli:lcl|NC_000913.3_prot_YP_009518796.1_1911
ecoli:lcl|NC_000913.3_prot_NP_416425.1_1912	ecoli:lcl|NC_000913.3_prot_NP_416425.1_1912
ecoli:lcl|NC_000913.3_prot_NP_416426.1_1913	ecoli:lcl|NC_000913.3_prot_NP_416426.1_1913
ecoli:lcl|NC_000913.3_prot_NP_416427.1_1914	ecoli:lcl|NC_000913.3_prot_NP_416427.1_1914
ecoli:lcl|NC_000913.3_prot_NP_416428.1_1915	ecoli:lcl|NC_000913.3_prot_NP_416428.1_1915
ecoli:lcl|NC_000913.3_prot_NP_416429.4_1916	ecoli:lcl|NC_000913.3_prot_NP_416429.4_1916
ecoli:lcl|NC_000913.3_prot_NP_416430.1_1917	ecoli:lcl|NC_000913.3_prot_NP_416430.1_1917
ecoli:lcl|NC_000913.3_prot_NP_416431.2_1918	ecoli:lcl|NC_000913.3_prot_NP_416431.2_1918
ecoli:lcl|NC_000913.3_prot_NP_416432.3_1919	ecoli:lcl|NC_000913.3_prot_NP_416432.3_1919
ecoli:lcl|NC_000913.3_prot_NP_416433.1_1920	ecoli:lcl|NC_000913.3_prot_NP_416433.1_1920
ecoli:lcl|NC_000913.3_prot_NP_416434.1_1921	ecoli:lcl|NC_000913.3_prot_NP_416434.1_1921
ecoli:lcl|NC_000913.3_prot_NP_416435.1_1922	ecoli:lcl|NC_000913.3_prot_NP_416435.1_1922
ecoli:lcl|NC_000913.3_prot_NP_416436.1_1923	ecoli:lcl|NC_000913.3_prot_NP_416436.1_1923
ecoli:lcl|NC_000913.3_prot_NP_416437.1_1924	ecoli:lcl|NC_000913.3_prot_NP_416437.1_1924
ecoli:lcl|NC_000913.3_prot_NP_416438.1_1925	ecoli:lcl|NC_000913.3_prot_NP_416438.1_1925
ecoli:lcl|NC_000913.3_prot_NP_416439.1_1926	ecoli:lcl|NC_000913.3_prot_NP_416439.1_1926
ecoli:lcl|NC_000913.3_prot_NP_416440.1_1927	ecoli:lcl|NC_000913.3_prot_NP_416440.1_1927
ecoli:lcl|NC_000913.3_prot_YP_025310.1_1928	ecoli:lcl|NC_000913.3_prot_YP_025310.1_1928
ecoli:lcl|NC_000913.3_prot_NP_416442.1_1929	ecoli:lcl|NC_000913.3_prot_NP_416442.1_1929
ecoli:lcl|NC_000913.3_prot_NP_416447.1_1930	ecoli:lcl|NC_000913.3_prot_NP_416447.1_1930
ecoli:lcl|NC_000913.3_prot_NP_416448.1_1931	ecoli:lcl|NC_000913.3_prot_NP_416448.1_1931
ecoli:lcl|NC_000913.3_prot_NP_416449.1_1932	ecoli:lcl|NC_000913.3_prot_NP_416449.1_1932
ecoli:lcl|NC_000913.3_prot_NP_416450.2_1933	ecoli:lcl|NC_000913.3_prot_NP_416450.2_1933
ecoli:lcl|NC_000913.3_prot_NP_416451.1_1934	ecoli:lcl|NC_000913.3_prot_NP_416451.1_1934
ecoli:lcl|NC_000913.3_prot_NP_416452.1_1935	ecoli:lcl|NC_000913.3_prot_NP_416452.1_1935
ecoli:lcl|NC_000913.3_prot_NP_416453.1_1936	ecoli:lcl|NC_000913.3_prot_NP_416453.1_1936
ecoli:lcl|NC_000913.3_prot_NP_416454.1_1937	ecoli:lcl|NC_000913.3_prot_NP_416454.1_1937
ecoli:lcl|NC_000913.3_prot_NP_416455.1_1938	ecoli:lcl|NC_000913.3_prot_NP_416455.1_1938
ecoli:lcl|NC_000913.3_prot_NP_416456.1_1939	ecoli:lcl|NC_000913.3_prot_NP_416456.1_1939
ecoli:lcl|NC_000913.3_prot_NP_416457.4_1940	ecoli:lcl|NC_000913.3_prot_NP_416457.4_1940
ecoli:lcl|NC_000913.3_prot_NP_416458.1_1941	ecoli:lcl|NC_000913.3_prot_NP_416458.1_1941
ecoli:lcl|NC_000913.3_prot_NP_416459.1_1942	ecoli:lcl|NC_000913.3_prot_NP_416459.1_1942
ecoli:lcl|NC_000913.3_prot_NP_416460.1_1943	ecoli:lcl|NC_000913.3_prot_NP_416460.1_1943
ecoli:lcl|NC_000913.3_prot_NP_416461.1_1944	ecoli:lcl|NC_000913.3_prot_NP_416461.1_1944
ecoli:lcl|NC_000913.3_prot_NP_416462.1_1945	ecoli:lcl|NC_000913.3_prot_NP_416462.1_1945
ecoli:lcl|NC_000913.3_prot_NP_416463.4_1946	ecoli:lcl|NC_000913.3_prot_NP_416463.4_1946
ecoli:lcl|NC_000913.3_prot_NP_416464.1_1947	ecoli:lcl|NC_000913.3_prot_NP_416464.1_1947
ecoli:lcl|NC_000913.3_prot_NP_416465.2_1948	ecoli:lcl|NC_000913.3_prot_NP_416465.2_1948
ecoli:lcl|NC_000913.3_prot_NP_416466.1_1949	ecoli:lcl|NC_000913.3_prot_NP_416466.1_1949
ecoli:lcl|NC_000913.3_prot_NP_416467.1_1950	ecoli:lcl|NC_000913.3_prot_NP_416467.1_1950
ecoli:lcl|NC_000913.3_prot_NP_416468.1_1951	ecoli:lcl|NC_000913.3_prot_NP_416468.1_1951
ecoli:lcl|NC_000913.3_prot_NP_416469.1_1952	ecoli:lcl|NC_000913.3_prot_NP_416469.1_1952
ecoli:lcl|NC_000913.3_prot_NP_416470.1_1953	ecoli:lcl|NC_000913.3_prot_NP_416470.1_1953
ecoli:lcl|NC_000913.3_prot_NP_416471.1_1954	ecoli:lcl|NC_000913.3_prot_NP_416471.1_1954
ecoli:lcl|NC_000913.3_prot_NP_416472.3_1955	ecoli:lcl|NC_000913.3_prot_NP_416472.3_1955
ecoli:lcl|NC_000913.3_prot_NP_416476.1_1956	ecoli:lcl|NC_000913.3_prot_NP_416476.1_1956
ecoli:lcl|NC_000913.3_prot_NP_416477.1_1957	ecoli:lcl|NC_000913.3_prot_NP_416477.1_1957
ecoli:lcl|NC_000913.3_prot_NP_416478.2_1958	ecoli:lcl|NC_000913.3_prot_NP_416478.2_1958
ecoli:lcl|NC_000913.3_prot_NP_416478.2_1958	ecoli:lcl|NC_000913.3_prot_NP_415103.1_561
ecoli:lcl|NC_000913.3_prot_NP_416479.1_1959	ecoli:lcl|NC_000913.3_prot_NP_416479.1_1959
ecoli:lcl|NC_000913.3_prot_NP_416480.1_1960	ecoli:lcl|NC_000913.3_prot_NP_416480.1_1960
ecoli:lcl|NC_000913.3_prot_NP_416481.1_1961	ecoli:lcl|NC_000913.3_prot_NP_416481.1_1961
ecoli:lcl|NC_000913.3_prot_NP_416482.1_1962	ecoli:lcl|NC_000913.3_prot_NP_416482.1_1962
ecoli:lcl|NC_000913.3_prot_NP_416483.4_1963	ecoli:lcl|NC_000913.3_prot_NP_416483.4_1963
ecoli:lcl|NC_000913.3_prot_NP_416484.2_1964	ecoli:lcl|NC_000913.3_prot_NP_416484.2_1964
ecoli:lcl|NC_000913.3_prot_NP_416485.4_1965	ecoli:lcl|NC_000913.3_prot_NP_416485.4_1965
ecoli:lcl|NC_000913.3_prot_NP_416488.1_1966	ecoli:lcl|NC_000913.3_prot_NP_416488.1_1966
ecoli:lcl|NC_000913.3_prot_NP_416488.1_1966	ecoli:lcl|NC_000913.3_prot_YP_009518786.1_1529
ecoli:lcl|NC_000913.3_prot_NP_416489.1_1967	ecoli:lcl|NC_000913.3_prot_NP_416489.1_1967
ecoli:lcl|NC_000913.3_prot_NP_416490.1_1968	ecoli:lcl|NC_000913.3_prot_NP_416490.1_1968
ecoli:lcl|NC_000913.3_prot_NP_416491.3_1969	ecoli:lcl|NC_000913.3_prot_NP_416491.3_1969
ecoli:lcl|NC_000913.3_prot_NP_416492.1_1970	ecoli:lcl|NC_000913.3_prot_NP_416492.1_1970
ecoli:lcl|NC_000913.3_prot_NP_416493.1_1971	ecoli:lcl|NC_000913.3_prot_NP_416493.1_1971
ecoli:lcl|NC_000913.3_prot_NP_416494.1_1972	ecoli:lcl|NC_000913.3_prot_NP_416494.1_1972
ecoli:lcl|NC_000913.3_prot_NP_416494.1_1972	ecoli:lcl|NC_000913.3_prot_NP_415340.1_795
ecoli:lcl|NC_000913.3_prot_NP_416495.1_1973	ecoli:lcl|NC_000913.3_prot_NP_416495.1_1973
ecoli:lcl|NC_000913.3_prot_NP_416496.1_1974	ecoli:lcl|NC_000913.3_prot_NP_416496.1_1974
ecoli:lcl|NC_000913.3_prot_NP_416497.1_1975	ecoli:lcl|NC_000913.3_prot_NP_416497.1_1975
ecoli:lcl|NC_000913.3_prot_b4582_1977	ecoli:lcl|NC_000913.3_prot_b4582_1977
ecoli:lcl|NC_000913.3_prot_YP_026164.1_1980	ecoli:lcl|NC_000913.3_prot_YP_026164.1_1980
ecoli:lcl|NC_000913.3_prot_NP_416505.2_1981	ecoli:lcl|NC_000913.3_prot_NP_416505.2_1981
ecoli:lcl|NC_000913.3_prot_YP_009518797.1_1986	ecoli:lcl|NC_000913.3_prot_YP_009518797.1_1986
ecoli:lcl|NC_000913.3_prot_YP_009518798.1_1987	ecoli:lcl|NC_000913.3_prot_YP_009518798.1_1987
ecoli:lcl|NC_000913.3_prot_NP_416511.4_1988	ecoli:lcl|NC_000913.3_prot_NP_416511.4_1988
ecoli:lcl|NC_000913.3_prot_YP_010283912.1_1989	ecoli:lcl|NC_000913.3_prot_YP_010283912.1_1989
ecoli:lcl|NC_000913.3_prot_NP_416512.1_1990	ecoli:lcl|NC_000913.3_prot_NP_416512.1_1990
ecoli:lcl|NC_000913.3_prot_NP_416513.1_1991	ecoli:lcl|NC_000913.3_prot_NP_416513.1_1991
ecoli:lcl|NC_000913.3_prot_NP_416514.4_1992	ecoli:lcl|NC_000913.3_prot_NP_416514.4_1992
ecoli:lcl|NC_000913.3_prot_NP_416515.1_1993	ecoli:lcl|NC_000913.3_prot_NP_416515.1_1993
ecoli:lcl|NC_000913.3_prot_NP_416516.1_1994	ecoli:lcl|NC_000913.3_prot_NP_416516.1_1994
ecoli:lcl|NC_000913.3_prot_NP_416517.1_1995	ecoli:lcl|NC_000913.3_prot_NP_416517.1_1995
ecoli:lcl|NC_000913.3_prot_NP_416518.2_1996	ecoli:lcl|NC_000913.3_prot_NP_416518.2_1996
ecoli:lcl|NC_000913.3_prot_NP_416518.2_1996	ecoli:lcl|NC_000913.3_prot_NP_415812.4_1280
ecoli:lcl|NC_000913.3_prot_YP_002791246.1_1997	ecoli:lcl|NC_000913.3_prot_YP_002791246.1_1997
ecoli:lcl|NC_000913.3_prot_NP_416520.1_1999	ecoli:lcl|NC_000913.3_prot_NP_416520.1_1999
ecoli:lcl|NC_000913.3_prot_YP_588458.1_2000	ecoli:lcl|NC_000913.3_prot_YP_588458.1_2000
ecoli:lcl|NC_000913.3_prot_NP_416521.2_2001	ecoli:lcl|NC_000913.3_prot_NP_416521.2_2001
ecoli:lcl|NC_000913.3_prot_NP_416522.1_2002	ecoli:lcl|NC_000913.3_prot_NP_416522.1_2002
ecoli:lcl|NC_000913.3_prot_NP_416523.1_2003	ecoli:lcl|NC_000913.3_prot_NP_416523.1_2003
ecoli:lcl|NC_000913.3_prot_NP_416524.1_2004	ecoli:lcl|NC_000913.3_prot_NP_416524.1_2004
ecoli:lcl|NC_000913.3_prot_NP_416525.1_2005	ecoli:lcl|NC_000913.3_prot_NP_416525.1_2005
ecoli:lcl|NC_000913.3_prot_NP_416526.4_2006	ecoli:lcl|NC_000913.3_prot_NP_416526.4_2006
ecoli:lcl|NC_000913.3_prot_NP_416527.1_2007	ecoli:lcl|NC_000913.3_prot_NP_416527.1_2007
ecoli:lcl|NC_000913.3_prot_NP_416528.2_2008	ecoli:lcl|NC_000913.3_prot_NP_416528.2_2008
ecoli:lcl|NC_000913.3_prot_NP_416529.1_2009	ecoli:lcl|NC_000913.3_prot_NP_416529.1_2009
ecoli:lcl|NC_000913.3_prot_NP_416530.1_2010	ecoli:lcl|NC_000913.3_prot_NP_416530.1_2010
ecoli:lcl|NC_000913.3_prot_NP_416531.4_2011	ecoli:lcl|NC_000913.3_prot_NP_416531.4_2011
ecoli:lcl|NC_000913.3_prot_NP_416532.1_2012	ecoli:lcl|NC_000913.3_prot_NP_416532.1_2012
ecoli:lcl|NC_000913.3_prot_NP_416533.1_2013	ecoli:lcl|NC_000913.3_prot_NP_416533.1_2013
ecoli:lcl|NC_000913.3_prot_b4571_2014	ecoli:lcl|NC_000913.3_prot_b4571_2014
ecoli:lcl|NC_000913.3_prot_NP_416536.1_2016	ecoli:lcl|NC_000913.3_prot_NP_416536.1_2016
ecoli:lcl|NC_000913.3_prot_NP_416537.1_2017	ecoli:lcl|NC_000913.3_prot_NP_416537.1_2017
ecoli:lcl|NC_000913.3_prot_NP_416538.1_2018	ecoli:lcl|NC_000913.3_prot_NP_416538.1_2018
ecoli:lcl|NC_000913.3_prot_NP_416539.1_2019	ecoli:lcl|NC_000913.3_prot_NP_416539.1_2019
ecoli:lcl|NC_000913.3_prot_NP_416540.1_2020	ecoli:lcl|NC_000913.3_prot_NP_416540.1_2020
ecoli:lcl|NC_000913.3_prot_NP_416541.1_2021	ecoli:lcl|NC_000913.3_prot_NP_416541.1_2021
ecoli:lcl|NC_000913.3_prot_NP_416542.1_2022	ecoli:lcl|NC_000913.3_prot_NP_416542.1_2022
ecoli:lcl|NC_000913.3_prot_NP_416544.1_2024	ecoli:lcl|NC_000913.3_prot_NP_416544.1_2024
ecoli:lcl|NC_000913.3_prot_NP_416546.1_2026	ecoli:lcl|NC_000913.3_prot_NP_416546.1_2026
ecoli:lcl|NC_000913.3_prot_NP_416546.1_2026	ecoli:lcl|NC_000913.3_prot_NP_415752.1_1213
ecoli:lcl|NC_000913.3_prot_NP_416547.1_2027	ecoli:lcl|NC_000913.3_prot_NP_416547.1_2027
ecoli:lcl|NC_000913.3_prot_NP_416548.1_2028	ecoli:lcl|NC_000913.3_prot_NP_416548.1_2028
ecoli:lcl|NC_000913.3_prot_NP_416549.1_2029	ecoli:lcl|NC_000913.3_prot_NP_416549.1_2029
ecoli:lcl|NC_000913.3_prot_NP_416550.1_2030	ecoli:lcl|NC_000913.3_prot_NP_416550.1_2030
ecoli:lcl|NC_000913.3_prot_NP_416551.1_2031	ecoli:lcl|NC_000913.3_prot_NP_416551.1_2031
ecoli:lcl|NC_000913.3_prot_NP_416552.1_2032	ecoli:lcl|NC_000913.3_prot_NP_416552.1_2032
ecoli:lcl|NC_000913.3_prot_NP_416553.1_2033	ecoli:lcl|NC_000913.3_prot_NP_416553.1_2033
ecoli:lcl|NC_000913.3_prot_NP_416554.1_2034	ecoli:lcl|NC_000913.3_prot_NP_416554.1_2034
ecoli:lcl|NC_000913.3_prot_NP_416555.2_2035	ecoli:lcl|NC_000913.3_prot_NP_416555.2_2035
ecoli:lcl|NC_000913.3_prot_NP_416556.1_2036	ecoli:lcl|NC_000913.3_prot_NP_416556.1_2036
ecoli:lcl|NC_000913.3_prot_NP_416557.1_2037	ecoli:lcl|NC_000913.3_prot_NP_416557.1_2037
ecoli:lcl|NC_000913.3_prot_NP_416558.1_2038	ecoli:lcl|NC_000913.3_prot_NP_416558.1_2038
ecoli:lcl|NC_000913.3_prot_NP_416559.1_2039	ecoli:lcl|NC_000913.3_prot_NP_416559.1_2039
ecoli:lcl|NC_000913.3_prot_NP_416560.1_2040	ecoli:lcl|NC_000913.3_prot_NP_416560.1_2040
ecoli:lcl|NC_000913.3_prot_NP_416561.1_2041	ecoli:lcl|NC_000913.3_prot_NP_416561.1_2041
ecoli:lcl|NC_000913.3_prot_NP_416562.1_2042	ecoli:lcl|NC_000913.3_prot_NP_416562.1_2042
ecoli:lcl|NC_000913.3_prot_NP_416563.1_2043	ecoli:lcl|NC_000913.3_prot_NP_416563.1_2043
ecoli:lcl|NC_000913.3_prot_NP_416564.4_2044	ecoli:lcl|NC_000913.3_prot_NP_416564.4_2044
ecoli:lcl|NC_000913.3_prot_NP_416565.1_2045	ecoli:lcl|NC_000913.3_prot_NP_416565.1_2045
ecoli:lcl|NC_000913.3_prot_NP_416565.1_2045	ecoli:lcl|NC_000913.3_prot_NP_415502.4_958
ecoli:lcl|NC_000913.3_prot_NP_416566.1_2046	ecoli:lcl|NC_000913.3_prot_NP_416566.1_2046
ecoli:lcl|NC_000913.3_prot_NP_416566.1_2046	ecoli:lcl|NC_000913.3_prot_NP_415503.1_959
ecoli:lcl|NC_000913.3_prot_NP_416567.4_2047	ecoli:lcl|NC_000913.3_prot_NP_416567.4_2047
ecoli:lcl|NC_000913.3_prot_NP_416567.4_2047	ecoli:lcl|NC_000913.3_prot_NP_416330.1_1810
ecoli:lcl|NC_000913.3_prot_NP_416568.1_2048	ecoli:lcl|NC_000913.3_prot_NP_416568.1_2048
ecoli:lcl|NC_000913.3_prot_NP_416569.1_2049	ecoli:lcl|NC_000913.3_prot_NP_416569.1_2049
ecoli:lcl|NC_000913.3_prot_NP_416570.2_2050	ecoli:lcl|NC_000913.3_prot_NP_416570.2_2050
ecoli:lcl|NC_000913.3_prot_NP_416571.1_2051	ecoli:lcl|NC_000913.3_prot_NP_416571.1_2051
ecoli:lcl|NC_000913.3_prot_NP_416572.1_2052	ecoli:lcl|NC_000913.3_prot_NP_416572.1_2052
ecoli:lcl|NC_000913.3_prot_NP_416573.4_2053	ecoli:lcl|NC_000913.3_prot_NP_416573.4_2053
ecoli:lcl|NC_000913.3_prot_NP_416574.1_2054	ecoli:lcl|NC_000913.3_prot_NP_416574.1_2054
ecoli:lcl|NC_000913.3_prot_NP_416575.1_2055	ecoli:lcl|NC_000913.3_prot_NP_416575.1_2055
ecoli:lcl|NC_000913.3_prot_NP_416576.1_2056	ecoli:lcl|NC_000913.3_prot_NP_416576.1_2056
ecoli:lcl|NC_000913.3_prot_NP_416577.1_2057	ecoli:lcl|NC_000913.3_prot_NP_416577.1_2057
ecoli:lcl|NC_000913.3_prot_YP_002791247.1_2058	ecoli:lcl|NC_000913.3_prot_YP_002791247.1_2058
ecoli:lcl|NC_000913.3_prot_YP_002791248.1_2059	ecoli:lcl|NC_000913.3_prot_YP_002791248.1_2059
ecoli:lcl|NC_000913.3_prot_NP_416578.2_2060	ecoli:lcl|NC_000913.3_prot_NP_416578.2_2060
ecoli:lcl|NC_000913.3_prot_NP_416580.1_2062	ecoli:lcl|NC_000913.3_prot_NP_416580.1_2062
ecoli:lcl|NC_000913.3_prot_NP_416580.1_2062	ecoli:lcl|NC_000913.3_prot_NP_416579.1_2061
ecoli:lcl|NC_000913.3_prot_NP_416582.1_2064	ecoli:lcl|NC_000913.3_prot_NP_416582.1_2064
ecoli:lcl|NC_000913.3_prot_NP_416583.1_2065	ecoli:lcl|NC_000913.3_prot_NP_416583.1_2065
ecoli:lcl|NC_000913.3_prot_NP_416584.4_2066	ecoli:lcl|NC_000913.3_prot_NP_416584.4_2066
ecoli:lcl|NC_000913.3_prot_NP_416585.1_2067	ecoli:lcl|NC_000913.3_prot_NP_416585.1_2067
ecoli:lcl|NC_000913.3_prot_NP_416586.1_2068	ecoli:lcl|NC_000913.3_prot_NP_416586.1_2068
ecoli:lcl|NC_000913.3_prot_NP_416589.2_2069	ecoli:lcl|NC_000913.3_prot_NP_416589.2_2069
ecoli:lcl|NC_000913.3_prot_NP_416590.1_2070	ecoli:lcl|NC_000913.3_prot_NP_416590.1_2070
ecoli:lcl|NC_000913.3_prot_b4498_2071	ecoli:lcl|NC_000913.3_prot_b4498_2071
ecoli:lcl|NC_000913.3_prot_NP_416594.1_2074	ecoli:lcl|NC_000913.3_prot_NP_416594.1_2074
ecoli:lcl|NC_000913.3_prot_NP_416596.1_2075	ecoli:lcl|NC_000913.3_prot_NP_416596.1_2075
ecoli:lcl|NC_000913.3_prot_NP_416597.1_2076	ecoli:lcl|NC_000913.3_prot_NP_416597.1_2076
ecoli:lcl|NC_000913.3_prot_NP_416600.4_2079	ecoli:lcl|NC_000913.3_prot_NP_416600.4_2079
ecoli:lcl|NC_000913.3_prot_NP_416601.1_2080	ecoli:lcl|NC_000913.3_prot_NP_416601.1_2080
ecoli:lcl|NC_000913.3_prot_NP_416602.1_2081	ecoli:lcl|NC_000913.3_prot_NP_416602.1_2081
ecoli:lcl|NC_000913.3_prot_NP_416603.1_2082	ecoli:lcl|NC_000913.3_prot_NP_416603.1_2082
ecoli:lcl|NC_000913.3_prot_NP_416604.1_2083	ecoli:lcl|NC_000913.3_prot_NP_416604.1_2083
ecoli:lcl|NC_000913.3_prot_NP_416605.2_2084	ecoli:lcl|NC_000913.3_prot_NP_416605.2_2084
ecoli:lcl|NC_000913.3_prot_NP_416606.1_2085	ecoli:lcl|NC_000913.3_prot_NP_416606.1_2085
ecoli:lcl|NC_000913.3_prot_NP_416607.1_2086	ecoli:lcl|NC_000913.3_prot_NP_416607.1_2086
ecoli:lcl|NC_000913.3_prot_NP_416608.1_2087	ecoli:lcl|NC_000913.3_prot_NP_416608.1_2087
ecoli:lcl|NC_000913.3_prot_NP_416609.1_2088	ecoli:lcl|NC_000913.3_prot_NP_416609.1_2088
ecoli:lcl|NC_000913.3_prot_NP_416610.4_2089	ecoli:lcl|NC_000913.3_prot_NP_416610.4_2089
ecoli:lcl|NC_000913.3_prot_NP_416611.1_2090	ecoli:lcl|NC_000913.3_prot_NP_416611.1_2090
ecoli:lcl|NC_000913.3_prot_NP_416612.1_2091	ecoli:lcl|NC_000913.3_prot_NP_416612.1_2091
ecoli:lcl|NC_000913.3_prot_NP_416613.1_2092	ecoli:lcl|NC_000913.3_prot_NP_416613.1_2092
ecoli:lcl|NC_000913.3_prot_NP_416614.1_2093	ecoli:lcl|NC_000913.3_prot_NP_416614.1_2093
ecoli:lcl|NC_000913.3_prot_NP_416615.1_2094	ecoli:lcl|NC_000913.3_prot_NP_416615.1_2094
ecoli:lcl|NC_000913.3_prot_NP_416616.4_2095	ecoli:lcl|NC_000913.3_prot_NP_416616.4_2095
ecoli:lcl|NC_000913.3_prot_NP_416617.1_2096	ecoli:lcl|NC_000913.3_prot_NP_416617.1_2096
ecoli:lcl|NC_000913.3_prot_YP_009518799.1_2097	ecoli:lcl|NC_000913.3_prot_YP_009518799.1_2097
ecoli:lcl|NC_000913.3_prot_NP_416621.1_2098	ecoli:lcl|NC_000913.3_prot_NP_416621.1_2098
ecoli:lcl|NC_000913.3_prot_YP_588459.1_2099	ecoli:lcl|NC_000913.3_prot_YP_588459.1_2099
ecoli:lcl|NC_000913.3_prot_NP_416623.2_2100	ecoli:lcl|NC_000913.3_prot_NP_416623.2_2100
ecoli:lcl|NC_000913.3_prot_NP_416624.1_2101	ecoli:lcl|NC_000913.3_prot_NP_416624.1_2101
ecoli:lcl|NC_000913.3_prot_NP_416625.1_2102	ecoli:lcl|NC_000913.3_prot_NP_416625.1_2102
ecoli:lcl|NC_000913.3_prot_YP_009518800.1_2103	ecoli:lcl|NC_000913.3_prot_YP_009518800.1_2103
ecoli:lcl|NC_000913.3_prot_NP_416627.2_2104	ecoli:lcl|NC_000913.3_prot_NP_416627.2_2104
ecoli:lcl|NC_000913.3_prot_NP_416628.1_2105	ecoli:lcl|NC_000913.3_prot_NP_416628.1_2105
ecoli:lcl|NC_000913.3_prot_NP_416629.4_2106	ecoli:lcl|NC_000913.3_prot_NP_416629.4_2106
ecoli:lcl|NC_000913.3_prot_NP_416630.1_2107	ecoli:lcl|NC_000913.3_prot_NP_416630.1_2107
ecoli:lcl|NC_000913.3_prot_NP_416631.1_2108	ecoli:lcl|NC_000913.3_prot_NP_416631.1_2108
ecoli:lcl|NC_000913.3_prot_NP_416631.1_2108	ecoli:lcl|NC_000913.3_prot_NP_415680.1_1136
ecoli:lcl|NC_000913.3_prot_YP_588460.1_2109	ecoli:lcl|NC_000913.3_prot_YP_588460.1_2109
ecoli:lcl|NC_000913.3_prot_NP_416632.1_2110	ecoli:lcl|NC_000913.3_prot_NP_416632.1_2110
ecoli:lcl|NC_000913.3_prot_NP_416633.1_2111	ecoli:lcl|NC_000913.3_prot_NP_416633.1_2111
ecoli:lcl|NC_000913.3_prot_NP_416634.1_2112	ecoli:lcl|NC_000913.3_prot_NP_416634.1_2112
ecoli:lcl|NC_000913.3_prot_NP_416635.1_2113	ecoli:lcl|NC_000913.3_prot_NP_416635.1_2113
ecoli:lcl|NC_000913.3_prot_NP_416636.1_2114	ecoli:lcl|NC_000913.3_prot_NP_416636.1_2114
ecoli:lcl|NC_000913.3_prot_NP_416637.1_2115	ecoli:lcl|NC_000913.3_prot_NP_416637.1_2115
ecoli:lcl|NC_000913.3_prot_NP_416638.4_2116	ecoli:lcl|NC_000913.3_prot_NP_416638.4_2116
ecoli:lcl|NC_000913.3_prot_NP_416639.2_2117	ecoli:lcl|NC_000913.3_prot_NP_416639.2_2117
ecoli:lcl|NC_000913.3_prot_NP_416640.2_2118	ecoli:lcl|NC_000913.3_prot_NP_416640.2_2118
ecoli:lcl|NC_000913.3_prot_NP_416641.1_2119	ecoli:lcl|NC_000913.3_prot_NP_416641.1_2119
ecoli:lcl|NC_000913.3_prot_YP_002791249.1_2120	ecoli:lcl|NC_000913.3_prot_YP_002791249.1_2120
ecoli:lcl|NC_000913.3_prot_NP_416645.1_2121	ecoli:lcl|NC_000913.3_prot_NP_416645.1_2121
ecoli:lcl|NC_000913.3_prot_NP_416646.1_2122	ecoli:lcl|NC_000913.3_prot_NP_416646.1_2122
ecoli:lcl|NC_000913.3_prot_NP_416647.1_2123	ecoli:lcl|NC_000913.3_prot_NP_416647.1_2123
ecoli:lcl|NC_000913.3_prot_NP_416648.1_2124	ecoli:lcl|NC_000913.3_prot_NP_416648.1_2124
ecoli:lcl|NC_000913.3_prot_NP_416649.1_2125	ecoli:lcl|NC_000913.3_prot_NP_416649.1_2125
ecoli:lcl|NC_000913.3_prot_NP_416650.1_2126	ecoli:lcl|NC_000913.3_prot_NP_416650.1_2126
ecoli:lcl|NC_000913.3_prot_NP_416651.1_2127	ecoli:lcl|NC_000913.3_prot_NP_416651.1_2127
ecoli:lcl|NC_000913.3_prot_NP_416652.4_2128	ecoli:lcl|NC_000913.3_prot_NP_416652.4_2128
ecoli:lcl|NC_000913.3_prot_NP_416653.1_2129	ecoli:lcl|NC_000913.3_prot_NP_416653.1_2129
ecoli:lcl|NC_000913.3_prot_NP_416655.1_2131	ecoli:lcl|NC_000913.3_prot_NP_416655.1_2131
ecoli:lcl|NC_000913.3_prot_NP_416657.1_2133	ecoli:lcl|NC_000913.3_prot_NP_416657.1_2133
ecoli:lcl|NC_000913.3_prot_NP_416658.1_2134	ecoli:lcl|NC_000913.3_prot_NP_416658.1_2134
ecoli:lcl|NC_000913.3_prot_NP_416659.1_2135	ecoli:lcl|NC_000913.3_prot_NP_416659.1_2135
ecoli:lcl|NC_000913.3_prot_NP_416659.1_2135	ecoli:lcl|NC_000913.3_prot_NP_414889.1_349
ecoli:lcl|NC_000913.3_prot_NP_416660.1_2136	ecoli:lcl|NC_000913.3_prot_NP_416660.1_2136
ecoli:lcl|NC_000913.3_prot_NP_416662.1_2138	ecoli:lcl|NC_000913.3_prot_NP_416662.1_2138
ecoli:lcl|NC_000913.3_prot_NP_416663.1_2139	ecoli:lcl|NC_000913.3_prot_NP_416663.1_2139
ecoli:lcl|NC_000913.3_prot_NP_416664.1_2140	ecoli:lcl|NC_000913.3_prot_NP_416664.1_2140
ecoli:lcl|NC_000913.3_prot_NP_416665.1_2141	ecoli:lcl|NC_000913.3_prot_NP_416665.1_2141
ecoli:lcl|NC_000913.3_prot_NP_416667.1_2143	ecoli:lcl|NC_000913.3_prot_NP_416667.1_2143
ecoli:lcl|NC_000913.3_prot_NP_416667.1_2143	ecoli:lcl|NC_000913.3_prot_NP_415184.1_642
ecoli:lcl|NC_000913.3_prot_NP_416668.3_2144	ecoli:lcl|NC_000913.3_prot_NP_416668.3_2144
ecoli:lcl|NC_000913.3_prot_NP_416669.1_2145	ecoli:lcl|NC_000913.3_prot_NP_416669.1_2145
ecoli:lcl|NC_000913.3_prot_NP_416669.1_2145	ecoli:lcl|NC_000913.3_prot_NP_416666.1_2142
ecoli:lcl|NC_000913.3_prot_NP_416670.1_2146	ecoli:lcl|NC_000913.3_prot_NP_416670.1_2146
ecoli:lcl|NC_000913.3_prot_NP_416671.1_2147	ecoli:lcl|NC_000913.3_prot_NP_416671.1_2147
ecoli:lcl|NC_000913.3_prot_NP_416672.1_2148	ecoli:lcl|NC_000913.3_prot_NP_416672.1_2148
ecoli:lcl|NC_000913.3_prot_NP_416673.1_2149	ecoli:lcl|NC_000913.3_prot_NP_416673.1_2149
ecoli:lcl|NC_000913.3_prot_NP_416674.1_2150	ecoli:lcl|NC_000913.3_prot_NP_416674.1_2150
ecoli:lcl|NC_000913.3_prot_YP_588461.1_2152	ecoli:lcl|NC_000913.3_prot_YP_588461.1_2152
ecoli:lcl|NC_000913.3_prot_NP_416676.4_2153	ecoli:lcl|NC_000913.3_prot_NP_416676.4_2153
ecoli:lcl|NC_000913.3_prot_NP_416677.1_2154	ecoli:lcl|NC_000913.3_prot_NP_416677.1_2154
ecoli:lcl|NC_000913.3_prot_NP_416678.1_2155	ecoli:lcl|NC_000913.3_prot_NP_416678.1_2155
ecoli:lcl|NC_000913.3_prot_NP_416679.4_2156	ecoli:lcl|NC_000913.3_prot_NP_416679.4_2156
ecoli:lcl|NC_000913.3_prot_NP_416680.1_2157	ecoli:lcl|NC_000913.3_prot_NP_416680.1_2157
ecoli:lcl|NC_000913.3_prot_NP_416681.1_2158	ecoli:lcl|NC_000913.3_prot_NP_416681.1_2158
ecoli:lcl|NC_000913.3_prot_NP_416682.4_2159	ecoli:lcl|NC_000913.3_prot_NP_416682.4_2159
ecoli:lcl|NC_000913.3_prot_NP_416683.1_2160	ecoli:lcl|NC_000913.3_prot_NP_416683.1_2160
ecoli:lcl|NC_000913.3_prot_NP_416684.1_2161	ecoli:lcl|NC_000913.3_prot_NP_416684.1_2161
ecoli:lcl|NC_000913.3_prot_NP_416685.1_2162	ecoli:lcl|NC_000913.3_prot_NP_416685.1_2162
ecoli:lcl|NC_000913.3_prot_NP_416686.1_2163	ecoli:lcl|NC_000913.3_prot_NP_416686.1_2163
ecoli:lcl|NC_000913.3_prot_NP_416687.1_2164	ecoli:lcl|NC_000913.3_prot_NP_416687.1_2164
ecoli:lcl|NC_000913.3_prot_NP_416688.1_2165	ecoli:lcl|NC_000913.3_prot_NP_416688.1_2165
ecoli:lcl|NC_000913.3_prot_NP_416689.1_2166	ecoli:lcl|NC_000913.3_prot_NP_416689.1_2166
ecoli:lcl|NC_000913.3_prot_NP_416690.1_2167	ecoli:lcl|NC_000913.3_prot_NP_416690.1_2167
ecoli:lcl|NC_000913.3_prot_NP_416691.1_2168	ecoli:lcl|NC_000913.3_prot_NP_416691.1_2168
ecoli:lcl|NC_000913.3_prot_NP_416692.1_2169	ecoli:lcl|NC_000913.3_prot_NP_416692.1_2169
ecoli:lcl|NC_000913.3_prot_NP_416693.1_2170	ecoli:lcl|NC_000913.3_prot_NP_416693.1_2170
ecoli:lcl|NC_000913.3_prot_b2190_2171	ecoli:lcl|NC_000913.3_prot_b2190_2171
ecoli:lcl|NC_000913.3_prot_NP_416697.1_2173	ecoli:lcl|NC_000913.3_prot_NP_416697.1_2173
ecoli:lcl|NC_000913.3_prot_NP_416698.1_2174	ecoli:lcl|NC_000913.3_prot_NP_416698.1_2174
ecoli:lcl|NC_000913.3_prot_NP_416699.1_2175	ecoli:lcl|NC_000913.3_prot_NP_416699.1_2175
ecoli:lcl|NC_000913.3_prot_NP_416700.1_2176	ecoli:lcl|NC_000913.3_prot_NP_416700.1_2176
ecoli:lcl|NC_000913.3_prot_NP_416701.1_2177	ecoli:lcl|NC_000913.3_prot_NP_416701.1_2177
ecoli:lcl|NC_000913.3_prot_NP_416702.1_2178	ecoli:lcl|NC_000913.3_prot_NP_416702.1_2178
ecoli:lcl|NC_000913.3_prot_NP_416703.1_2179	ecoli:lcl|NC_000913.3_prot_NP_416703.1_2179
ecoli:lcl|NC_000913.3_prot_NP_416704.1_2180	ecoli:lcl|NC_000913.3_prot_NP_416704.1_2180
ecoli:lcl|NC_000913.3_prot_NP_416705.2_2181	ecoli:lcl|NC_000913.3_prot_NP_416705.2_2181
ecoli:lcl|NC_000913.3_prot_NP_416706.1_2182	ecoli:lcl|NC_000913.3_prot_NP_416706.1_2182
ecoli:lcl|NC_000913.3_prot_NP_416707.4_2183	ecoli:lcl|NC_000913.3_prot_NP_416707.4_2183
ecoli:lcl|NC_000913.3_prot_NP_416708.1_2184	ecoli:lcl|NC_000913.3_prot_NP_416708.1_2184
ecoli:lcl|NC_000913.3_prot_NP_416709.1_2185	ecoli:lcl|NC_000913.3_prot_NP_416709.1_2185
ecoli:lcl|NC_000913.3_prot_NP_416710.1_2186	ecoli:lcl|NC_000913.3_prot_NP_416710.1_2186
ecoli:lcl|NC_000913.3_prot_NP_416711.1_2187	ecoli:lcl|NC_000913.3_prot_NP_416711.1_2187
ecoli:lcl|NC_000913.3_prot_NP_416712.1_2188	ecoli:lcl|NC_000913.3_prot_NP_416712.1_2188
ecoli:lcl|NC_000913.3_prot_YP_009518801.1_2189	ecoli:lcl|NC_000913.3_prot_YP_009518801.1_2189
ecoli:lcl|NC_000913.3_prot_NP_416713.1_2190	ecoli:lcl|NC_000913.3_prot_NP_416713.1_2190
ecoli:lcl|NC_000913.3_prot_NP_416714.1_2191	ecoli:lcl|NC_000913.3_prot_NP_416714.1_2191
ecoli:lcl|NC_000913.3_prot_NP_416715.1_2192	ecoli:lcl|NC_000913.3_prot_NP_416715.1_2192
ecoli:lcl|NC_000913.3_prot_NP_416716.1_2193	ecoli:lcl|NC_000913.3_prot_NP_416716.1_2193
ecoli:lcl|NC_000913.3_prot_NP_416717.1_2194	ecoli:lcl|NC_000913.3_prot_NP_416717.1_2194
ecoli:lcl|NC_000913.3_prot_NP_416718.1_2195	ecoli:lcl|NC_000913.3_prot_NP_416718.1_2195
ecoli:lcl|NC_000913.3_prot_NP_416720.1_2197	ecoli:lcl|NC_000913.3_prot_NP_416720.1_2197
ecoli:lcl|NC_000913.3_prot_NP_416721.1_2198	ecoli:lcl|NC_000913.3_prot_NP_416721.1_2198
ecoli:lcl|NC_000913.3_prot_NP_416722.2_2199	ecoli:lcl|NC_000913.3_prot_NP_416722.2_2199
ecoli:lcl|NC_000913.3_prot_NP_416723.1_2200	ecoli:lcl|NC_000913.3_prot_NP_416723.1_2200
ecoli:lcl|NC_000913.3_prot_NP_416724.1_2201	ecoli:lcl|NC_000913.3_prot_NP_416724.1_2201
ecoli:lcl|NC_000913.3_prot_NP_416725.1_2202	ecoli:lcl|NC_000913.3_prot_NP_416725.1_2202
ecoli:lcl|NC_000913.3_prot_NP_416726.1_2203	ecoli:lcl|NC_000913.3_prot_NP_416726.1_2203
ecoli:lcl|NC_000913.3_prot_NP_416727.1_2204	ecoli:lcl|NC_000913.3_prot_NP_416727.1_2204
ecoli:lcl|NC_000913.3_prot_NP_416729.1_2206	ecoli:lcl|NC_000913.3_prot_NP_416729.1_2206
ecoli:lcl|NC_000913.3_prot_NP_416730.1_2207	ecoli:lcl|NC_000913.3_prot_NP_416730.1_2207
ecoli:lcl|NC_000913.3_prot_NP_416732.4_2208	ecoli:lcl|NC_000913.3_prot_NP_416732.4_2208
ecoli:lcl|NC_000913.3_prot_NP_416733.4_2209	ecoli:lcl|NC_000913.3_prot_NP_416733.4_2209
ecoli:lcl|NC_000913.3_prot_NP_416735.1_2211	ecoli:lcl|NC_000913.3_prot_NP_416735.1_2211
ecoli:lcl|NC_000913.3_prot_NP_416736.1_2212	ecoli:lcl|NC_000913.3_prot_NP_416736.1_2212
ecoli:lcl|NC_000913.3_prot_YP_009518802.1_2213	ecoli:lcl|NC_000913.3_prot_YP_009518802.1_2213
ecoli:lcl|NC_000913.3_prot_NP_416737.1_2214	ecoli:lcl|NC_000913.3_prot_NP_416737.1_2214
ecoli:lcl|NC_000913.3_prot_YP_010051189.1_2215	ecoli:lcl|NC_000913.3_prot_YP_010051189.1_2215
ecoli:lcl|NC_000913.3_prot_NP_416738.1_2216	ecoli:lcl|NC_000913.3_prot_NP_416738.1_2216
ecoli:lcl|NC_000913.3_prot_NP_416739.1_2217	ecoli:lcl|NC_000913.3_prot_NP_416739.1_2217
ecoli:lcl|NC_000913.3_prot_NP_416740.1_2218	ecoli:lcl|NC_000913.3_prot_NP_416740.1_2218
ecoli:lcl|NC_000913.3_prot_NP_416742.1_2219	ecoli:lcl|NC_000913.3_prot_NP_416742.1_2219
ecoli:lcl|NC_000913.3_prot_NP_416743.1_2220	ecoli:lcl|NC_000913.3_prot_NP_416743.1_2220
ecoli:lcl|NC_000913.3_prot_NP_416744.1_2221	ecoli:lcl|NC_000913.3_prot_NP_416744.1_2221
ecoli:lcl|NC_000913.3_prot_NP_416745.1_2222	ecoli:lcl|NC_000913.3_prot_NP_416745.1_2222
ecoli:lcl|NC_000913.3_prot_NP_416746.1_2223	ecoli:lcl|NC_000913.3_prot_NP_416746.1_2223
ecoli:lcl|NC_000913.3_prot_NP_416747.1_2224	ecoli:lcl|NC_000913.3_prot_NP_416747.1_2224
ecoli:lcl|NC_000913.3_prot_NP_416747.1_2224	ecoli:lcl|NC_000913.3_prot_NP_414674.1_132
ecoli:lcl|NC_000913.3_prot_NP_416747.1_2224	ecoli:lcl|NC_000913.3_prot_NP_417870.1_3347
ecoli:lcl|NC_000913.3_prot_NP_416747.1_2224	ecoli:lcl|NC_000913.3_prot_NP_416808.1_2286
ecoli:lcl|NC_000913.3_prot_NP_416748.1_2225	ecoli:lcl|NC_000913.3_prot_NP_416748.1_2225
ecoli:lcl|NC_000913.3_prot_NP_416749.4_2226	ecoli:lcl|NC_000913.3_prot_NP_416749.4_2226
ecoli:lcl|NC_000913.3_prot_NP_416750.2_2227	ecoli:lcl|NC_000913.3_prot_NP_416750.2_2227
ecoli:lcl|NC_000913.3_prot_NP_416751.1_2228	ecoli:lcl|NC_000913.3_prot_NP_416751.1_2228
ecoli:lcl|NC_000913.3_prot_NP_416752.1_2229	ecoli:lcl|NC_000913.3_prot_NP_416752.1_2229
ecoli:lcl|NC_000913.3_prot_NP_416753.4_2230	ecoli:lcl|NC_000913.3_prot_NP_416753.4_2230
ecoli:lcl|NC_000913.3_prot_NP_416754.1_2231	ecoli:lcl|NC_000913.3_prot_NP_416754.1_2231
ecoli:lcl|NC_000913.3_prot_NP_416755.1_2232	ecoli:lcl|NC_000913.3_prot_NP_416755.1_2232
ecoli:lcl|NC_000913.3_prot_NP_416756.6_2233	ecoli:lcl|NC_000913.3_prot_NP_416756.6_2233
ecoli:lcl|NC_000913.3_prot_NP_416757.1_2234	ecoli:lcl|NC_000913.3_prot_NP_416757.1_2234
ecoli:lcl|NC_000913.3_prot_NP_416758.1_2235	ecoli:lcl|NC_000913.3_prot_NP_416758.1_2235
ecoli:lcl|NC_000913.3_prot_NP_416759.1_2236	ecoli:lcl|NC_000913.3_prot_NP_416759.1_2236
ecoli:lcl|NC_000913.3_prot_NP_416760.1_2237	ecoli:lcl|NC_000913.3_prot_NP_416760.1_2237
ecoli:lcl|NC_000913.3_prot_YP_588462.1_2238	ecoli:lcl|NC_000913.3_prot_YP_588462.1_2238
ecoli:lcl|NC_000913.3_prot_NP_416761.4_2239	ecoli:lcl|NC_000913.3_prot_NP_416761.4_2239
ecoli:lcl|NC_000913.3_prot_NP_416762.2_2240	ecoli:lcl|NC_000913.3_prot_NP_416762.2_2240
ecoli:lcl|NC_000913.3_prot_NP_416763.1_2241	ecoli:lcl|NC_000913.3_prot_NP_416763.1_2241
ecoli:lcl|NC_000913.3_prot_NP_416764.1_2242	ecoli:lcl|NC_000913.3_prot_NP_416764.1_2242
ecoli:lcl|NC_000913.3_prot_NP_416765.1_2243	ecoli:lcl|NC_000913.3_prot_NP_416765.1_2243
ecoli:lcl|NC_000913.3_prot_NP_416766.1_2244	ecoli:lcl|NC_000913.3_prot_NP_416766.1_2244
ecoli:lcl|NC_000913.3_prot_NP_416767.1_2245	ecoli:lcl|NC_000913.3_prot_NP_416767.1_2245
ecoli:lcl|NC_000913.3_prot_NP_416768.4_2246	ecoli:lcl|NC_000913.3_prot_NP_416768.4_2246
ecoli:lcl|NC_000913.3_prot_NP_416769.1_2247	ecoli:lcl|NC_000913.3_prot_NP_416769.1_2247
ecoli:lcl|NC_000913.3_prot_NP_416770.1_2248	ecoli:lcl|NC_000913.3_prot_NP_416770.1_2248
ecoli:lcl|NC_000913.3_prot_NP_416771.4_2249	ecoli:lcl|NC_000913.3_prot_NP_416771.4_2249
ecoli:lcl|NC_000913.3_prot_NP_416772.1_2250	ecoli:lcl|NC_000913.3_prot_NP_416772.1_2250
ecoli:lcl|NC_000913.3_prot_NP_416773.1_2251	ecoli:lcl|NC_000913.3_prot_NP_416773.1_2251
ecoli:lcl|NC_000913.3_prot_NP_416774.2_2252	ecoli:lcl|NC_000913.3_prot_NP_416774.2_2252
ecoli:lcl|NC_000913.3_prot_NP_416775.1_2253	ecoli:lcl|NC_000913.3_prot_NP_416775.1_2253
ecoli:lcl|NC_000913.3_prot_NP_416776.1_2254	ecoli:lcl|NC_000913.3_prot_NP_416776.1_2254
ecoli:lcl|NC_000913.3_prot_NP_416777.2_2255	ecoli:lcl|NC_000913.3_prot_NP_416777.2_2255
ecoli:lcl|NC_000913.3_prot_NP_416778.2_2256	ecoli:lcl|NC_000913.3_prot_NP_416778.2_2256
ecoli:lcl|NC_000913.3_prot_NP_416779.2_2257	ecoli:lcl|NC_000913.3_prot_NP_416779.2_2257
ecoli:lcl|NC_000913.3_prot_NP_416780.1_2258	ecoli:lcl|NC_000913.3_prot_NP_416780.1_2258
ecoli:lcl|NC_000913.3_prot_NP_416781.1_2259	ecoli:lcl|NC_000913.3_prot_NP_416781.1_2259
ecoli:lcl|NC_000913.3_prot_NP_416782.1_2260	ecoli:lcl|NC_000913.3_prot_NP_416782.1_2260
ecoli:lcl|NC_000913.3_prot_NP_416783.1_2261	ecoli:lcl|NC_000913.3_prot_NP_416783.1_2261
ecoli:lcl|NC_000913.3_prot_NP_416784.1_2262	ecoli:lcl|NC_000913.3_prot_NP_416784.1_2262
ecoli:lcl|NC_000913.3_prot_NP_416785.1_2263	ecoli:lcl|NC_000913.3_prot_NP_416785.1_2263
ecoli:lcl|NC_000913.3_prot_NP_416786.4_2264	ecoli:lcl|NC_000913.3_prot_NP_416786.4_2264
ecoli:lcl|NC_000913.3_prot_NP_416787.1_2265	ecoli:lcl|NC_000913.3_prot_NP_416787.1_2265
ecoli:lcl|NC_000913.3_prot_NP_416788.1_2266	ecoli:lcl|NC_000913.3_prot_NP_416788.1_2266
ecoli:lcl|NC_000913.3_prot_NP_416789.2_2267	ecoli:lcl|NC_000913.3_prot_NP_416789.2_2267
ecoli:lcl|NC_000913.3_prot_NP_416790.1_2268	ecoli:lcl|NC_000913.3_prot_NP_416790.1_2268
ecoli:lcl|NC_000913.3_prot_NP_416791.3_2269	ecoli:lcl|NC_000913.3_prot_NP_416791.3_2269
ecoli:lcl|NC_000913.3_prot_NP_416792.1_2270	ecoli:lcl|NC_000913.3_prot_NP_416792.1_2270
ecoli:lcl|NC_000913.3_prot_NP_416793.1_2271	ecoli:lcl|NC_000913.3_prot_NP_416793.1_2271
ecoli:lcl|NC_000913.3_prot_NP_416794.1_2272	ecoli:lcl|NC_000913.3_prot_NP_416794.1_2272
ecoli:lcl|NC_000913.3_prot_NP_416795.1_2273	ecoli:lcl|NC_000913.3_prot_NP_416795.1_2273
ecoli:lcl|NC_000913.3_prot_NP_416796.2_2274	ecoli:lcl|NC_000913.3_prot_NP_416796.2_2274
ecoli:lcl|NC_000913.3_prot_NP_416797.2_2275	ecoli:lcl|NC_000913.3_prot_NP_416797.2_2275
ecoli:lcl|NC_000913.3_prot_NP_416798.1_2276	ecoli:lcl|NC_000913.3_prot_NP_416798.1_2276
ecoli:lcl|NC_000913.3_prot_NP_416799.1_2277	ecoli:lcl|NC_000913.3_prot_NP_416799.1_2277
ecoli:lcl|NC_000913.3_prot_NP_416800.1_2278	ecoli:lcl|NC_000913.3_prot_NP_416800.1_2278
ecoli:lcl|NC_000913.3_prot_NP_416801.2_2279	ecoli:lcl|NC_000913.3_prot_NP_416801.2_2279
ecoli:lcl|NC_000913.3_prot_NP_416802.1_2280	ecoli:lcl|NC_000913.3_prot_NP_416802.1_2280
ecoli:lcl|NC_000913.3_prot_NP_416803.3_2281	ecoli:lcl|NC_000913.3_prot_NP_416803.3_2281
ecoli:lcl|NC_000913.3_prot_NP_416804.1_2282	ecoli:lcl|NC_000913.3_prot_NP_416804.1_2282
ecoli:lcl|NC_000913.3_prot_NP_416805.1_2283	ecoli:lcl|NC_000913.3_prot_NP_416805.1_2283
ecoli:lcl|NC_000913.3_prot_NP_416806.1_2284	ecoli:lcl|NC_000913.3_prot_NP_416806.1_2284
ecoli:lcl|NC_000913.3_prot_NP_416807.1_2285	ecoli:lcl|NC_000913.3_prot_NP_416807.1_2285
ecoli:lcl|NC_000913.3_prot_NP_416809.1_2287	ecoli:lcl|NC_000913.3_prot_NP_416809.1_2287
ecoli:lcl|NC_000913.3_prot_NP_416810.1_2288	ecoli:lcl|NC_000913.3_prot_NP_416810.1_2288
ecoli:lcl|NC_000913.3_prot_NP_416811.1_2289	ecoli:lcl|NC_000913.3_prot_NP_416811.1_2289
ecoli:lcl|NC_000913.3_prot_NP_416813.1_2291	ecoli:lcl|NC_000913.3_prot_NP_416813.1_2291
ecoli:lcl|NC_000913.3_prot_NP_416813.1_2291	ecoli:lcl|NC_000913.3_prot_NP_416812.1_2290
ecoli:lcl|NC_000913.3_prot_NP_416814.1_2292	ecoli:lcl|NC_000913.3_prot_NP_416814.1_2292
ecoli:lcl|NC_000913.3_prot_NP_416815.1_2293	ecoli:lcl|NC_000913.3_prot_NP_416815.1_2293
ecoli:lcl|NC_000913.3_prot_NP_416816.1_2294	ecoli:lcl|NC_000913.3_prot_NP_416816.1_2294
ecoli:lcl|NC_000913.3_prot_NP_416817.2_2295	ecoli:lcl|NC_000913.3_prot_NP_416817.2_2295
ecoli:lcl|NC_000913.3_prot_NP_416818.1_2296	ecoli:lcl|NC_000913.3_prot_NP_416818.1_2296
ecoli:lcl|NC_000913.3_prot_NP_416819.1_2297	ecoli:lcl|NC_000913.3_prot_NP_416819.1_2297
ecoli:lcl|NC_000913.3_prot_NP_416820.1_2298	ecoli:lcl|NC_000913.3_prot_NP_416820.1_2298
ecoli:lcl|NC_000913.3_prot_NP_416821.1_2299	ecoli:lcl|NC_000913.3_prot_NP_416821.1_2299
ecoli:lcl|NC_000913.3_prot_NP_416822.1_2300	ecoli:lcl|NC_000913.3_prot_NP_416822.1_2300
ecoli:lcl|NC_000913.3_prot_NP_416823.1_2301	ecoli:lcl|NC_000913.3_prot_NP_416823.1_2301
ecoli:lcl|NC_000913.3_prot_NP_416824.1_2302	ecoli:lcl|NC_000913.3_prot_NP_416824.1_2302
ecoli:lcl|NC_000913.3_prot_NP_416825.1_2303	ecoli:lcl|NC_000913.3_prot_NP_416825.1_2303
ecoli:lcl|NC_000913.3_prot_NP_416826.1_2304	ecoli:lcl|NC_000913.3_prot_NP_416826.1_2304
ecoli:lcl|NC_000913.3_prot_NP_416827.4_2305	ecoli:lcl|NC_000913.3_prot_NP_416827.4_2305
ecoli:lcl|NC_000913.3_prot_NP_416828.1_2306	ecoli:lcl|NC_000913.3_prot_NP_416828.1_2306
ecoli:lcl|NC_000913.3_prot_NP_416829.1_2307	ecoli:lcl|NC_000913.3_prot_NP_416829.1_2307
ecoli:lcl|NC_000913.3_prot_NP_416830.1_2308	ecoli:lcl|NC_000913.3_prot_NP_416830.1_2308
ecoli:lcl|NC_000913.3_prot_NP_416831.1_2309	ecoli:lcl|NC_000913.3_prot_NP_416831.1_2309
ecoli:lcl|NC_000913.3_prot_NP_416832.1_2310	ecoli:lcl|NC_000913.3_prot_NP_416832.1_2310
ecoli:lcl|NC_000913.3_prot_NP_416833.4_2311	ecoli:lcl|NC_000913.3_prot_NP_416833.4_2311
ecoli:lcl|NC_000913.3_prot_NP_416834.1_2312	ecoli:lcl|NC_000913.3_prot_NP_416834.1_2312
ecoli:lcl|NC_000913.3_prot_NP_416835.2_2313	ecoli:lcl|NC_000913.3_prot_NP_416835.2_2313
ecoli:lcl|NC_000913.3_prot_NP_416836.1_2314	ecoli:lcl|NC_000913.3_prot_NP_416836.1_2314
ecoli:lcl|NC_000913.3_prot_NP_416837.1_2315	ecoli:lcl|NC_000913.3_prot_NP_416837.1_2315
ecoli:lcl|NC_000913.3_prot_NP_416838.1_2316	ecoli:lcl|NC_000913.3_prot_NP_416838.1_2316
ecoli:lcl|NC_000913.3_prot_NP_416839.1_2317	ecoli:lcl|NC_000913.3_prot_NP_416839.1_2317
ecoli:lcl|NC_000913.3_prot_NP_416839.1_2317	ecoli:lcl|NC_000913.3_prot_NP_415245.1_696
ecoli:lcl|NC_000913.3_prot_NP_416841.1_2318	ecoli:lcl|NC_000913.3_prot_NP_416841.1_2318
ecoli:lcl|NC_000913.3_prot_NP_416842.1_2319	ecoli:lcl|NC_000913.3_prot_NP_416842.1_2319
ecoli:lcl|NC_000913.3_prot_NP_416843.1_2320	ecoli:lcl|NC_000913.3_prot_NP_416843.1_2320
ecoli:lcl|NC_000913.3_prot_NP_416844.1_2321	ecoli:lcl|NC_000913.3_prot_NP_416844.1_2321
ecoli:lcl|NC_000913.3_prot_NP_416845.2_2322	ecoli:lcl|NC_000913.3_prot_NP_416845.2_2322
ecoli:lcl|NC_000913.3_prot_NP_416846.2_2323	ecoli:lcl|NC_000913.3_prot_NP_416846.2_2323
ecoli:lcl|NC_000913.3_prot_NP_416847.1_2324	ecoli:lcl|NC_000913.3_prot_NP_416847.1_2324
ecoli:lcl|NC_000913.3_prot_NP_416848.1_2325	ecoli:lcl|NC_000913.3_prot_NP_416848.1_2325
ecoli:lcl|NC_000913.3_prot_NP_416849.1_2326	ecoli:lcl|NC_000913.3_prot_NP_416849.1_2326
ecoli:lcl|NC_000913.3_prot_NP_416850.1_2327	ecoli:lcl|NC_000913.3_prot_NP_416850.1_2327
ecoli:lcl|NC_000913.3_prot_NP_416851.1_2328	ecoli:lcl|NC_000913.3_prot_NP_416851.1_2328
ecoli:lcl|NC_000913.3_prot_NP_416852.1_2329	ecoli:lcl|NC_000913.3_prot_NP_416852.1_2329
ecoli:lcl|NC_000913.3_prot_NP_416853.1_2330	ecoli:lcl|NC_000913.3_prot_NP_416853.1_2330
ecoli:lcl|NC_000913.3_prot_YP_010051190.1_2331	ecoli:lcl|NC_000913.3_prot_YP_010051190.1_2331
ecoli:lcl|NC_000913.3_prot_NP_416855.1_2332	ecoli:lcl|NC_000913.3_prot_NP_416855.1_2332
ecoli:lcl|NC_000913.3_prot_YP_009518803.1_2333	ecoli:lcl|NC_000913.3_prot_YP_009518803.1_2333
ecoli:lcl|NC_000913.3_prot_NP_416858.1_2334	ecoli:lcl|NC_000913.3_prot_NP_416858.1_2334
ecoli:lcl|NC_000913.3_prot_YP_009518804.1_2335	ecoli:lcl|NC_000913.3_prot_YP_009518804.1_2335
ecoli:lcl|NC_000913.3_prot_NP_416860.4_2336	ecoli:lcl|NC_000913.3_prot_NP_416860.4_2336
ecoli:lcl|NC_000913.3_prot_NP_416861.1_2337	ecoli:lcl|NC_000913.3_prot_NP_416861.1_2337
ecoli:lcl|NC_000913.3_prot_NP_416862.2_2338	ecoli:lcl|NC_000913.3_prot_NP_416862.2_2338
ecoli:lcl|NC_000913.3_prot_NP_416863.1_2339	ecoli:lcl|NC_000913.3_prot_NP_416863.1_2339
ecoli:lcl|NC_000913.3_prot_NP_416864.1_2340	ecoli:lcl|NC_000913.3_prot_NP_416864.1_2340
ecoli:lcl|NC_000913.3_prot_YP_009518805.1_2341	ecoli:lcl|NC_000913.3_prot_YP_009518805.1_2341
ecoli:lcl|NC_000913.3_prot_YP_588463.1_2342	ecoli:lcl|NC_000913.3_prot_YP_588463.1_2342
ecoli:lcl|NC_000913.3_prot_NP_416865.1_2343	ecoli:lcl|NC_000913.3_prot_NP_416865.1_2343
ecoli:lcl|NC_000913.3_prot_NP_416866.1_2344	ecoli:lcl|NC_000913.3_prot_NP_416866.1_2344
ecoli:lcl|NC_000913.3_prot_NP_416867.1_2345	ecoli:lcl|NC_000913.3_prot_NP_416867.1_2345
ecoli:lcl|NC_000913.3_prot_NP_416869.1_2347	ecoli:lcl|NC_000913.3_prot_NP_416869.1_2347
ecoli:lcl|NC_000913.3_prot_YP_010051191.1_2348	ecoli:lcl|NC_000913.3_prot_YP_010051191.1_2348
ecoli:lcl|NC_000913.3_prot_NP_416870.1_2349	ecoli:lcl|NC_000913.3_prot_NP_416870.1_2349
ecoli:lcl|NC_000913.3_prot_NP_416871.1_2350	ecoli:lcl|NC_000913.3_prot_NP_416871.1_2350
ecoli:lcl|NC_000913.3_prot_NP_416872.4_2351	ecoli:lcl|NC_000913.3_prot_NP_416872.4_2351
ecoli:lcl|NC_000913.3_prot_NP_416873.1_2352	ecoli:lcl|NC_000913.3_prot_NP_416873.1_2352
ecoli:lcl|NC_000913.3_prot_NP_416874.1_2353	ecoli:lcl|NC_000913.3_prot_NP_416874.1_2353
ecoli:lcl|NC_000913.3_prot_NP_416875.1_2354	ecoli:lcl|NC_000913.3_prot_NP_416875.1_2354
ecoli:lcl|NC_000913.3_prot_NP_416876.1_2355	ecoli:lcl|NC_000913.3_prot_NP_416876.1_2355
ecoli:lcl|NC_000913.3_prot_NP_416877.1_2356	ecoli:lcl|NC_000913.3_prot_NP_416877.1_2356
ecoli:lcl|NC_000913.3_prot_NP_416878.1_2357	ecoli:lcl|NC_000913.3_prot_NP_416878.1_2357
ecoli:lcl|NC_000913.3_prot_NP_416879.4_2358	ecoli:lcl|NC_000913.3_prot_NP_416879.4_2358
ecoli:lcl|NC_000913.3_prot_NP_416879.4_2358	ecoli:lcl|NC_000913.3_prot_NP_415572.1_1027
ecoli:lcl|NC_000913.3_prot_YP_002791250.1_2359	ecoli:lcl|NC_000913.3_prot_YP_002791250.1_2359
ecoli:lcl|NC_000913.3_prot_NP_416880.1_2360	ecoli:lcl|NC_000913.3_prot_NP_416880.1_2360
ecoli:lcl|NC_000913.3_prot_NP_416881.1_2361	ecoli:lcl|NC_000913.3_prot_NP_416881.1_2361
ecoli:lcl|NC_000913.3_prot_NP_416882.1_2362	ecoli:lcl|NC_000913.3_prot_NP_416882.1_2362
ecoli:lcl|NC_000913.3_prot_NP_416883.1_2363	ecoli:lcl|NC_000913.3_prot_NP_416883.1_2363
ecoli:lcl|NC_000913.3_prot_NP_416884.1_2364	ecoli:lcl|NC_000913.3_prot_NP_416884.1_2364
ecoli:lcl|NC_000913.3_prot_NP_416885.1_2365	ecoli:lcl|NC_000913.3_prot_NP_416885.1_2365
ecoli:lcl|NC_000913.3_prot_NP_416886.1_2366	ecoli:lcl|NC_000913.3_prot_NP_416886.1_2366
ecoli:lcl|NC_000913.3_prot_NP_416887.1_2367	ecoli:lcl|NC_000913.3_prot_NP_416887.1_2367
ecoli:lcl|NC_000913.3_prot_NP_416888.1_2368	ecoli:lcl|NC_000913.3_prot_NP_416888.1_2368
ecoli:lcl|NC_000913.3_prot_NP_416889.1_2369	ecoli:lcl|NC_000913.3_prot_NP_416889.1_2369
ecoli:lcl|NC_000913.3_prot_NP_416890.1_2370	ecoli:lcl|NC_000913.3_prot_NP_416890.1_2370
ecoli:lcl|NC_000913.3_prot_NP_416893.1_2372	ecoli:lcl|NC_000913.3_prot_NP_416893.1_2372
ecoli:lcl|NC_000913.3_prot_YP_010283913.1_2373	ecoli:lcl|NC_000913.3_prot_YP_010283913.1_2373
ecoli:lcl|NC_000913.3_prot_NP_416894.1_2374	ecoli:lcl|NC_000913.3_prot_NP_416894.1_2374
ecoli:lcl|NC_000913.3_prot_NP_416896.4_2376	ecoli:lcl|NC_000913.3_prot_NP_416896.4_2376
ecoli:lcl|NC_000913.3_prot_NP_416897.2_2377	ecoli:lcl|NC_000913.3_prot_NP_416897.2_2377
ecoli:lcl|NC_000913.3_prot_NP_416898.3_2378	ecoli:lcl|NC_000913.3_prot_NP_416898.3_2378
ecoli:lcl|NC_000913.3_prot_NP_416899.1_2379	ecoli:lcl|NC_000913.3_prot_NP_416899.1_2379
ecoli:lcl|NC_000913.3_prot_NP_416900.1_2380	ecoli:lcl|NC_000913.3_prot_NP_416900.1_2380
ecoli:lcl|NC_000913.3_prot_NP_416900.1_2380	ecoli:lcl|NC_000913.3_prot_NP_416112.1_1585
ecoli:lcl|NC_000913.3_prot_NP_416902.1_2382	ecoli:lcl|NC_000913.3_prot_NP_416902.1_2382
ecoli:lcl|NC_000913.3_prot_NP_416903.1_2383	ecoli:lcl|NC_000913.3_prot_NP_416903.1_2383
ecoli:lcl|NC_000913.3_prot_NP_416904.1_2384	ecoli:lcl|NC_000913.3_prot_NP_416904.1_2384
ecoli:lcl|NC_000913.3_prot_NP_416905.1_2385	ecoli:lcl|NC_000913.3_prot_NP_416905.1_2385
ecoli:lcl|NC_000913.3_prot_YP_588464.1_2386	ecoli:lcl|NC_000913.3_prot_YP_588464.1_2386
ecoli:lcl|NC_000913.3_prot_NP_416906.1_2387	ecoli:lcl|NC_000913.3_prot_NP_416906.1_2387
ecoli:lcl|NC_000913.3_prot_NP_416907.1_2388	ecoli:lcl|NC_000913.3_prot_NP_416907.1_2388
ecoli:lcl|NC_000913.3_prot_NP_416908.1_2389	ecoli:lcl|NC_000913.3_prot_NP_416908.1_2389
ecoli:lcl|NC_000913.3_prot_NP_416910.1_2391	ecoli:lcl|NC_000913.3_prot_NP_416910.1_2391
ecoli:lcl|NC_000913.3_prot_NP_416911.1_2392	ecoli:lcl|NC_000913.3_prot_NP_416911.1_2392
ecoli:lcl|NC_000913.3_prot_NP_416912.1_2393	ecoli:lcl|NC_000913.3_prot_NP_416912.1_2393
ecoli:lcl|NC_000913.3_prot_NP_416913.1_2394	ecoli:lcl|NC_000913.3_prot_NP_416913.1_2394
ecoli:lcl|NC_000913.3_prot_NP_416914.1_2395	ecoli:lcl|NC_000913.3_prot_NP_416914.1_2395
ecoli:lcl|NC_000913.3_prot_NP_416915.1_2396	ecoli:lcl|NC_000913.3_prot_NP_416915.1_2396
ecoli:lcl|NC_000913.3_prot_NP_416916.1_2397	ecoli:lcl|NC_000913.3_prot_NP_416916.1_2397
ecoli:lcl|NC_000913.3_prot_NP_416916.1_2397	ecoli:lcl|NC_000913.3_prot_NP_416909.1_2390
ecoli:lcl|NC_000913.3_prot_NP_416917.1_2398	ecoli:lcl|NC_000913.3_prot_NP_416917.1_2398
ecoli:lcl|NC_000913.3_prot_YP_026168.2_2399	ecoli:lcl|NC_000913.3_prot_YP_026168.2_2399
ecoli:lcl|NC_000913.3_prot_NP_416919.1_2400	ecoli:lcl|NC_000913.3_prot_NP_416919.1_2400
ecoli:lcl|NC_000913.3_prot_NP_416920.1_2401	ecoli:lcl|NC_000913.3_prot_NP_416920.1_2401
ecoli:lcl|NC_000913.3_prot_NP_416921.4_2402	ecoli:lcl|NC_000913.3_prot_NP_416921.4_2402
ecoli:lcl|NC_000913.3_prot_NP_416922.1_2403	ecoli:lcl|NC_000913.3_prot_NP_416922.1_2403
ecoli:lcl|NC_000913.3_prot_NP_416923.1_2404	ecoli:lcl|NC_000913.3_prot_NP_416923.1_2404
ecoli:lcl|NC_000913.3_prot_NP_416924.1_2405	ecoli:lcl|NC_000913.3_prot_NP_416924.1_2405
ecoli:lcl|NC_000913.3_prot_NP_416925.2_2406	ecoli:lcl|NC_000913.3_prot_NP_416925.2_2406
ecoli:lcl|NC_000913.3_prot_NP_416926.4_2407	ecoli:lcl|NC_000913.3_prot_NP_416926.4_2407
ecoli:lcl|NC_000913.3_prot_NP_416927.1_2408	ecoli:lcl|NC_000913.3_prot_NP_416927.1_2408
ecoli:lcl|NC_000913.3_prot_NP_416928.4_2409	ecoli:lcl|NC_000913.3_prot_NP_416928.4_2409
ecoli:lcl|NC_000913.3_prot_NP_416929.4_2410	ecoli:lcl|NC_000913.3_prot_NP_416929.4_2410
ecoli:lcl|NC_000913.3_prot_NP_416930.1_2411	ecoli:lcl|NC_000913.3_prot_NP_416930.1_2411
ecoli:lcl|NC_000913.3_prot_NP_416931.1_2412	ecoli:lcl|NC_000913.3_prot_NP_416931.1_2412
ecoli:lcl|NC_000913.3_prot_NP_416932.1_2413	ecoli:lcl|NC_000913.3_prot_NP_416932.1_2413
ecoli:lcl|NC_000913.3_prot_NP_416933.4_2414	ecoli:lcl|NC_000913.3_prot_NP_416933.4_2414
ecoli:lcl|NC_000913.3_prot_NP_416934.1_2415	ecoli:lcl|NC_000913.3_prot_NP_416934.1_2415
ecoli:lcl|NC_000913.3_prot_NP_416935.1_2416	ecoli:lcl|NC_000913.3_prot_NP_416935.1_2416
ecoli:lcl|NC_000913.3_prot_NP_416936.4_2417	ecoli:lcl|NC_000913.3_prot_NP_416936.4_2417
ecoli:lcl|NC_000913.3_prot_NP_416937.2_2418	ecoli:lcl|NC_000913.3_prot_NP_416937.2_2418
ecoli:lcl|NC_000913.3_prot_NP_416938.1_2419	ecoli:lcl|NC_000913.3_prot_NP_416938.1_2419
ecoli:lcl|NC_000913.3_prot_NP_416939.1_2420	ecoli:lcl|NC_000913.3_prot_NP_416939.1_2420
ecoli:lcl|NC_000913.3_prot_NP_416940.2_2421	ecoli:lcl|NC_000913.3_prot_NP_416940.2_2421
ecoli:lcl|NC_000913.3_prot_NP_416941.1_2422	ecoli:lcl|NC_000913.3_prot_NP_416941.1_2422
ecoli:lcl|NC_000913.3_prot_NP_416942.1_2423	ecoli:lcl|NC_000913.3_prot_NP_416942.1_2423
ecoli:lcl|NC_000913.3_prot_NP_416943.2_2424	ecoli:lcl|NC_000913.3_prot_NP_416943.2_2424
ecoli:lcl|NC_000913.3_prot_NP_416944.1_2425	ecoli:lcl|NC_000913.3_prot_NP_416944.1_2425
ecoli:lcl|NC_000913.3_prot_NP_416945.2_2426	ecoli:lcl|NC_000913.3_prot_NP_416945.2_2426
ecoli:lcl|NC_000913.3_prot_NP_416946.1_2427	ecoli:lcl|NC_000913.3_prot_NP_416946.1_2427
ecoli:lcl|NC_000913.3_prot_NP_416947.1_2428	ecoli:lcl|NC_000913.3_prot_NP_416947.1_2428
ecoli:lcl|NC_000913.3_prot_NP_416948.4_2429	ecoli:lcl|NC_000913.3_prot_NP_416948.4_2429
ecoli:lcl|NC_000913.3_prot_NP_416949.1_2430	ecoli:lcl|NC_000913.3_prot_NP_416949.1_2430
ecoli:lcl|NC_000913.3_prot_NP_416950.1_2431	ecoli:lcl|NC_000913.3_prot_NP_416950.1_2431
ecoli:lcl|NC_000913.3_prot_NP_416951.1_2432	ecoli:lcl|NC_000913.3_prot_NP_416951.1_2432
ecoli:lcl|NC_000913.3_prot_NP_416952.2_2433	ecoli:lcl|NC_000913.3_prot_NP_416952.2_2433
ecoli:lcl|NC_000913.3_prot_NP_416953.1_2434	ecoli:lcl|NC_000913.3_prot_NP_416953.1_2434
ecoli:lcl|NC_000913.3_prot_NP_416954.1_2435	ecoli:lcl|NC_000913.3_prot_NP_416954.1_2435
ecoli:lcl|NC_000913.3_prot_NP_416955.1_2436	ecoli:lcl|NC_000913.3_prot_NP_416955.1_2436
ecoli:lcl|NC_000913.3_prot_NP_416956.1_2437	ecoli:lcl|NC_000913.3_prot_NP_416956.1_2437
ecoli:lcl|NC_000913.3_prot_NP_416957.4_2438	ecoli:lcl|NC_000913.3_prot_NP_416957.4_2438
ecoli:lcl|NC_000913.3_prot_NP_416958.1_2439	ecoli:lcl|NC_000913.3_prot_NP_416958.1_2439
ecoli:lcl|NC_000913.3_prot_NP_416959.1_2440	ecoli:lcl|NC_000913.3_prot_NP_416959.1_2440
ecoli:lcl|NC_000913.3_prot_NP_416959.1_2440	ecoli:lcl|NC_000913.3_prot_NP_414549.1_8
ecoli:lcl|NC_000913.3_prot_NP_416961.1_2442	ecoli:lcl|NC_000913.3_prot_NP_416961.1_2442
ecoli:lcl|NC_000913.3_prot_NP_416962.1_2443	ecoli:lcl|NC_000913.3_prot_NP_416962.1_2443
ecoli:lcl|NC_000913.3_prot_NP_416963.1_2444	ecoli:lcl|NC_000913.3_prot_NP_416963.1_2444
ecoli:lcl|NC_000913.3_prot_NP_416963.1_2444	ecoli:lcl|NC_000913.3_prot_NP_417363.2_2836
ecoli:lcl|NC_000913.3_prot_NP_416963.1_2444	ecoli:lcl|NC_000913.3_prot_NP_418030.1_3514
ecoli:lcl|NC_000913.3_prot_NP_416963.1_2444	ecoli:lcl|NC_000913.3_prot_NP_417193.1_2673
ecoli:lcl|NC_000913.3_prot_NP_416964.1_2445	ecoli:lcl|NC_000913.3_prot_NP_416964.1_2445
ecoli:lcl|NC_000913.3_prot_YP_001165325.1_2447	ecoli:lcl|NC_000913.3_prot_YP_001165325.1_2447
ecoli:lcl|NC_000913.3_prot_NP_416966.1_2448	ecoli:lcl|NC_000913.3_prot_NP_416966.1_2448
ecoli:lcl|NC_000913.3_prot_NP_416967.1_2449	ecoli:lcl|NC_000913.3_prot_NP_416967.1_2449
ecoli:lcl|NC_000913.3_prot_YP_588465.1_2450	ecoli:lcl|NC_000913.3_prot_YP_588465.1_2450
ecoli:lcl|NC_000913.3_prot_NP_416968.2_2451	ecoli:lcl|NC_000913.3_prot_NP_416968.2_2451
ecoli:lcl|NC_000913.3_prot_NP_416969.1_2452	ecoli:lcl|NC_000913.3_prot_NP_416969.1_2452
ecoli:lcl|NC_000913.3_prot_NP_416970.1_2453	ecoli:lcl|NC_000913.3_prot_NP_416970.1_2453
ecoli:lcl|NC_000913.3_prot_NP_416971.1_2454	ecoli:lcl|NC_000913.3_prot_NP_416971.1_2454
ecoli:lcl|NC_000913.3_prot_NP_416972.4_2455	ecoli:lcl|NC_000913.3_prot_NP_416972.4_2455
ecoli:lcl|NC_000913.3_prot_NP_416973.1_2456	ecoli:lcl|NC_000913.3_prot_NP_416973.1_2456
ecoli:lcl|NC_000913.3_prot_NP_416974.4_2457	ecoli:lcl|NC_000913.3_prot_NP_416974.4_2457
ecoli:lcl|NC_000913.3_prot_NP_416975.1_2458	ecoli:lcl|NC_000913.3_prot_NP_416975.1_2458
ecoli:lcl|NC_000913.3_prot_NP_416977.1_2460	ecoli:lcl|NC_000913.3_prot_NP_416977.1_2460
ecoli:lcl|NC_000913.3_prot_NP_416979.1_2462	ecoli:lcl|NC_000913.3_prot_NP_416979.1_2462
ecoli:lcl|NC_000913.3_prot_NP_416980.1_2463	ecoli:lcl|NC_000913.3_prot_NP_416980.1_2463
ecoli:lcl|NC_000913.3_prot_NP_416981.1_2464	ecoli:lcl|NC_000913.3_prot_NP_416981.1_2464
ecoli:lcl|NC_000913.3_prot_NP_416986.4_2469	ecoli:lcl|NC_000913.3_prot_NP_416986.4_2469
ecoli:lcl|NC_000913.3_prot_NP_416987.1_2470	ecoli:lcl|NC_000913.3_prot_NP_416987.1_2470
ecoli:lcl|NC_000913.3_prot_NP_416988.1_2471	ecoli:lcl|NC_000913.3_prot_NP_416988.1_2471
ecoli:lcl|NC_000913.3_prot_NP_416989.1_2472	ecoli:lcl|NC_000913.3_prot_NP_416989.1_2472
ecoli:lcl|NC_000913.3_prot_NP_416990.1_2473	ecoli:lcl|NC_000913.3_prot_NP_416990.1_2473
ecoli:lcl|NC_000913.3_prot_NP_416991.2_2474	ecoli:lcl|NC_000913.3_prot_NP_416991.2_2474
ecoli:lcl|NC_000913.3_prot_NP_416992.1_2475	ecoli:lcl|NC_000913.3_prot_NP_416992.1_2475
ecoli:lcl|NC_000913.3_prot_NP_416993.2_2476	ecoli:lcl|NC_000913.3_prot_NP_416993.2_2476
ecoli:lcl|NC_000913.3_prot_NP_416994.1_2477	ecoli:lcl|NC_000913.3_prot_NP_416994.1_2477
ecoli:lcl|NC_000913.3_prot_NP_416995.1_2478	ecoli:lcl|NC_000913.3_prot_NP_416995.1_2478
ecoli:lcl|NC_000913.3_prot_NP_416996.1_2479	ecoli:lcl|NC_000913.3_prot_NP_416996.1_2479
ecoli:lcl|NC_000913.3_prot_NP_416998.1_2481	ecoli:lcl|NC_000913.3_prot_NP_416998.1_2481
ecoli:lcl|NC_000913.3_prot_NP_416999.1_2482	ecoli:lcl|NC_000913.3_prot_NP_416999.1_2482
ecoli:lcl|NC_000913.3_prot_NP_417000.1_2483	ecoli:lcl|NC_000913.3_prot_NP_417000.1_2483
ecoli:lcl|NC_000913.3_prot_NP_417001.1_2484	ecoli:lcl|NC_000913.3_prot_NP_417001.1_2484
ecoli:lcl|NC_000913.3_prot_NP_417002.1_2485	ecoli:lcl|NC_000913.3_prot_NP_417002.1_2485
ecoli:lcl|NC_000913.3_prot_NP_417003.1_2486	ecoli:lcl|NC_000913.3_prot_NP_417003.1_2486
ecoli:lcl|NC_000913.3_prot_NP_417004.1_2487	ecoli:lcl|NC_000913.3_prot_NP_417004.1_2487
ecoli:lcl|NC_000913.3_prot_NP_417005.2_2488	ecoli:lcl|NC_000913.3_prot_NP_417005.2_2488
ecoli:lcl|NC_000913.3_prot_NP_417006.2_2489	ecoli:lcl|NC_000913.3_prot_NP_417006.2_2489
ecoli:lcl|NC_000913.3_prot_NP_417007.1_2490	ecoli:lcl|NC_000913.3_prot_NP_417007.1_2490
ecoli:lcl|NC_000913.3_prot_NP_417008.1_2491	ecoli:lcl|NC_000913.3_prot_NP_417008.1_2491
ecoli:lcl|NC_000913.3_prot_NP_417009.1_2492	ecoli:lcl|NC_000913.3_prot_NP_417009.1_2492
ecoli:lcl|NC_000913.3_prot_NP_417010.1_2493	ecoli:lcl|NC_000913.3_prot_NP_417010.1_2493
ecoli:lcl|NC_000913.3_prot_NP_417011.1_2494	ecoli:lcl|NC_000913.3_prot_NP_417011.1_2494
ecoli:lcl|NC_000913.3_prot_NP_417012.1_2495	ecoli:lcl|NC_000913.3_prot_NP_417012.1_2495
ecoli:lcl|NC_000913.3_prot_NP_417013.1_2496	ecoli:lcl|NC_000913.3_prot_NP_417013.1_2496
ecoli:lcl|NC_000913.3_prot_NP_417014.1_2497	ecoli:lcl|NC_000913.3_prot_NP_417014.1_2497
ecoli:lcl|NC_000913.3_prot_NP_417015.1_2498	ecoli:lcl|NC_000913.3_prot_NP_417015.1_2498
ecoli:lcl|NC_000913.3_prot_NP_417016.4_2499	ecoli:lcl|NC_000913.3_prot_NP_417016.4_2499
ecoli:lcl|NC_000913.3_prot_YP_010283914.1_2500	ecoli:lcl|NC_000913.3_prot_YP_010283914.1_2500
ecoli:lcl|NC_000913.3_prot_NP_417017.4_2501	ecoli:lcl|NC_000913.3_prot_NP_417017.4_2501
ecoli:lcl|NC_000913.3_prot_NP_417018.4_2502	ecoli:lcl|NC_000913.3_prot_NP_417018.4_2502
ecoli:lcl|NC_000913.3_prot_NP_417019.1_2503	ecoli:lcl|NC_000913.3_prot_NP_417019.1_2503
ecoli:lcl|NC_000913.3_prot_NP_417020.1_2504	ecoli:lcl|NC_000913.3_prot_NP_417020.1_2504
ecoli:lcl|NC_000913.3_prot_NP_417021.1_2505	ecoli:lcl|NC_000913.3_prot_NP_417021.1_2505
ecoli:lcl|NC_000913.3_prot_NP_417022.1_2506	ecoli:lcl|NC_000913.3_prot_NP_417022.1_2506
ecoli:lcl|NC_000913.3_prot_NP_417023.1_2507	ecoli:lcl|NC_000913.3_prot_NP_417023.1_2507
ecoli:lcl|NC_000913.3_prot_NP_417024.1_2508	ecoli:lcl|NC_000913.3_prot_NP_417024.1_2508
ecoli:lcl|NC_000913.3_prot_YP_026169.1_2509	ecoli:lcl|NC_000913.3_prot_YP_026169.1_2509
ecoli:lcl|NC_000913.3_prot_NP_417026.1_2510	ecoli:lcl|NC_000913.3_prot_NP_417026.1_2510
ecoli:lcl|NC_000913.3_prot_NP_417027.1_2511	ecoli:lcl|NC_000913.3_prot_NP_417027.1_2511
ecoli:lcl|NC_000913.3_prot_NP_417028.1_2512	ecoli:lcl|NC_000913.3_prot_NP_417028.1_2512
ecoli:lcl|NC_000913.3_prot_NP_417029.4_2513	ecoli:lcl|NC_000913.3_prot_NP_417029.4_2513
ecoli:lcl|NC_000913.3_prot_NP_417030.2_2514	ecoli:lcl|NC_000913.3_prot_NP_417030.2_2514
ecoli:lcl|NC_000913.3_prot_NP_417031.1_2515	ecoli:lcl|NC_000913.3_prot_NP_417031.1_2515
ecoli:lcl|NC_000913.3_prot_NP_417032.1_2516	ecoli:lcl|NC_000913.3_prot_NP_417032.1_2516
ecoli:lcl|NC_000913.3_prot_YP_008592385.1_2517	ecoli:lcl|NC_000913.3_prot_YP_008592385.1_2517
ecoli:lcl|NC_000913.3_prot_NP_417033.1_2518	ecoli:lcl|NC_000913.3_prot_NP_417033.1_2518
ecoli:lcl|NC_000913.3_prot_NP_417034.1_2519	ecoli:lcl|NC_000913.3_prot_NP_417034.1_2519
ecoli:lcl|NC_000913.3_prot_NP_417035.1_2520	ecoli:lcl|NC_000913.3_prot_NP_417035.1_2520
ecoli:lcl|NC_000913.3_prot_NP_417036.1_2521	ecoli:lcl|NC_000913.3_prot_NP_417036.1_2521
ecoli:lcl|NC_000913.3_prot_NP_417037.1_2522	ecoli:lcl|NC_000913.3_prot_NP_417037.1_2522
ecoli:lcl|NC_000913.3_prot_NP_417038.4_2523	ecoli:lcl|NC_000913.3_prot_NP_417038.4_2523
ecoli:lcl|NC_000913.3_prot_NP_417039.1_2524	ecoli:lcl|NC_000913.3_prot_NP_417039.1_2524
ecoli:lcl|NC_000913.3_prot_NP_417040.2_2525	ecoli:lcl|NC_000913.3_prot_NP_417040.2_2525
ecoli:lcl|NC_000913.3_prot_NP_417041.1_2526	ecoli:lcl|NC_000913.3_prot_NP_417041.1_2526
ecoli:lcl|NC_000913.3_prot_NP_417043.1_2528	ecoli:lcl|NC_000913.3_prot_NP_417043.1_2528
ecoli:lcl|NC_000913.3_prot_NP_417044.4_2529	ecoli:lcl|NC_000913.3_prot_NP_417044.4_2529
ecoli:lcl|NC_000913.3_prot_NP_417045.4_2530	ecoli:lcl|NC_000913.3_prot_NP_417045.4_2530
ecoli:lcl|NC_000913.3_prot_NP_417046.1_2531	ecoli:lcl|NC_000913.3_prot_NP_417046.1_2531
ecoli:lcl|NC_000913.3_prot_NP_417047.1_2532	ecoli:lcl|NC_000913.3_prot_NP_417047.1_2532
ecoli:lcl|NC_000913.3_prot_NP_417048.1_2533	ecoli:lcl|NC_000913.3_prot_NP_417048.1_2533
ecoli:lcl|NC_000913.3_prot_NP_417048.1_2533	ecoli:lcl|NC_000913.3_prot_NP_414984.1_442
ecoli:lcl|NC_000913.3_prot_NP_417049.1_2534	ecoli:lcl|NC_000913.3_prot_NP_417049.1_2534
ecoli:lcl|NC_000913.3_prot_NP_417050.1_2535	ecoli:lcl|NC_000913.3_prot_NP_417050.1_2535
ecoli:lcl|NC_000913.3_prot_NP_417051.2_2536	ecoli:lcl|NC_000913.3_prot_NP_417051.2_2536
ecoli:lcl|NC_000913.3_prot_YP_026170.1_2537	ecoli:lcl|NC_000913.3_prot_YP_026170.1_2537
ecoli:lcl|NC_000913.3_prot_NP_417053.2_2538	ecoli:lcl|NC_000913.3_prot_NP_417053.2_2538
ecoli:lcl|NC_000913.3_prot_NP_417054.2_2539	ecoli:lcl|NC_000913.3_prot_NP_417054.2_2539
ecoli:lcl|NC_000913.3_prot_NP_417055.4_2540	ecoli:lcl|NC_000913.3_prot_NP_417055.4_2540
ecoli:lcl|NC_000913.3_prot_NP_417056.2_2541	ecoli:lcl|NC_000913.3_prot_NP_417056.2_2541
ecoli:lcl|NC_000913.3_prot_NP_417057.1_2542	ecoli:lcl|NC_000913.3_prot_NP_417057.1_2542
ecoli:lcl|NC_000913.3_prot_YP_002791251.1_2543	ecoli:lcl|NC_000913.3_prot_YP_002791251.1_2543
ecoli:lcl|NC_000913.3_prot_NP_417058.1_2544	ecoli:lcl|NC_000913.3_prot_NP_417058.1_2544
ecoli:lcl|NC_000913.3_prot_NP_417059.1_2545	ecoli:lcl|NC_000913.3_prot_NP_417059.1_2545
ecoli:lcl|NC_000913.3_prot_NP_417060.1_2546	ecoli:lcl|NC_000913.3_prot_NP_417060.1_2546
ecoli:lcl|NC_000913.3_prot_NP_417061.1_2547	ecoli:lcl|NC_000913.3_prot_NP_417061.1_2547
ecoli:lcl|NC_000913.3_prot_NP_417062.1_2548	ecoli:lcl|NC_000913.3_prot_NP_417062.1_2548
ecoli:lcl|NC_000913.3_prot_NP_417063.1_2549	ecoli:lcl|NC_000913.3_prot_NP_417063.1_2549
ecoli:lcl|NC_000913.3_prot_NP_417064.1_2550	ecoli:lcl|NC_000913.3_prot_NP_417064.1_2550
ecoli:lcl|NC_000913.3_prot_NP_417065.1_2551	ecoli:lcl|NC_000913.3_prot_NP_417065.1_2551
ecoli:lcl|NC_000913.3_prot_NP_417066.1_2552	ecoli:lcl|NC_000913.3_prot_NP_417066.1_2552
ecoli:lcl|NC_000913.3_prot_NP_417067.1_2553	ecoli:lcl|NC_000913.3_prot_NP_417067.1_2553
ecoli:lcl|NC_000913.3_prot_NP_417068.1_2554	ecoli:lcl|NC_000913.3_prot_NP_417068.1_2554
ecoli:lcl|NC_000913.3_prot_YP_009518806.1_2555	ecoli:lcl|NC_000913.3_prot_YP_009518806.1_2555
ecoli:lcl|NC_000913.3_prot_NP_417069.1_2556	ecoli:lcl|NC_000913.3_prot_NP_417069.1_2556
ecoli:lcl|NC_000913.3_prot_NP_417070.2_2557	ecoli:lcl|NC_000913.3_prot_NP_417070.2_2557
ecoli:lcl|NC_000913.3_prot_NP_417072.4_2559	ecoli:lcl|NC_000913.3_prot_NP_417072.4_2559
ecoli:lcl|NC_000913.3_prot_NP_417073.1_2560	ecoli:lcl|NC_000913.3_prot_NP_417073.1_2560
ecoli:lcl|NC_000913.3_prot_NP_417074.1_2561	ecoli:lcl|NC_000913.3_prot_NP_417074.1_2561
ecoli:lcl|NC_000913.3_prot_NP_417075.1_2562	ecoli:lcl|NC_000913.3_prot_NP_417075.1_2562
ecoli:lcl|NC_000913.3_prot_NP_417076.1_2563	ecoli:lcl|NC_000913.3_prot_NP_417076.1_2563
ecoli:lcl|NC_000913.3_prot_NP_417077.1_2564	ecoli:lcl|NC_000913.3_prot_NP_417077.1_2564
ecoli:lcl|NC_000913.3_prot_NP_417078.4_2565	ecoli:lcl|NC_000913.3_prot_NP_417078.4_2565
ecoli:lcl|NC_000913.3_prot_NP_417079.1_2566	ecoli:lcl|NC_000913.3_prot_NP_417079.1_2566
ecoli:lcl|NC_000913.3_prot_YP_010051192.1_2567	ecoli:lcl|NC_000913.3_prot_YP_010051192.1_2567
ecoli:lcl|NC_000913.3_prot_NP_417080.4_2568	ecoli:lcl|NC_000913.3_prot_NP_417080.4_2568
ecoli:lcl|NC_000913.3_prot_NP_417081.2_2569	ecoli:lcl|NC_000913.3_prot_NP_417081.2_2569
ecoli:lcl|NC_000913.3_prot_NP_417082.1_2570	ecoli:lcl|NC_000913.3_prot_NP_417082.1_2570
ecoli:lcl|NC_000913.3_prot_YP_010051193.1_2571	ecoli:lcl|NC_000913.3_prot_YP_010051193.1_2571
ecoli:lcl|NC_000913.3_prot_NP_417083.1_2572	ecoli:lcl|NC_000913.3_prot_NP_417083.1_2572
ecoli:lcl|NC_000913.3_prot_YP_010051194.1_2573	ecoli:lcl|NC_000913.3_prot_YP_010051194.1_2573
ecoli:lcl|NC_000913.3_prot_NP_417084.1_2574	ecoli:lcl|NC_000913.3_prot_NP_417084.1_2574
ecoli:lcl|NC_000913.3_prot_NP_417085.1_2575	ecoli:lcl|NC_000913.3_prot_NP_417085.1_2575
ecoli:lcl|NC_000913.3_prot_NP_417086.1_2576	ecoli:lcl|NC_000913.3_prot_NP_417086.1_2576
ecoli:lcl|NC_000913.3_prot_NP_417088.1_2577	ecoli:lcl|NC_000913.3_prot_NP_417088.1_2577
ecoli:lcl|NC_000913.3_prot_NP_417089.1_2578	ecoli:lcl|NC_000913.3_prot_NP_417089.1_2578
ecoli:lcl|NC_000913.3_prot_NP_417090.1_2579	ecoli:lcl|NC_000913.3_prot_NP_417090.1_2579
ecoli:lcl|NC_000913.3_prot_NP_417091.1_2580	ecoli:lcl|NC_000913.3_prot_NP_417091.1_2580
ecoli:lcl|NC_000913.3_prot_NP_417092.1_2581	ecoli:lcl|NC_000913.3_prot_NP_417092.1_2581
ecoli:lcl|NC_000913.3_prot_NP_417093.2_2582	ecoli:lcl|NC_000913.3_prot_NP_417093.2_2582
ecoli:lcl|NC_000913.3_prot_NP_417094.1_2583	ecoli:lcl|NC_000913.3_prot_NP_417094.1_2583
ecoli:lcl|NC_000913.3_prot_NP_417095.1_2584	ecoli:lcl|NC_000913.3_prot_NP_417095.1_2584
ecoli:lcl|NC_000913.3_prot_NP_417096.1_2585	ecoli:lcl|NC_000913.3_prot_NP_417096.1_2585
ecoli:lcl|NC_000913.3_prot_NP_417097.1_2586	ecoli:lcl|NC_000913.3_prot_NP_417097.1_2586
ecoli:lcl|NC_000913.3_prot_NP_417098.1_2587	ecoli:lcl|NC_000913.3_prot_NP_417098.1_2587
ecoli:lcl|NC_000913.3_prot_NP_417099.4_2588	ecoli:lcl|NC_000913.3_prot_NP_417099.4_2588
ecoli:lcl|NC_000913.3_prot_NP_417100.1_2589	ecoli:lcl|NC_000913.3_prot_NP_417100.1_2589
ecoli:lcl|NC_000913.3_prot_NP_417101.1_2590	ecoli:lcl|NC_000913.3_prot_NP_417101.1_2590
ecoli:lcl|NC_000913.3_prot_NP_417102.4_2591	ecoli:lcl|NC_000913.3_prot_NP_417102.4_2591
ecoli:lcl|NC_000913.3_prot_YP_026171.3_2592	ecoli:lcl|NC_000913.3_prot_YP_026171.3_2592
ecoli:lcl|NC_000913.3_prot_NP_417104.1_2593	ecoli:lcl|NC_000913.3_prot_NP_417104.1_2593
ecoli:lcl|NC_000913.3_prot_NP_417105.1_2594	ecoli:lcl|NC_000913.3_prot_NP_417105.1_2594
ecoli:lcl|NC_000913.3_prot_YP_026172.1_2595	ecoli:lcl|NC_000913.3_prot_YP_026172.1_2595
ecoli:lcl|NC_000913.3_prot_NP_417107.2_2596	ecoli:lcl|NC_000913.3_prot_NP_417107.2_2596
ecoli:lcl|NC_000913.3_prot_NP_417108.4_2597	ecoli:lcl|NC_000913.3_prot_NP_417108.4_2597
ecoli:lcl|NC_000913.3_prot_NP_417109.1_2598	ecoli:lcl|NC_000913.3_prot_NP_417109.1_2598
ecoli:lcl|NC_000913.3_prot_NP_417110.1_2599	ecoli:lcl|NC_000913.3_prot_NP_417110.1_2599
ecoli:lcl|NC_000913.3_prot_NP_417111.1_2600	ecoli:lcl|NC_000913.3_prot_NP_417111.1_2600
ecoli:lcl|NC_000913.3_prot_NP_417112.1_2601	ecoli:lcl|NC_000913.3_prot_NP_417112.1_2601
ecoli:lcl|NC_000913.3_prot_NP_417113.1_2602	ecoli:lcl|NC_000913.3_prot_NP_417113.1_2602
ecoli:lcl|NC_000913.3_prot_NP_417114.1_2603	ecoli:lcl|NC_000913.3_prot_NP_417114.1_2603
ecoli:lcl|NC_000913.3_prot_NP_417115.1_2604	ecoli:lcl|NC_000913.3_prot_NP_417115.1_2604
ecoli:lcl|NC_000913.3_prot_NP_417116.1_2605	ecoli:lcl|NC_000913.3_prot_NP_417116.1_2605
ecoli:lcl|NC_000913.3_prot_NP_417117.1_2606	ecoli:lcl|NC_000913.3_prot_NP_417117.1_2606
ecoli:lcl|NC_000913.3_prot_NP_417118.1_2607	ecoli:lcl|NC_000913.3_prot_NP_417118.1_2607
ecoli:lcl|NC_000913.3_prot_NP_417119.1_2608	ecoli:lcl|NC_000913.3_prot_NP_417119.1_2608
ecoli:lcl|NC_000913.3_prot_NP_417120.2_2609	ecoli:lcl|NC_000913.3_prot_NP_417120.2_2609
ecoli:lcl|NC_000913.3_prot_YP_026173.1_2610	ecoli:lcl|NC_000913.3_prot_YP_026173.1_2610
ecoli:lcl|NC_000913.3_prot_YP_026173.1_2610	ecoli:lcl|NC_000913.3_prot_NP_414787.4_248
ecoli:lcl|NC_000913.3_prot_NP_417122.1_2611	ecoli:lcl|NC_000913.3_prot_NP_417122.1_2611
ecoli:lcl|NC_000913.3_prot_NP_417122.1_2611	ecoli:lcl|NC_000913.3_prot_NP_414786.4_247
ecoli:lcl|NC_000913.3_prot_NP_417123.1_2612	ecoli:lcl|NC_000913.3_prot_NP_417123.1_2612
ecoli:lcl|NC_000913.3_prot_YP_026174.2_2613	ecoli:lcl|NC_000913.3_prot_YP_026174.2_2613
ecoli:lcl|NC_000913.3_prot_NP_417124.4_2614	ecoli:lcl|NC_000913.3_prot_NP_417124.4_2614
ecoli:lcl|NC_000913.3_prot_NP_417124.4_2614	ecoli:lcl|NC_000913.3_prot_NP_414785.4_246
ecoli:lcl|NC_000913.3_prot_NP_417125.1_2615	ecoli:lcl|NC_000913.3_prot_NP_417125.1_2615
ecoli:lcl|NC_000913.3_prot_NP_417125.1_2615	ecoli:lcl|NC_000913.3_prot_NP_414784.1_245
ecoli:lcl|NC_000913.3_prot_YP_009518807.1_2616	ecoli:lcl|NC_000913.3_prot_YP_009518807.1_2616
ecoli:lcl|NC_000913.3_prot_NP_417129.1_2617	ecoli:lcl|NC_000913.3_prot_NP_417129.1_2617
ecoli:lcl|NC_000913.3_prot_NP_417130.1_2618	ecoli:lcl|NC_000913.3_prot_NP_417130.1_2618
ecoli:lcl|NC_000913.3_prot_NP_417130.1_2618	ecoli:lcl|NC_000913.3_prot_NP_414782.1_243
ecoli:lcl|NC_000913.3_prot_NP_417132.1_2621	ecoli:lcl|NC_000913.3_prot_NP_417132.1_2621
ecoli:lcl|NC_000913.3_prot_NP_417132.1_2621	ecoli:lcl|NC_000913.3_prot_NP_414780.1_240
ecoli:lcl|NC_000913.3_prot_NP_417132.1_2621	ecoli:lcl|NC_000913.3_prot_YP_009518742.1_259
ecoli:lcl|NC_000913.3_prot_NP_417132.1_2621	ecoli:lcl|NC_000913.3_prot_NP_416508.1_1984
ecoli:lcl|NC_000913.3_prot_NP_417133.1_2622	ecoli:lcl|NC_000913.3_prot_NP_417133.1_2622
ecoli:lcl|NC_000913.3_prot_NP_417133.1_2622	ecoli:lcl|NC_000913.3_prot_NP_414779.1_239
ecoli:lcl|NC_000913.3_prot_NP_417133.1_2622	ecoli:lcl|NC_000913.3_prot_NP_416509.1_1985
ecoli:lcl|NC_000913.3_prot_NP_417134.2_2623	ecoli:lcl|NC_000913.3_prot_NP_417134.2_2623
ecoli:lcl|NC_000913.3_prot_YP_009518808.1_2624	ecoli:lcl|NC_000913.3_prot_YP_009518808.1_2624
ecoli:lcl|NC_000913.3_prot_YP_009518809.1_2625	ecoli:lcl|NC_000913.3_prot_YP_009518809.1_2625
ecoli:lcl|NC_000913.3_prot_NP_417145.4_2626	ecoli:lcl|NC_000913.3_prot_NP_417145.4_2626
ecoli:lcl|NC_000913.3_prot_NP_417146.2_2627	ecoli:lcl|NC_000913.3_prot_NP_417146.2_2627
ecoli:lcl|NC_000913.3_prot_NP_417147.1_2628	ecoli:lcl|NC_000913.3_prot_NP_417147.1_2628
ecoli:lcl|NC_000913.3_prot_NP_417148.1_2629	ecoli:lcl|NC_000913.3_prot_NP_417148.1_2629
ecoli:lcl|NC_000913.3_prot_NP_417148.1_2629	ecoli:lcl|NC_000913.3_prot_NP_415818.1_1287
ecoli:lcl|NC_000913.3_prot_NP_417149.1_2630	ecoli:lcl|NC_000913.3_prot_NP_417149.1_2630
ecoli:lcl|NC_000913.3_prot_NP_417150.4_2631	ecoli:lcl|NC_000913.3_prot_NP_417150.4_2631
ecoli:lcl|NC_000913.3_prot_NP_417151.1_2632	ecoli:lcl|NC_000913.3_prot_NP_417151.1_2632
ecoli:lcl|NC_000913.3_prot_NP_417152.1_2633	ecoli:lcl|NC_000913.3_prot_NP_417152.1_2633
ecoli:lcl|NC_000913.3_prot_NP_417153.1_2634	ecoli:lcl|NC_000913.3_prot_NP_417153.1_2634
ecoli:lcl|NC_000913.3_prot_NP_417154.1_2635	ecoli:lcl|NC_000913.3_prot_NP_417154.1_2635
ecoli:lcl|NC_000913.3_prot_NP_417155.1_2636	ecoli:lcl|NC_000913.3_prot_NP_417155.1_2636
ecoli:lcl|NC_000913.3_prot_NP_417155.1_2636	ecoli:lcl|NC_000913.3_prot_NP_415753.1_1214
ecoli:lcl|NC_000913.3_prot_NP_417156.1_2637	ecoli:lcl|NC_000913.3_prot_NP_417156.1_2637
ecoli:lcl|NC_000913.3_prot_NP_417157.1_2638	ecoli:lcl|NC_000913.3_prot_NP_417157.1_2638
ecoli:lcl|NC_000913.3_prot_NP_417158.4_2639	ecoli:lcl|NC_000913.3_prot_NP_417158.4_2639
ecoli:lcl|NC_000913.3_prot_NP_417159.1_2640	ecoli:lcl|NC_000913.3_prot_NP_417159.1_2640
ecoli:lcl|NC_000913.3_prot_NP_417160.1_2641	ecoli:lcl|NC_000913.3_prot_NP_417160.1_2641
ecoli:lcl|NC_000913.3_prot_NP_417161.1_2642	ecoli:lcl|NC_000913.3_prot_NP_417161.1_2642
ecoli:lcl|NC_000913.3_prot_NP_417162.1_2643	ecoli:lcl|NC_000913.3_prot_NP_417162.1_2643
ecoli:lcl|NC_000913.3_prot_NP_417163.1_2644	ecoli:lcl|NC_000913.3_prot_NP_417163.1_2644
ecoli:lcl|NC_000913.3_prot_NP_417164.1_2645	ecoli:lcl|NC_000913.3_prot_NP_417164.1_2645
ecoli:lcl|NC_000913.3_prot_NP_417165.1_2646	ecoli:lcl|NC_000913.3_prot_NP_417165.1_2646
ecoli:lcl|NC_000913.3_prot_NP_417167.1_2647	ecoli:lcl|NC_000913.3_prot_NP_417167.1_2647
ecoli:lcl|NC_000913.3_prot_NP_417168.1_2648	ecoli:lcl|NC_000913.3_prot_NP_417168.1_2648
ecoli:lcl|NC_000913.3_prot_NP_417169.1_2649	ecoli:lcl|NC_000913.3_prot_NP_417169.1_2649
ecoli:lcl|NC_000913.3_prot_NP_417170.1_2650	ecoli:lcl|NC_000913.3_prot_NP_417170.1_2650
ecoli:lcl|NC_000913.3_prot_NP_417171.1_2651	ecoli:lcl|NC_000913.3_prot_NP_417171.1_2651
ecoli:lcl|NC_000913.3_prot_NP_417171.1_2651	ecoli:lcl|NC_000913.3_prot_NP_416868.1_2346
ecoli:lcl|NC_000913.3_prot_NP_417172.1_2652	ecoli:lcl|NC_000913.3_prot_NP_417172.1_2652
ecoli:lcl|NC_000913.3_prot_NP_417173.1_2653	ecoli:lcl|NC_000913.3_prot_NP_417173.1_2653
ecoli:lcl|NC_000913.3_prot_NP_417174.1_2654	ecoli:lcl|NC_000913.3_prot_NP_417174.1_2654
ecoli:lcl|NC_000913.3_prot_NP_417175.1_2655	ecoli:lcl|NC_000913.3_prot_NP_417175.1_2655
ecoli:lcl|NC_000913.3_prot_NP_417176.1_2656	ecoli:lcl|NC_000913.3_prot_NP_417176.1_2656
ecoli:lcl|NC_000913.3_prot_NP_417177.1_2657	ecoli:lcl|NC_000913.3_prot_NP_417177.1_2657
ecoli:lcl|NC_000913.3_prot_NP_417178.1_2658	ecoli:lcl|NC_000913.3_prot_NP_417178.1_2658
ecoli:lcl|NC_000913.3_prot_NP_417179.1_2659	ecoli:lcl|NC_000913.3_prot_NP_417179.1_2659
ecoli:lcl|NC_000913.3_prot_NP_417180.1_2660	ecoli:lcl|NC_000913.3_prot_NP_417180.1_2660
ecoli:lcl|NC_000913.3_prot_NP_417181.1_2661	ecoli:lcl|NC_000913.3_prot_NP_417181.1_2661
ecoli:lcl|NC_000913.3_prot_YP_026180.1_2662	ecoli:lcl|NC_000913.3_prot_YP_026180.1_2662
ecoli:lcl|NC_000913.3_prot_YP_026181.1_2663	ecoli:lcl|NC_000913.3_prot_YP_026181.1_2663
ecoli:lcl|NC_000913.3_prot_NP_417184.1_2664	ecoli:lcl|NC_000913.3_prot_NP_417184.1_2664
ecoli:lcl|NC_000913.3_prot_NP_417185.1_2665	ecoli:lcl|NC_000913.3_prot_NP_417185.1_2665
ecoli:lcl|NC_000913.3_prot_NP_417186.1_2666	ecoli:lcl|NC_000913.3_prot_NP_417186.1_2666
ecoli:lcl|NC_000913.3_prot_NP_417187.1_2667	ecoli:lcl|NC_000913.3_prot_NP_417187.1_2667
ecoli:lcl|NC_000913.3_prot_NP_417189.2_2669	ecoli:lcl|NC_000913.3_prot_NP_417189.2_2669
ecoli:lcl|NC_000913.3_prot_NP_417190.1_2670	ecoli:lcl|NC_000913.3_prot_NP_417190.1_2670
ecoli:lcl|NC_000913.3_prot_NP_417191.1_2671	ecoli:lcl|NC_000913.3_prot_NP_417191.1_2671
ecoli:lcl|NC_000913.3_prot_NP_417192.1_2672	ecoli:lcl|NC_000913.3_prot_NP_417192.1_2672
ecoli:lcl|NC_000913.3_prot_NP_417194.2_2674	ecoli:lcl|NC_000913.3_prot_NP_417194.2_2674
ecoli:lcl|NC_000913.3_prot_YP_026182.1_2675	ecoli:lcl|NC_000913.3_prot_YP_026182.1_2675
ecoli:lcl|NC_000913.3_prot_NP_417197.1_2677	ecoli:lcl|NC_000913.3_prot_NP_417197.1_2677
ecoli:lcl|NC_000913.3_prot_NP_417198.1_2678	ecoli:lcl|NC_000913.3_prot_NP_417198.1_2678
ecoli:lcl|NC_000913.3_prot_NP_417198.1_2678	ecoli:lcl|NC_000913.3_prot_NP_416985.4_2468
ecoli:lcl|NC_000913.3_prot_NP_417199.1_2679	ecoli:lcl|NC_000913.3_prot_NP_417199.1_2679
ecoli:lcl|NC_000913.3_prot_NP_417199.1_2679	ecoli:lcl|NC_000913.3_prot_NP_416984.1_2467
ecoli:lcl|NC_000913.3_prot_NP_417200.1_2680	ecoli:lcl|NC_000913.3_prot_NP_417200.1_2680
ecoli:lcl|NC_000913.3_prot_NP_417200.1_2680	ecoli:lcl|NC_000913.3_prot_NP_416983.1_2466
ecoli:lcl|NC_000913.3_prot_NP_417201.1_2681	ecoli:lcl|NC_000913.3_prot_NP_417201.1_2681
ecoli:lcl|NC_000913.3_prot_NP_417201.1_2681	ecoli:lcl|NC_000913.3_prot_NP_416982.1_2465
ecoli:lcl|NC_000913.3_prot_NP_417202.1_2682	ecoli:lcl|NC_000913.3_prot_NP_417202.1_2682
ecoli:lcl|NC_000913.3_prot_NP_417202.1_2682	ecoli:lcl|NC_000913.3_prot_NP_416978.4_2461
ecoli:lcl|NC_000913.3_prot_NP_417203.1_2683	ecoli:lcl|NC_000913.3_prot_NP_417203.1_2683
ecoli:lcl|NC_000913.3_prot_NP_417204.1_2684	ecoli:lcl|NC_000913.3_prot_NP_417204.1_2684
ecoli:lcl|NC_000913.3_prot_NP_417204.1_2684	ecoli:lcl|NC_000913.3_prot_NP_416976.4_2459
ecoli:lcl|NC_000913.3_prot_NP_417205.1_2685	ecoli:lcl|NC_000913.3_prot_NP_417205.1_2685
ecoli:lcl|NC_000913.3_prot_NP_417207.1_2687	ecoli:lcl|NC_000913.3_prot_NP_417207.1_2687
ecoli:lcl|NC_000913.3_prot_NP_417209.1_2689	ecoli:lcl|NC_000913.3_prot_NP_417209.1_2689
ecoli:lcl|NC_000913.3_prot_NP_417210.2_2690	ecoli:lcl|NC_000913.3_prot_NP_417210.2_2690
ecoli:lcl|NC_000913.3_prot_NP_417211.1_2691	ecoli:lcl|NC_000913.3_prot_NP_417211.1_2691
ecoli:lcl|NC_000913.3_prot_NP_417212.1_2692	ecoli:lcl|NC_000913.3_prot_NP_417212.1_2692
ecoli:lcl|NC_000913.3_prot_NP_417213.1_2693	ecoli:lcl|NC_000913.3_prot_NP_417213.1_2693
ecoli:lcl|NC_000913.3_prot_NP_417214.1_2694	ecoli:lcl|NC_000913.3_prot_NP_417214.1_2694
ecoli:lcl|NC_000913.3_prot_NP_417214.1_2694	ecoli:lcl|NC_000913.3_prot_NP_416352.4_1834
ecoli:lcl|NC_000913.3_prot_NP_417215.2_2695	ecoli:lcl|NC_000913.3_prot_NP_417215.2_2695
ecoli:lcl|NC_000913.3_prot_NP_417216.1_2696	ecoli:lcl|NC_000913.3_prot_NP_417216.1_2696
ecoli:lcl|NC_000913.3_prot_NP_417217.1_2697	ecoli:lcl|NC_000913.3_prot_NP_417217.1_2697
ecoli:lcl|NC_000913.3_prot_NP_417218.1_2698	ecoli:lcl|NC_000913.3_prot_NP_417218.1_2698
ecoli:lcl|NC_000913.3_prot_NP_417219.1_2699	ecoli:lcl|NC_000913.3_prot_NP_417219.1_2699
ecoli:lcl|NC_000913.3_prot_NP_417220.1_2700	ecoli:lcl|NC_000913.3_prot_NP_417220.1_2700
ecoli:lcl|NC_000913.3_prot_NP_417221.1_2701	ecoli:lcl|NC_000913.3_prot_NP_417221.1_2701
ecoli:lcl|NC_000913.3_prot_NP_417222.1_2702	ecoli:lcl|NC_000913.3_prot_NP_417222.1_2702
ecoli:lcl|NC_000913.3_prot_NP_417223.1_2703	ecoli:lcl|NC_000913.3_prot_NP_417223.1_2703
ecoli:lcl|NC_000913.3_prot_NP_417224.1_2704	ecoli:lcl|NC_000913.3_prot_NP_417224.1_2704
ecoli:lcl|NC_000913.3_prot_NP_417225.1_2705	ecoli:lcl|NC_000913.3_prot_NP_417225.1_2705
ecoli:lcl|NC_000913.3_prot_NP_417226.1_2706	ecoli:lcl|NC_000913.3_prot_NP_417226.1_2706
ecoli:lcl|NC_000913.3_prot_NP_417227.1_2707	ecoli:lcl|NC_000913.3_prot_NP_417227.1_2707
ecoli:lcl|NC_000913.3_prot_NP_417228.1_2708	ecoli:lcl|NC_000913.3_prot_NP_417228.1_2708
ecoli:lcl|NC_000913.3_prot_NP_417229.1_2709	ecoli:lcl|NC_000913.3_prot_NP_417229.1_2709
ecoli:lcl|NC_000913.3_prot_NP_417230.1_2710	ecoli:lcl|NC_000913.3_prot_NP_417230.1_2710
ecoli:lcl|NC_000913.3_prot_NP_417231.1_2711	ecoli:lcl|NC_000913.3_prot_NP_417231.1_2711
ecoli:lcl|NC_000913.3_prot_NP_417232.1_2712	ecoli:lcl|NC_000913.3_prot_NP_417232.1_2712
ecoli:lcl|NC_000913.3_prot_NP_417233.1_2713	ecoli:lcl|NC_000913.3_prot_NP_417233.1_2713
ecoli:lcl|NC_000913.3_prot_NP_417234.2_2714	ecoli:lcl|NC_000913.3_prot_NP_417234.2_2714
ecoli:lcl|NC_000913.3_prot_NP_417235.1_2715	ecoli:lcl|NC_000913.3_prot_NP_417235.1_2715
ecoli:lcl|NC_000913.3_prot_NP_417236.1_2716	ecoli:lcl|NC_000913.3_prot_NP_417236.1_2716
ecoli:lcl|NC_000913.3_prot_NP_417237.2_2717	ecoli:lcl|NC_000913.3_prot_NP_417237.2_2717
ecoli:lcl|NC_000913.3_prot_NP_417238.1_2718	ecoli:lcl|NC_000913.3_prot_NP_417238.1_2718
ecoli:lcl|NC_000913.3_prot_NP_417239.1_2719	ecoli:lcl|NC_000913.3_prot_NP_417239.1_2719
ecoli:lcl|NC_000913.3_prot_NP_417240.1_2720	ecoli:lcl|NC_000913.3_prot_NP_417240.1_2720
ecoli:lcl|NC_000913.3_prot_NP_417241.1_2721	ecoli:lcl|NC_000913.3_prot_NP_417241.1_2721
ecoli:lcl|NC_000913.3_prot_NP_417242.1_2722	ecoli:lcl|NC_000913.3_prot_NP_417242.1_2722
ecoli:lcl|NC_000913.3_prot_NP_417243.1_2723	ecoli:lcl|NC_000913.3_prot_NP_417243.1_2723
ecoli:lcl|NC_000913.3_prot_NP_417244.1_2724	ecoli:lcl|NC_000913.3_prot_NP_417244.1_2724
ecoli:lcl|NC_000913.3_prot_NP_417245.1_2725	ecoli:lcl|NC_000913.3_prot_NP_417245.1_2725
ecoli:lcl|NC_000913.3_prot_NP_417246.4_2726	ecoli:lcl|NC_000913.3_prot_NP_417246.4_2726
ecoli:lcl|NC_000913.3_prot_NP_417247.2_2727	ecoli:lcl|NC_000913.3_prot_NP_417247.2_2727
ecoli:lcl|NC_000913.3_prot_NP_417248.1_2728	ecoli:lcl|NC_000913.3_prot_NP_417248.1_2728
ecoli:lcl|NC_000913.3_prot_NP_417249.4_2729	ecoli:lcl|NC_000913.3_prot_NP_417249.4_2729
ecoli:lcl|NC_000913.3_prot_NP_417250.4_2730	ecoli:lcl|NC_000913.3_prot_NP_417250.4_2730
ecoli:lcl|NC_000913.3_prot_NP_417251.2_2731	ecoli:lcl|NC_000913.3_prot_NP_417251.2_2731
ecoli:lcl|NC_000913.3_prot_YP_026183.1_2732	ecoli:lcl|NC_000913.3_prot_YP_026183.1_2732
ecoli:lcl|NC_000913.3_prot_NP_417254.4_2733	ecoli:lcl|NC_000913.3_prot_NP_417254.4_2733
ecoli:lcl|NC_000913.3_prot_NP_417255.1_2734	ecoli:lcl|NC_000913.3_prot_NP_417255.1_2734
ecoli:lcl|NC_000913.3_prot_NP_417256.1_2735	ecoli:lcl|NC_000913.3_prot_NP_417256.1_2735
ecoli:lcl|NC_000913.3_prot_NP_417257.1_2736	ecoli:lcl|NC_000913.3_prot_NP_417257.1_2736
ecoli:lcl|NC_000913.3_prot_YP_002791252.1_2737	ecoli:lcl|NC_000913.3_prot_YP_002791252.1_2737
ecoli:lcl|NC_000913.3_prot_NP_417258.4_2738	ecoli:lcl|NC_000913.3_prot_NP_417258.4_2738
ecoli:lcl|NC_000913.3_prot_NP_417259.1_2739	ecoli:lcl|NC_000913.3_prot_NP_417259.1_2739
ecoli:lcl|NC_000913.3_prot_NP_417260.1_2740	ecoli:lcl|NC_000913.3_prot_NP_417260.1_2740
ecoli:lcl|NC_000913.3_prot_NP_417261.1_2741	ecoli:lcl|NC_000913.3_prot_NP_417261.1_2741
ecoli:lcl|NC_000913.3_prot_NP_417262.1_2742	ecoli:lcl|NC_000913.3_prot_NP_417262.1_2742
ecoli:lcl|NC_000913.3_prot_NP_417263.1_2743	ecoli:lcl|NC_000913.3_prot_NP_417263.1_2743
ecoli:lcl|NC_000913.3_prot_NP_417264.1_2744	ecoli:lcl|NC_000913.3_prot_NP_417264.1_2744
ecoli:lcl|NC_000913.3_prot_NP_417265.1_2745	ecoli:lcl|NC_000913.3_prot_NP_417265.1_2745
ecoli:lcl|NC_000913.3_prot_NP_417266.1_2746	ecoli:lcl|NC_000913.3_prot_NP_417266.1_2746
ecoli:lcl|NC_000913.3_prot_NP_417268.1_2748	ecoli:lcl|NC_000913.3_prot_NP_417268.1_2748
ecoli:lcl|NC_000913.3_prot_NP_417268.1_2748	ecoli:lcl|NC_000913.3_prot_NP_417267.1_2747
ecoli:lcl|NC_000913.3_prot_NP_417269.1_2749	ecoli:lcl|NC_000913.3_prot_NP_417269.1_2749
ecoli:lcl|NC_000913.3_prot_NP_417269.1_2749	ecoli:lcl|NC_000913.3_prot_NP_417596.1_3073
ecoli:lcl|NC_000913.3_prot_NP_417269.1_2749	ecoli:lcl|NC_000913.3_prot_NP_418146.4_3638
ecoli:lcl|NC_000913.3_prot_NP_417270.1_2750	ecoli:lcl|NC_000913.3_prot_NP_417270.1_2750
ecoli:lcl|NC_000913.3_prot_NP_417271.1_2751	ecoli:lcl|NC_000913.3_prot_NP_417271.1_2751
ecoli:lcl|NC_000913.3_prot_NP_417272.1_2752	ecoli:lcl|NC_000913.3_prot_NP_417272.1_2752
ecoli:lcl|NC_000913.3_prot_NP_417273.1_2753	ecoli:lcl|NC_000913.3_prot_NP_417273.1_2753
ecoli:lcl|NC_000913.3_prot_NP_417274.1_2754	ecoli:lcl|NC_000913.3_prot_NP_417274.1_2754
ecoli:lcl|NC_000913.3_prot_NP_417275.1_2755	ecoli:lcl|NC_000913.3_prot_NP_417275.1_2755
ecoli:lcl|NC_000913.3_prot_NP_417278.4_2758	ecoli:lcl|NC_000913.3_prot_NP_417278.4_2758
ecoli:lcl|NC_000913.3_prot_NP_417279.2_2759	ecoli:lcl|NC_000913.3_prot_NP_417279.2_2759
ecoli:lcl|NC_000913.3_prot_NP_417280.1_2760	ecoli:lcl|NC_000913.3_prot_NP_417280.1_2760
ecoli:lcl|NC_000913.3_prot_NP_417281.1_2761	ecoli:lcl|NC_000913.3_prot_NP_417281.1_2761
ecoli:lcl|NC_000913.3_prot_NP_417282.1_2762	ecoli:lcl|NC_000913.3_prot_NP_417282.1_2762
ecoli:lcl|NC_000913.3_prot_NP_417283.2_2763	ecoli:lcl|NC_000913.3_prot_NP_417283.2_2763
ecoli:lcl|NC_000913.3_prot_NP_417284.1_2764	ecoli:lcl|NC_000913.3_prot_NP_417284.1_2764
ecoli:lcl|NC_000913.3_prot_NP_417285.1_2765	ecoli:lcl|NC_000913.3_prot_NP_417285.1_2765
ecoli:lcl|NC_000913.3_prot_NP_417286.1_2766	ecoli:lcl|NC_000913.3_prot_NP_417286.1_2766
ecoli:lcl|NC_000913.3_prot_NP_417287.1_2767	ecoli:lcl|NC_000913.3_prot_NP_417287.1_2767
ecoli:lcl|NC_000913.3_prot_NP_417288.1_2768	ecoli:lcl|NC_000913.3_prot_NP_417288.1_2768
ecoli:lcl|NC_000913.3_prot_NP_417290.1_2770	ecoli:lcl|NC_000913.3_prot_NP_417290.1_2770
ecoli:lcl|NC_000913.3_prot_NP_417291.1_2771	ecoli:lcl|NC_000913.3_prot_NP_417291.1_2771
ecoli:lcl|NC_000913.3_prot_NP_417292.1_2772	ecoli:lcl|NC_000913.3_prot_NP_417292.1_2772
ecoli:lcl|NC_000913.3_prot_NP_417293.1_2773	ecoli:lcl|NC_000913.3_prot_NP_417293.1_2773
ecoli:lcl|NC_000913.3_prot_NP_417294.4_2774	ecoli:lcl|NC_000913.3_prot_NP_417294.4_2774
ecoli:lcl|NC_000913.3_prot_NP_417295.1_2775	ecoli:lcl|NC_000913.3_prot_NP_417295.1_2775
ecoli:lcl|NC_000913.3_prot_NP_417296.1_2776	ecoli:lcl|NC_000913.3_prot_NP_417296.1_2776
ecoli:lcl|NC_000913.3_prot_NP_417297.1_2777	ecoli:lcl|NC_000913.3_prot_NP_417297.1_2777
ecoli:lcl|NC_000913.3_prot_NP_417298.1_2778	ecoli:lcl|NC_000913.3_prot_NP_417298.1_2778
ecoli:lcl|NC_000913.3_prot_NP_417299.1_2779	ecoli:lcl|NC_000913.3_prot_NP_417299.1_2779
ecoli:lcl|NC_000913.3_prot_NP_417300.1_2780	ecoli:lcl|NC_000913.3_prot_NP_417300.1_2780
ecoli:lcl|NC_000913.3_prot_NP_417301.4_2781	ecoli:lcl|NC_000913.3_prot_NP_417301.4_2781
ecoli:lcl|NC_000913.3_prot_NP_417302.1_2782	ecoli:lcl|NC_000913.3_prot_NP_417302.1_2782
ecoli:lcl|NC_000913.3_prot_NP_417303.1_2783	ecoli:lcl|NC_000913.3_prot_NP_417303.1_2783
ecoli:lcl|NC_000913.3_prot_NP_417304.1_2784	ecoli:lcl|NC_000913.3_prot_NP_417304.1_2784
ecoli:lcl|NC_000913.3_prot_NP_417305.1_2785	ecoli:lcl|NC_000913.3_prot_NP_417305.1_2785
ecoli:lcl|NC_000913.3_prot_NP_417306.1_2786	ecoli:lcl|NC_000913.3_prot_NP_417306.1_2786
ecoli:lcl|NC_000913.3_prot_NP_417307.1_2787	ecoli:lcl|NC_000913.3_prot_NP_417307.1_2787
ecoli:lcl|NC_000913.3_prot_YP_009518810.1_2788	ecoli:lcl|NC_000913.3_prot_YP_009518810.1_2788
ecoli:lcl|NC_000913.3_prot_NP_417308.1_2789	ecoli:lcl|NC_000913.3_prot_NP_417308.1_2789
ecoli:lcl|NC_000913.3_prot_NP_417309.1_2790	ecoli:lcl|NC_000913.3_prot_NP_417309.1_2790
ecoli:lcl|NC_000913.3_prot_NP_417310.1_2791	ecoli:lcl|NC_000913.3_prot_NP_417310.1_2791
ecoli:lcl|NC_000913.3_prot_NP_417310.1_2791	ecoli:lcl|NC_000913.3_prot_NP_417289.2_2769
ecoli:lcl|NC_000913.3_prot_NP_417311.1_2792	ecoli:lcl|NC_000913.3_prot_NP_417311.1_2792
ecoli:lcl|NC_000913.3_prot_NP_417312.1_2793	ecoli:lcl|NC_000913.3_prot_NP_417312.1_2793
ecoli:lcl|NC_000913.3_prot_NP_417313.1_2794	ecoli:lcl|NC_000913.3_prot_NP_417313.1_2794
ecoli:lcl|NC_000913.3_prot_NP_417314.1_2795	ecoli:lcl|NC_000913.3_prot_NP_417314.1_2795
ecoli:lcl|NC_000913.3_prot_NP_417314.1_2795	ecoli:lcl|NC_000913.3_prot_NP_416656.1_2132
ecoli:lcl|NC_000913.3_prot_NP_417315.1_2796	ecoli:lcl|NC_000913.3_prot_NP_417315.1_2796
ecoli:lcl|NC_000913.3_prot_NP_417316.1_2797	ecoli:lcl|NC_000913.3_prot_NP_417316.1_2797
ecoli:lcl|NC_000913.3_prot_NP_417317.1_2798	ecoli:lcl|NC_000913.3_prot_NP_417317.1_2798
ecoli:lcl|NC_000913.3_prot_NP_417319.1_2800	ecoli:lcl|NC_000913.3_prot_NP_417319.1_2800
ecoli:lcl|NC_000913.3_prot_NP_417320.1_2801	ecoli:lcl|NC_000913.3_prot_NP_417320.1_2801
ecoli:lcl|NC_000913.3_prot_NP_417321.2_2802	ecoli:lcl|NC_000913.3_prot_NP_417321.2_2802
ecoli:lcl|NC_000913.3_prot_NP_417321.2_2802	ecoli:lcl|NC_000913.3_prot_NP_416728.1_2205
ecoli:lcl|NC_000913.3_prot_NP_417322.1_2803	ecoli:lcl|NC_000913.3_prot_NP_417322.1_2803
ecoli:lcl|NC_000913.3_prot_NP_417323.2_2804	ecoli:lcl|NC_000913.3_prot_NP_417323.2_2804
ecoli:lcl|NC_000913.3_prot_NP_417324.1_2805	ecoli:lcl|NC_000913.3_prot_NP_417324.1_2805
ecoli:lcl|NC_000913.3_prot_NP_417325.4_2806	ecoli:lcl|NC_000913.3_prot_NP_417325.4_2806
ecoli:lcl|NC_000913.3_prot_YP_002791253.1_2807	ecoli:lcl|NC_000913.3_prot_YP_002791253.1_2807
ecoli:lcl|NC_000913.3_prot_NP_417326.2_2808	ecoli:lcl|NC_000913.3_prot_NP_417326.2_2808
ecoli:lcl|NC_000913.3_prot_NP_417328.1_2809	ecoli:lcl|NC_000913.3_prot_NP_417328.1_2809
ecoli:lcl|NC_000913.3_prot_NP_417329.1_2810	ecoli:lcl|NC_000913.3_prot_NP_417329.1_2810
ecoli:lcl|NC_000913.3_prot_NP_417330.1_2811	ecoli:lcl|NC_000913.3_prot_NP_417330.1_2811
ecoli:lcl|NC_000913.3_prot_YP_009518811.1_2814	ecoli:lcl|NC_000913.3_prot_YP_009518811.1_2814
ecoli:lcl|NC_000913.3_prot_NP_417341.4_2815	ecoli:lcl|NC_000913.3_prot_NP_417341.4_2815
ecoli:lcl|NC_000913.3_prot_NP_417342.1_2816	ecoli:lcl|NC_000913.3_prot_NP_417342.1_2816
ecoli:lcl|NC_000913.3_prot_NP_417343.1_2817	ecoli:lcl|NC_000913.3_prot_NP_417343.1_2817
ecoli:lcl|NC_000913.3_prot_NP_417344.1_2818	ecoli:lcl|NC_000913.3_prot_NP_417344.1_2818
ecoli:lcl|NC_000913.3_prot_NP_417345.1_2819	ecoli:lcl|NC_000913.3_prot_NP_417345.1_2819
ecoli:lcl|NC_000913.3_prot_YP_026185.1_2820	ecoli:lcl|NC_000913.3_prot_YP_026185.1_2820
ecoli:lcl|NC_000913.3_prot_NP_417347.1_2821	ecoli:lcl|NC_000913.3_prot_NP_417347.1_2821
ecoli:lcl|NC_000913.3_prot_NP_417348.1_2822	ecoli:lcl|NC_000913.3_prot_NP_417348.1_2822
ecoli:lcl|NC_000913.3_prot_NP_417349.4_2823	ecoli:lcl|NC_000913.3_prot_NP_417349.4_2823
ecoli:lcl|NC_000913.3_prot_NP_417350.1_2824	ecoli:lcl|NC_000913.3_prot_NP_417350.1_2824
ecoli:lcl|NC_000913.3_prot_NP_417351.1_2825	ecoli:lcl|NC_000913.3_prot_NP_417351.1_2825
ecoli:lcl|NC_000913.3_prot_NP_417352.2_2826	ecoli:lcl|NC_000913.3_prot_NP_417352.2_2826
ecoli:lcl|NC_000913.3_prot_NP_417353.1_2827	ecoli:lcl|NC_000913.3_prot_NP_417353.1_2827
ecoli:lcl|NC_000913.3_prot_NP_417354.1_2828	ecoli:lcl|NC_000913.3_prot_NP_417354.1_2828
ecoli:lcl|NC_000913.3_prot_NP_417355.4_2829	ecoli:lcl|NC_000913.3_prot_NP_417355.4_2829
ecoli:lcl|NC_000913.3_prot_NP_417356.1_2830	ecoli:lcl|NC_000913.3_prot_NP_417356.1_2830
ecoli:lcl|NC_000913.3_prot_NP_417357.1_2831	ecoli:lcl|NC_000913.3_prot_NP_417357.1_2831
ecoli:lcl|NC_000913.3_prot_NP_417358.2_2832	ecoli:lcl|NC_000913.3_prot_NP_417358.2_2832
ecoli:lcl|NC_000913.3_prot_NP_417359.1_2833	ecoli:lcl|NC_000913.3_prot_NP_417359.1_2833
ecoli:lcl|NC_000913.3_prot_NP_417362.4_2835	ecoli:lcl|NC_000913.3_prot_NP_417362.4_2835
ecoli:lcl|NC_000913.3_prot_NP_417364.2_2837	ecoli:lcl|NC_000913.3_prot_NP_417364.2_2837
ecoli:lcl|NC_000913.3_prot_YP_002791254.1_2838	ecoli:lcl|NC_000913.3_prot_YP_002791254.1_2838
ecoli:lcl|NC_000913.3_prot_YP_009518812.1_2839	ecoli:lcl|NC_000913.3_prot_YP_009518812.1_2839
ecoli:lcl|NC_000913.3_prot_NP_417365.1_2840	ecoli:lcl|NC_000913.3_prot_NP_417365.1_2840
ecoli:lcl|NC_000913.3_prot_NP_417367.1_2842	ecoli:lcl|NC_000913.3_prot_NP_417367.1_2842
ecoli:lcl|NC_000913.3_prot_NP_417368.1_2843	ecoli:lcl|NC_000913.3_prot_NP_417368.1_2843
ecoli:lcl|NC_000913.3_prot_NP_417369.1_2844	ecoli:lcl|NC_000913.3_prot_NP_417369.1_2844
ecoli:lcl|NC_000913.3_prot_NP_417370.1_2845	ecoli:lcl|NC_000913.3_prot_NP_417370.1_2845
ecoli:lcl|NC_000913.3_prot_NP_417371.1_2846	ecoli:lcl|NC_000913.3_prot_NP_417371.1_2846
ecoli:lcl|NC_000913.3_prot_NP_417372.1_2847	ecoli:lcl|NC_000913.3_prot_NP_417372.1_2847
ecoli:lcl|NC_000913.3_prot_NP_417373.1_2848	ecoli:lcl|NC_000913.3_prot_NP_417373.1_2848
ecoli:lcl|NC_000913.3_prot_NP_417374.1_2849	ecoli:lcl|NC_000913.3_prot_NP_417374.1_2849
ecoli:lcl|NC_000913.3_prot_NP_417375.1_2850	ecoli:lcl|NC_000913.3_prot_NP_417375.1_2850
ecoli:lcl|NC_000913.3_prot_NP_417376.1_2851	ecoli:lcl|NC_000913.3_prot_NP_417376.1_2851
ecoli:lcl|NC_000913.3_prot_NP_417378.1_2853	ecoli:lcl|NC_000913.3_prot_NP_417378.1_2853
ecoli:lcl|NC_000913.3_prot_NP_417379.1_2854	ecoli:lcl|NC_000913.3_prot_NP_417379.1_2854
ecoli:lcl|NC_000913.3_prot_NP_417380.1_2855	ecoli:lcl|NC_000913.3_prot_NP_417380.1_2855
ecoli:lcl|NC_000913.3_prot_NP_417381.1_2856	ecoli:lcl|NC_000913.3_prot_NP_417381.1_2856
ecoli:lcl|NC_000913.3_prot_YP_009518813.1_2857	ecoli:lcl|NC_000913.3_prot_YP_009518813.1_2857
ecoli:lcl|NC_000913.3_prot_NP_417382.1_2858	ecoli:lcl|NC_000913.3_prot_NP_417382.1_2858
ecoli:lcl|NC_000913.3_prot_NP_417383.1_2859	ecoli:lcl|NC_000913.3_prot_NP_417383.1_2859
ecoli:lcl|NC_000913.3_prot_NP_417384.1_2860	ecoli:lcl|NC_000913.3_prot_NP_417384.1_2860
ecoli:lcl|NC_000913.3_prot_NP_417385.4_2861	ecoli:lcl|NC_000913.3_prot_NP_417385.4_2861
ecoli:lcl|NC_000913.3_prot_NP_417386.1_2862	ecoli:lcl|NC_000913.3_prot_NP_417386.1_2862
ecoli:lcl|NC_000913.3_prot_NP_417387.3_2863	ecoli:lcl|NC_000913.3_prot_NP_417387.3_2863
ecoli:lcl|NC_000913.3_prot_YP_002791255.1_2864	ecoli:lcl|NC_000913.3_prot_YP_002791255.1_2864
ecoli:lcl|NC_000913.3_prot_YP_002791255.1_2864	ecoli:lcl|NC_000913.3_prot_YP_002791256.1_3000
ecoli:lcl|NC_000913.3_prot_YP_002791255.1_2864	ecoli:lcl|NC_000913.3_prot_YP_002791257.1_3001
ecoli:lcl|NC_000913.3_prot_NP_417388.1_2865	ecoli:lcl|NC_000913.3_prot_NP_417388.1_2865
ecoli:lcl|NC_000913.3_prot_NP_417389.1_2866	ecoli:lcl|NC_000913.3_prot_NP_417389.1_2866
ecoli:lcl|NC_000913.3_prot_NP_417391.1_2867	ecoli:lcl|NC_000913.3_prot_NP_417391.1_2867
ecoli:lcl|NC_000913.3_prot_NP_417392.1_2868	ecoli:lcl|NC_000913.3_prot_NP_417392.1_2868
ecoli:lcl|NC_000913.3_prot_NP_417393.1_2869	ecoli:lcl|NC_000913.3_prot_NP_417393.1_2869
ecoli:lcl|NC_000913.3_prot_NP_417394.4_2870	ecoli:lcl|NC_000913.3_prot_NP_417394.4_2870
ecoli:lcl|NC_000913.3_prot_NP_417395.1_2871	ecoli:lcl|NC_000913.3_prot_NP_417395.1_2871
ecoli:lcl|NC_000913.3_prot_NP_417396.4_2872	ecoli:lcl|NC_000913.3_prot_NP_417396.4_2872
ecoli:lcl|NC_000913.3_prot_NP_417397.1_2873	ecoli:lcl|NC_000913.3_prot_NP_417397.1_2873
ecoli:lcl|NC_000913.3_prot_NP_417398.1_2874	ecoli:lcl|NC_000913.3_prot_NP_417398.1_2874
ecoli:lcl|NC_000913.3_prot_NP_417399.1_2875	ecoli:lcl|NC_000913.3_prot_NP_417399.1_2875
ecoli:lcl|NC_000913.3_prot_NP_417400.1_2876	ecoli:lcl|NC_000913.3_prot_NP_417400.1_2876
ecoli:lcl|NC_000913.3_prot_NP_417401.1_2877	ecoli:lcl|NC_000913.3_prot_NP_417401.1_2877
ecoli:lcl|NC_000913.3_prot_NP_417402.1_2878	ecoli:lcl|NC_000913.3_prot_NP_417402.1_2878
ecoli:lcl|NC_000913.3_prot_NP_417402.1_2878	ecoli:lcl|NC_000913.3_prot_NP_416293.1_1771
ecoli:lcl|NC_000913.3_prot_NP_417403.1_2879	ecoli:lcl|NC_000913.3_prot_NP_417403.1_2879
ecoli:lcl|NC_000913.3_prot_NP_417404.1_2880	ecoli:lcl|NC_000913.3_prot_NP_417404.1_2880
ecoli:lcl|NC_000913.3_prot_YP_026187.1_2882	ecoli:lcl|NC_000913.3_prot_YP_026187.1_2882
ecoli:lcl|NC_000913.3_prot_NP_417409.1_2884	ecoli:lcl|NC_000913.3_prot_NP_417409.1_2884
ecoli:lcl|NC_000913.3_prot_YP_026188.1_2885	ecoli:lcl|NC_000913.3_prot_YP_026188.1_2885
ecoli:lcl|NC_000913.3_prot_YP_026188.1_2885	ecoli:lcl|NC_000913.3_prot_NP_416960.1_2441
ecoli:lcl|NC_000913.3_prot_NP_417411.2_2886	ecoli:lcl|NC_000913.3_prot_NP_417411.2_2886
ecoli:lcl|NC_000913.3_prot_NP_417411.2_2886	ecoli:lcl|NC_000913.3_prot_NP_415429.2_885
ecoli:lcl|NC_000913.3_prot_NP_417412.1_2887	ecoli:lcl|NC_000913.3_prot_NP_417412.1_2887
ecoli:lcl|NC_000913.3_prot_NP_417413.1_2888	ecoli:lcl|NC_000913.3_prot_NP_417413.1_2888
ecoli:lcl|NC_000913.3_prot_NP_417414.2_2889	ecoli:lcl|NC_000913.3_prot_NP_417414.2_2889
ecoli:lcl|NC_000913.3_prot_YP_010051195.1_2890	ecoli:lcl|NC_000913.3_prot_YP_010051195.1_2890
ecoli:lcl|NC_000913.3_prot_NP_417415.1_2891	ecoli:lcl|NC_000913.3_prot_NP_417415.1_2891
ecoli:lcl|NC_000913.3_prot_YP_009518814.1_2892	ecoli:lcl|NC_000913.3_prot_YP_009518814.1_2892
ecoli:lcl|NC_000913.3_prot_NP_417417.1_2893	ecoli:lcl|NC_000913.3_prot_NP_417417.1_2893
ecoli:lcl|NC_000913.3_prot_NP_417418.1_2894	ecoli:lcl|NC_000913.3_prot_NP_417418.1_2894
ecoli:lcl|NC_000913.3_prot_NP_417418.1_2894	ecoli:lcl|NC_000913.3_prot_NP_417318.1_2799
ecoli:lcl|NC_000913.3_prot_NP_417419.1_2895	ecoli:lcl|NC_000913.3_prot_NP_417419.1_2895
ecoli:lcl|NC_000913.3_prot_NP_417420.1_2896	ecoli:lcl|NC_000913.3_prot_NP_417420.1_2896
ecoli:lcl|NC_000913.3_prot_NP_417421.4_2897	ecoli:lcl|NC_000913.3_prot_NP_417421.4_2897
ecoli:lcl|NC_000913.3_prot_NP_417422.1_2898	ecoli:lcl|NC_000913.3_prot_NP_417422.1_2898
ecoli:lcl|NC_000913.3_prot_NP_417423.4_2899	ecoli:lcl|NC_000913.3_prot_NP_417423.4_2899
ecoli:lcl|NC_000913.3_prot_NP_417424.1_2900	ecoli:lcl|NC_000913.3_prot_NP_417424.1_2900
ecoli:lcl|NC_000913.3_prot_NP_417425.2_2901	ecoli:lcl|NC_000913.3_prot_NP_417425.2_2901
ecoli:lcl|NC_000913.3_prot_NP_417426.1_2902	ecoli:lcl|NC_000913.3_prot_NP_417426.1_2902
ecoli:lcl|NC_000913.3_prot_NP_417427.1_2903	ecoli:lcl|NC_000913.3_prot_NP_417427.1_2903
ecoli:lcl|NC_000913.3_prot_NP_417428.2_2904	ecoli:lcl|NC_000913.3_prot_NP_417428.2_2904
ecoli:lcl|NC_000913.3_prot_NP_417429.1_2905	ecoli:lcl|NC_000913.3_prot_NP_417429.1_2905
ecoli:lcl|NC_000913.3_prot_NP_417430.1_2906	ecoli:lcl|NC_000913.3_prot_NP_417430.1_2906
ecoli:lcl|NC_000913.3_prot_NP_417431.1_2907	ecoli:lcl|NC_000913.3_prot_NP_417431.1_2907
ecoli:lcl|NC_000913.3_prot_NP_417432.1_2908	ecoli:lcl|NC_000913.3_prot_NP_417432.1_2908
ecoli:lcl|NC_000913.3_prot_NP_417433.1_2909	ecoli:lcl|NC_000913.3_prot_NP_417433.1_2909
ecoli:lcl|NC_000913.3_prot_NP_417434.4_2910	ecoli:lcl|NC_000913.3_prot_NP_417434.4_2910
ecoli:lcl|NC_000913.3_prot_NP_417435.1_2911	ecoli:lcl|NC_000913.3_prot_NP_417435.1_2911
ecoli:lcl|NC_000913.3_prot_NP_417436.1_2912	ecoli:lcl|NC_000913.3_prot_NP_417436.1_2912
ecoli:lcl|NC_000913.3_prot_NP_417437.1_2913	ecoli:lcl|NC_000913.3_prot_NP_417437.1_2913
ecoli:lcl|NC_000913.3_prot_NP_417438.2_2914	ecoli:lcl|NC_000913.3_prot_NP_417438.2_2914
ecoli:lcl|NC_000913.3_prot_NP_417439.4_2915	ecoli:lcl|NC_000913.3_prot_NP_417439.4_2915
ecoli:lcl|NC_000913.3_prot_NP_417439.4_2915	ecoli:lcl|NC_000913.3_prot_NP_416901.1_2381
ecoli:lcl|NC_000913.3_prot_NP_417440.4_2916	ecoli:lcl|NC_000913.3_prot_NP_417440.4_2916
ecoli:lcl|NC_000913.3_prot_YP_010051196.1_2917	ecoli:lcl|NC_000913.3_prot_YP_010051196.1_2917
ecoli:lcl|NC_000913.3_prot_NP_417441.1_2918	ecoli:lcl|NC_000913.3_prot_NP_417441.1_2918
ecoli:lcl|NC_000913.3_prot_NP_417442.1_2919	ecoli:lcl|NC_000913.3_prot_NP_417442.1_2919
ecoli:lcl|NC_000913.3_prot_YP_010051197.1_2920	ecoli:lcl|NC_000913.3_prot_YP_010051197.1_2920
ecoli:lcl|NC_000913.3_prot_YP_010051198.1_2921	ecoli:lcl|NC_000913.3_prot_YP_010051198.1_2921
ecoli:lcl|NC_000913.3_prot_YP_010051199.1_2922	ecoli:lcl|NC_000913.3_prot_YP_010051199.1_2922
ecoli:lcl|NC_000913.3_prot_NP_417445.1_2923	ecoli:lcl|NC_000913.3_prot_NP_417445.1_2923
ecoli:lcl|NC_000913.3_prot_NP_417446.4_2924	ecoli:lcl|NC_000913.3_prot_NP_417446.4_2924
ecoli:lcl|NC_000913.3_prot_YP_026189.1_2925	ecoli:lcl|NC_000913.3_prot_YP_026189.1_2925
ecoli:lcl|NC_000913.3_prot_NP_417450.1_2927	ecoli:lcl|NC_000913.3_prot_NP_417450.1_2927
ecoli:lcl|NC_000913.3_prot_NP_417451.1_2928	ecoli:lcl|NC_000913.3_prot_NP_417451.1_2928
ecoli:lcl|NC_000913.3_prot_YP_026190.1_2929	ecoli:lcl|NC_000913.3_prot_YP_026190.1_2929
ecoli:lcl|NC_000913.3_prot_YP_026191.1_2930	ecoli:lcl|NC_000913.3_prot_YP_026191.1_2930
ecoli:lcl|NC_000913.3_prot_NP_417453.1_2931	ecoli:lcl|NC_000913.3_prot_NP_417453.1_2931
ecoli:lcl|NC_000913.3_prot_NP_417454.1_2932	ecoli:lcl|NC_000913.3_prot_NP_417454.1_2932
ecoli:lcl|NC_000913.3_prot_YP_009518815.1_2933	ecoli:lcl|NC_000913.3_prot_YP_009518815.1_2933
ecoli:lcl|NC_000913.3_prot_YP_026192.1_2935	ecoli:lcl|NC_000913.3_prot_YP_026192.1_2935
ecoli:lcl|NC_000913.3_prot_NP_417458.1_2936	ecoli:lcl|NC_000913.3_prot_NP_417458.1_2936
ecoli:lcl|NC_000913.3_prot_NP_417459.1_2937	ecoli:lcl|NC_000913.3_prot_NP_417459.1_2937
ecoli:lcl|NC_000913.3_prot_NP_417460.1_2938	ecoli:lcl|NC_000913.3_prot_NP_417460.1_2938
ecoli:lcl|NC_000913.3_prot_NP_417462.1_2940	ecoli:lcl|NC_000913.3_prot_NP_417462.1_2940
ecoli:lcl|NC_000913.3_prot_NP_417463.4_2941	ecoli:lcl|NC_000913.3_prot_NP_417463.4_2941
ecoli:lcl|NC_000913.3_prot_NP_417464.1_2942	ecoli:lcl|NC_000913.3_prot_NP_417464.1_2942
ecoli:lcl|NC_000913.3_prot_NP_417464.1_2942	ecoli:lcl|NC_000913.3_prot_NP_417208.1_2688
ecoli:lcl|NC_000913.3_prot_NP_417465.1_2943	ecoli:lcl|NC_000913.3_prot_NP_417465.1_2943
ecoli:lcl|NC_000913.3_prot_NP_417465.1_2943	ecoli:lcl|NC_000913.3_prot_NP_417206.1_2686
ecoli:lcl|NC_000913.3_prot_NP_417466.1_2944	ecoli:lcl|NC_000913.3_prot_NP_417466.1_2944
ecoli:lcl|NC_000913.3_prot_NP_417467.1_2945	ecoli:lcl|NC_000913.3_prot_NP_417467.1_2945
ecoli:lcl|NC_000913.3_prot_NP_417468.1_2946	ecoli:lcl|NC_000913.3_prot_NP_417468.1_2946
ecoli:lcl|NC_000913.3_prot_NP_417468.1_2946	ecoli:lcl|NC_000913.3_prot_NP_415492.1_948
ecoli:lcl|NC_000913.3_prot_NP_417469.1_2947	ecoli:lcl|NC_000913.3_prot_NP_417469.1_2947
ecoli:lcl|NC_000913.3_prot_NP_417470.1_2948	ecoli:lcl|NC_000913.3_prot_NP_417470.1_2948
ecoli:lcl|NC_000913.3_prot_NP_417471.1_2949	ecoli:lcl|NC_000913.3_prot_NP_417471.1_2949
ecoli:lcl|NC_000913.3_prot_NP_417472.1_2950	ecoli:lcl|NC_000913.3_prot_NP_417472.1_2950
ecoli:lcl|NC_000913.3_prot_YP_009518816.1_2951	ecoli:lcl|NC_000913.3_prot_YP_009518816.1_2951
ecoli:lcl|NC_000913.3_prot_NP_417474.1_2952	ecoli:lcl|NC_000913.3_prot_NP_417474.1_2952
ecoli:lcl|NC_000913.3_prot_NP_417475.1_2953	ecoli:lcl|NC_000913.3_prot_NP_417475.1_2953
ecoli:lcl|NC_000913.3_prot_NP_417476.1_2954	ecoli:lcl|NC_000913.3_prot_NP_417476.1_2954
ecoli:lcl|NC_000913.3_prot_NP_417478.1_2955	ecoli:lcl|NC_000913.3_prot_NP_417478.1_2955
ecoli:lcl|NC_000913.3_prot_NP_417479.1_2956	ecoli:lcl|NC_000913.3_prot_NP_417479.1_2956
ecoli:lcl|NC_000913.3_prot_NP_417481.1_2957	ecoli:lcl|NC_000913.3_prot_NP_417481.1_2957
ecoli:lcl|NC_000913.3_prot_NP_417483.2_2959	ecoli:lcl|NC_000913.3_prot_NP_417483.2_2959
ecoli:lcl|NC_000913.3_prot_NP_417484.1_2960	ecoli:lcl|NC_000913.3_prot_NP_417484.1_2960
ecoli:lcl|NC_000913.3_prot_NP_417485.4_2961	ecoli:lcl|NC_000913.3_prot_NP_417485.4_2961
ecoli:lcl|NC_000913.3_prot_YP_026195.1_2962	ecoli:lcl|NC_000913.3_prot_YP_026195.1_2962
ecoli:lcl|NC_000913.3_prot_NP_417487.1_2963	ecoli:lcl|NC_000913.3_prot_NP_417487.1_2963
ecoli:lcl|NC_000913.3_prot_YP_026196.1_2964	ecoli:lcl|NC_000913.3_prot_YP_026196.1_2964
ecoli:lcl|NC_000913.3_prot_NP_417489.1_2965	ecoli:lcl|NC_000913.3_prot_NP_417489.1_2965
ecoli:lcl|NC_000913.3_prot_NP_417490.1_2966	ecoli:lcl|NC_000913.3_prot_NP_417490.1_2966
ecoli:lcl|NC_000913.3_prot_NP_417491.1_2967	ecoli:lcl|NC_000913.3_prot_NP_417491.1_2967
ecoli:lcl|NC_000913.3_prot_NP_417491.1_2967	ecoli:lcl|NC_000913.3_prot_NP_416734.1_2210
ecoli:lcl|NC_000913.3_prot_NP_417492.1_2968	ecoli:lcl|NC_000913.3_prot_NP_417492.1_2968
ecoli:lcl|NC_000913.3_prot_NP_417493.1_2969	ecoli:lcl|NC_000913.3_prot_NP_417493.1_2969
ecoli:lcl|NC_000913.3_prot_NP_417494.1_2970	ecoli:lcl|NC_000913.3_prot_NP_417494.1_2970
ecoli:lcl|NC_000913.3_prot_YP_026197.1_2971	ecoli:lcl|NC_000913.3_prot_YP_026197.1_2971
ecoli:lcl|NC_000913.3_prot_NP_417496.1_2972	ecoli:lcl|NC_000913.3_prot_NP_417496.1_2972
ecoli:lcl|NC_000913.3_prot_NP_417497.1_2973	ecoli:lcl|NC_000913.3_prot_NP_417497.1_2973
ecoli:lcl|NC_000913.3_prot_NP_417498.1_2974	ecoli:lcl|NC_000913.3_prot_NP_417498.1_2974
ecoli:lcl|NC_000913.3_prot_NP_417499.1_2975	ecoli:lcl|NC_000913.3_prot_NP_417499.1_2975
ecoli:lcl|NC_000913.3_prot_NP_417500.1_2976	ecoli:lcl|NC_000913.3_prot_NP_417500.1_2976
ecoli:lcl|NC_000913.3_prot_NP_417501.1_2977	ecoli:lcl|NC_000913.3_prot_NP_417501.1_2977
ecoli:lcl|NC_000913.3_prot_NP_417503.1_2979	ecoli:lcl|NC_000913.3_prot_NP_417503.1_2979
ecoli:lcl|NC_000913.3_prot_NP_417504.1_2980	ecoli:lcl|NC_000913.3_prot_NP_417504.1_2980
ecoli:lcl|NC_000913.3_prot_NP_417505.1_2981	ecoli:lcl|NC_000913.3_prot_NP_417505.1_2981
ecoli:lcl|NC_000913.3_prot_NP_417506.1_2982	ecoli:lcl|NC_000913.3_prot_NP_417506.1_2982
ecoli:lcl|NC_000913.3_prot_NP_417507.2_2983	ecoli:lcl|NC_000913.3_prot_NP_417507.2_2983
ecoli:lcl|NC_000913.3_prot_NP_417509.3_2984	ecoli:lcl|NC_000913.3_prot_NP_417509.3_2984
ecoli:lcl|NC_000913.3_prot_NP_417510.1_2985	ecoli:lcl|NC_000913.3_prot_NP_417510.1_2985
ecoli:lcl|NC_000913.3_prot_NP_417511.3_2986	ecoli:lcl|NC_000913.3_prot_NP_417511.3_2986
ecoli:lcl|NC_000913.3_prot_NP_417512.1_2987	ecoli:lcl|NC_000913.3_prot_NP_417512.1_2987
ecoli:lcl|NC_000913.3_prot_YP_009518818.1_2988	ecoli:lcl|NC_000913.3_prot_YP_009518818.1_2988
ecoli:lcl|NC_000913.3_prot_NP_417513.1_2989	ecoli:lcl|NC_000913.3_prot_NP_417513.1_2989
ecoli:lcl|NC_000913.3_prot_NP_417514.4_2990	ecoli:lcl|NC_000913.3_prot_NP_417514.4_2990
ecoli:lcl|NC_000913.3_prot_NP_417515.1_2991	ecoli:lcl|NC_000913.3_prot_NP_417515.1_2991
ecoli:lcl|NC_000913.3_prot_b3046_2992	ecoli:lcl|NC_000913.3_prot_b3046_2992
ecoli:lcl|NC_000913.3_prot_NP_417519.4_2995	ecoli:lcl|NC_000913.3_prot_NP_417519.4_2995
ecoli:lcl|NC_000913.3_prot_NP_417520.1_2996	ecoli:lcl|NC_000913.3_prot_NP_417520.1_2996
ecoli:lcl|NC_000913.3_prot_NP_417521.1_2997	ecoli:lcl|NC_000913.3_prot_NP_417521.1_2997
ecoli:lcl|NC_000913.3_prot_NP_417522.1_2998	ecoli:lcl|NC_000913.3_prot_NP_417522.1_2998
ecoli:lcl|NC_000913.3_prot_NP_417523.1_2999	ecoli:lcl|NC_000913.3_prot_NP_417523.1_2999
ecoli:lcl|NC_000913.3_prot_NP_417524.1_3002	ecoli:lcl|NC_000913.3_prot_NP_417524.1_3002
ecoli:lcl|NC_000913.3_prot_NP_417525.1_3003	ecoli:lcl|NC_000913.3_prot_NP_417525.1_3003
ecoli:lcl|NC_000913.3_prot_NP_417526.1_3004	ecoli:lcl|NC_000913.3_prot_NP_417526.1_3004
ecoli:lcl|NC_000913.3_prot_NP_417527.1_3005	ecoli:lcl|NC_000913.3_prot_NP_417527.1_3005
ecoli:lcl|NC_000913.3_prot_NP_417528.1_3006	ecoli:lcl|NC_000913.3_prot_NP_417528.1_3006
ecoli:lcl|NC_000913.3_prot_NP_417529.1_3007	ecoli:lcl|NC_000913.3_prot_NP_417529.1_3007
ecoli:lcl|NC_000913.3_prot_NP_417530.2_3008	ecoli:lcl|NC_000913.3_prot_NP_417530.2_3008
ecoli:lcl|NC_000913.3_prot_NP_417531.1_3009	ecoli:lcl|NC_000913.3_prot_NP_417531.1_3009
ecoli:lcl|NC_000913.3_prot_NP_417532.1_3010	ecoli:lcl|NC_000913.3_prot_NP_417532.1_3010
ecoli:lcl|NC_000913.3_prot_NP_417533.1_3011	ecoli:lcl|NC_000913.3_prot_NP_417533.1_3011
ecoli:lcl|NC_000913.3_prot_NP_417534.1_3012	ecoli:lcl|NC_000913.3_prot_NP_417534.1_3012
ecoli:lcl|NC_000913.3_prot_NP_417535.1_3013	ecoli:lcl|NC_000913.3_prot_NP_417535.1_3013
ecoli:lcl|NC_000913.3_prot_NP_417536.1_3014	ecoli:lcl|NC_000913.3_prot_NP_417536.1_3014
ecoli:lcl|NC_000913.3_prot_NP_417537.1_3015	ecoli:lcl|NC_000913.3_prot_NP_417537.1_3015
ecoli:lcl|NC_000913.3_prot_NP_417538.1_3016	ecoli:lcl|NC_000913.3_prot_NP_417538.1_3016
ecoli:lcl|NC_000913.3_prot_NP_417539.1_3017	ecoli:lcl|NC_000913.3_prot_NP_417539.1_3017
ecoli:lcl|NC_000913.3_prot_NP_417540.1_3018	ecoli:lcl|NC_000913.3_prot_NP_417540.1_3018
ecoli:lcl|NC_000913.3_prot_NP_417541.1_3019	ecoli:lcl|NC_000913.3_prot_NP_417541.1_3019
ecoli:lcl|NC_000913.3_prot_NP_417542.1_3020	ecoli:lcl|NC_000913.3_prot_NP_417542.1_3020
ecoli:lcl|NC_000913.3_prot_NP_417543.1_3021	ecoli:lcl|NC_000913.3_prot_NP_417543.1_3021
ecoli:lcl|NC_000913.3_prot_NP_417544.5_3022	ecoli:lcl|NC_000913.3_prot_NP_417544.5_3022
ecoli:lcl|NC_000913.3_prot_NP_417545.1_3023	ecoli:lcl|NC_000913.3_prot_NP_417545.1_3023
ecoli:lcl|NC_000913.3_prot_NP_417546.1_3024	ecoli:lcl|NC_000913.3_prot_NP_417546.1_3024
ecoli:lcl|NC_000913.3_prot_YP_026199.1_3025	ecoli:lcl|NC_000913.3_prot_YP_026199.1_3025
ecoli:lcl|NC_000913.3_prot_NP_417548.1_3026	ecoli:lcl|NC_000913.3_prot_NP_417548.1_3026
ecoli:lcl|NC_000913.3_prot_YP_026200.1_3027	ecoli:lcl|NC_000913.3_prot_YP_026200.1_3027
ecoli:lcl|NC_000913.3_prot_NP_417550.1_3028	ecoli:lcl|NC_000913.3_prot_NP_417550.1_3028
ecoli:lcl|NC_000913.3_prot_NP_417551.1_3029	ecoli:lcl|NC_000913.3_prot_NP_417551.1_3029
ecoli:lcl|NC_000913.3_prot_NP_417552.1_3030	ecoli:lcl|NC_000913.3_prot_NP_417552.1_3030
ecoli:lcl|NC_000913.3_prot_NP_417553.1_3031	ecoli:lcl|NC_000913.3_prot_NP_417553.1_3031
ecoli:lcl|NC_000913.3_prot_NP_417554.1_3032	ecoli:lcl|NC_000913.3_prot_NP_417554.1_3032
ecoli:lcl|NC_000913.3_prot_NP_417555.4_3033	ecoli:lcl|NC_000913.3_prot_NP_417555.4_3033
ecoli:lcl|NC_000913.3_prot_NP_417556.2_3034	ecoli:lcl|NC_000913.3_prot_NP_417556.2_3034
ecoli:lcl|NC_000913.3_prot_NP_417557.1_3035	ecoli:lcl|NC_000913.3_prot_NP_417557.1_3035
ecoli:lcl|NC_000913.3_prot_NP_417558.2_3036	ecoli:lcl|NC_000913.3_prot_NP_417558.2_3036
ecoli:lcl|NC_000913.3_prot_YP_026201.1_3037	ecoli:lcl|NC_000913.3_prot_YP_026201.1_3037
ecoli:lcl|NC_000913.3_prot_NP_417560.1_3038	ecoli:lcl|NC_000913.3_prot_NP_417560.1_3038
ecoli:lcl|NC_000913.3_prot_NP_417561.1_3039	ecoli:lcl|NC_000913.3_prot_NP_417561.1_3039
ecoli:lcl|NC_000913.3_prot_NP_417562.1_3040	ecoli:lcl|NC_000913.3_prot_NP_417562.1_3040
ecoli:lcl|NC_000913.3_prot_NP_417563.1_3041	ecoli:lcl|NC_000913.3_prot_NP_417563.1_3041
ecoli:lcl|NC_000913.3_prot_NP_417564.2_3042	ecoli:lcl|NC_000913.3_prot_NP_417564.2_3042
ecoli:lcl|NC_000913.3_prot_NP_417565.2_3043	ecoli:lcl|NC_000913.3_prot_NP_417565.2_3043
ecoli:lcl|NC_000913.3_prot_YP_010051200.1_3044	ecoli:lcl|NC_000913.3_prot_YP_010051200.1_3044
ecoli:lcl|NC_000913.3_prot_NP_417566.1_3045	ecoli:lcl|NC_000913.3_prot_NP_417566.1_3045
ecoli:lcl|NC_000913.3_prot_NP_417566.1_3045	ecoli:lcl|NC_000913.3_prot_NP_417482.1_2958
ecoli:lcl|NC_000913.3_prot_NP_417567.1_3046	ecoli:lcl|NC_000913.3_prot_NP_417567.1_3046
ecoli:lcl|NC_000913.3_prot_NP_417568.2_3047	ecoli:lcl|NC_000913.3_prot_NP_417568.2_3047
ecoli:lcl|NC_000913.3_prot_NP_417569.1_3048	ecoli:lcl|NC_000913.3_prot_NP_417569.1_3048
ecoli:lcl|NC_000913.3_prot_NP_417570.1_3049	ecoli:lcl|NC_000913.3_prot_NP_417570.1_3049
ecoli:lcl|NC_000913.3_prot_NP_417571.1_3050	ecoli:lcl|NC_000913.3_prot_NP_417571.1_3050
ecoli:lcl|NC_000913.3_prot_NP_417572.2_3051	ecoli:lcl|NC_000913.3_prot_NP_417572.2_3051
ecoli:lcl|NC_000913.3_prot_NP_417573.1_3052	ecoli:lcl|NC_000913.3_prot_NP_417573.1_3052
ecoli:lcl|NC_000913.3_prot_NP_417575.1_3054	ecoli:lcl|NC_000913.3_prot_NP_417575.1_3054
ecoli:lcl|NC_000913.3_prot_NP_417575.1_3054	ecoli:lcl|NC_000913.3_prot_NP_417574.1_3053
ecoli:lcl|NC_000913.3_prot_NP_417576.1_3055	ecoli:lcl|NC_000913.3_prot_NP_417576.1_3055
ecoli:lcl|NC_000913.3_prot_NP_417576.1_3055	ecoli:lcl|NC_000913.3_prot_NP_416519.4_1998
ecoli:lcl|NC_000913.3_prot_NP_417577.1_3056	ecoli:lcl|NC_000913.3_prot_NP_417577.1_3056
ecoli:lcl|NC_000913.3_prot_NP_417578.2_3057	ecoli:lcl|NC_000913.3_prot_NP_417578.2_3057
ecoli:lcl|NC_000913.3_prot_YP_026202.1_3058	ecoli:lcl|NC_000913.3_prot_YP_026202.1_3058
ecoli:lcl|NC_000913.3_prot_YP_026203.3_3059	ecoli:lcl|NC_000913.3_prot_YP_026203.3_3059
ecoli:lcl|NC_000913.3_prot_YP_026204.1_3060	ecoli:lcl|NC_000913.3_prot_YP_026204.1_3060
ecoli:lcl|NC_000913.3_prot_YP_026204.1_3060	ecoli:lcl|NC_000913.3_prot_NP_416328.1_1808
ecoli:lcl|NC_000913.3_prot_YP_026204.1_3060	ecoli:lcl|NC_000913.3_prot_NP_417277.1_2757
ecoli:lcl|NC_000913.3_prot_YP_026205.1_3062	ecoli:lcl|NC_000913.3_prot_YP_026205.1_3062
ecoli:lcl|NC_000913.3_prot_YP_026205.1_3062	ecoli:lcl|NC_000913.3_prot_NP_415423.1_879
ecoli:lcl|NC_000913.3_prot_NP_417585.2_3063	ecoli:lcl|NC_000913.3_prot_NP_417585.2_3063
ecoli:lcl|NC_000913.3_prot_NP_417586.1_3064	ecoli:lcl|NC_000913.3_prot_NP_417586.1_3064
ecoli:lcl|NC_000913.3_prot_NP_417586.1_3064	ecoli:lcl|NC_000913.3_prot_NP_417276.1_2756
ecoli:lcl|NC_000913.3_prot_NP_417587.1_3065	ecoli:lcl|NC_000913.3_prot_NP_417587.1_3065
ecoli:lcl|NC_000913.3_prot_NP_417588.1_3066	ecoli:lcl|NC_000913.3_prot_NP_417588.1_3066
ecoli:lcl|NC_000913.3_prot_NP_417589.4_3067	ecoli:lcl|NC_000913.3_prot_NP_417589.4_3067
ecoli:lcl|NC_000913.3_prot_NP_417590.2_3068	ecoli:lcl|NC_000913.3_prot_NP_417590.2_3068
ecoli:lcl|NC_000913.3_prot_NP_417591.1_3069	ecoli:lcl|NC_000913.3_prot_NP_417591.1_3069
ecoli:lcl|NC_000913.3_prot_NP_417593.4_3070	ecoli:lcl|NC_000913.3_prot_NP_417593.4_3070
ecoli:lcl|NC_000913.3_prot_NP_417593.4_3070	ecoli:lcl|NC_000913.3_prot_NP_415047.1_503
ecoli:lcl|NC_000913.3_prot_NP_417594.3_3071	ecoli:lcl|NC_000913.3_prot_NP_417594.3_3071
ecoli:lcl|NC_000913.3_prot_NP_417595.1_3072	ecoli:lcl|NC_000913.3_prot_NP_417595.1_3072
ecoli:lcl|NC_000913.3_prot_NP_417597.1_3074	ecoli:lcl|NC_000913.3_prot_NP_417597.1_3074
ecoli:lcl|NC_000913.3_prot_NP_417598.1_3075	ecoli:lcl|NC_000913.3_prot_NP_417598.1_3075
ecoli:lcl|NC_000913.3_prot_NP_417599.1_3076	ecoli:lcl|NC_000913.3_prot_NP_417599.1_3076
ecoli:lcl|NC_000913.3_prot_NP_417600.1_3077	ecoli:lcl|NC_000913.3_prot_NP_417600.1_3077
ecoli:lcl|NC_000913.3_prot_NP_417601.1_3078	ecoli:lcl|NC_000913.3_prot_NP_417601.1_3078
ecoli:lcl|NC_000913.3_prot_NP_417601.1_3078	ecoli:lcl|NC_000913.3_prot_NP_416598.1_2077
ecoli:lcl|NC_000913.3_prot_NP_417605.1_3080	ecoli:lcl|NC_000913.3_prot_NP_417605.1_3080
ecoli:lcl|NC_000913.3_prot_NP_417606.1_3081	ecoli:lcl|NC_000913.3_prot_NP_417606.1_3081
ecoli:lcl|NC_000913.3_prot_NP_417606.1_3081	ecoli:lcl|NC_000913.3_prot_NP_416599.2_2078
ecoli:lcl|NC_000913.3_prot_NP_417607.1_3082	ecoli:lcl|NC_000913.3_prot_NP_417607.1_3082
ecoli:lcl|NC_000913.3_prot_NP_417607.1_3082	ecoli:lcl|NC_000913.3_prot_NP_417602.4_3079
ecoli:lcl|NC_000913.3_prot_NP_417608.1_3083	ecoli:lcl|NC_000913.3_prot_NP_417608.1_3083
ecoli:lcl|NC_000913.3_prot_NP_417609.1_3084	ecoli:lcl|NC_000913.3_prot_NP_417609.1_3084
ecoli:lcl|NC_000913.3_prot_NP_417610.1_3085	ecoli:lcl|NC_000913.3_prot_NP_417610.1_3085
ecoli:lcl|NC_000913.3_prot_NP_417611.1_3086	ecoli:lcl|NC_000913.3_prot_NP_417611.1_3086
ecoli:lcl|NC_000913.3_prot_NP_417612.1_3087	ecoli:lcl|NC_000913.3_prot_NP_417612.1_3087
ecoli:lcl|NC_000913.3_prot_NP_417613.1_3088	ecoli:lcl|NC_000913.3_prot_NP_417613.1_3088
ecoli:lcl|NC_000913.3_prot_NP_417614.1_3089	ecoli:lcl|NC_000913.3_prot_NP_417614.1_3089
ecoli:lcl|NC_000913.3_prot_NP_417615.1_3090	ecoli:lcl|NC_000913.3_prot_NP_417615.1_3090
ecoli:lcl|NC_000913.3_prot_NP_417616.1_3091	ecoli:lcl|NC_000913.3_prot_NP_417616.1_3091
ecoli:lcl|NC_000913.3_prot_NP_417617.1_3092	ecoli:lcl|NC_000913.3_prot_NP_417617.1_3092
ecoli:lcl|NC_000913.3_prot_NP_417618.1_3093	ecoli:lcl|NC_000913.3_prot_NP_417618.1_3093
ecoli:lcl|NC_000913.3_prot_NP_417619.1_3094	ecoli:lcl|NC_000913.3_prot_NP_417619.1_3094
ecoli:lcl|NC_000913.3_prot_NP_417620.1_3095	ecoli:lcl|NC_000913.3_prot_NP_417620.1_3095
ecoli:lcl|NC_000913.3_prot_NP_417621.2_3096	ecoli:lcl|NC_000913.3_prot_NP_417621.2_3096
ecoli:lcl|NC_000913.3_prot_NP_417622.2_3097	ecoli:lcl|NC_000913.3_prot_NP_417622.2_3097
ecoli:lcl|NC_000913.3_prot_NP_417623.1_3098	ecoli:lcl|NC_000913.3_prot_NP_417623.1_3098
ecoli:lcl|NC_000913.3_prot_NP_417624.1_3099	ecoli:lcl|NC_000913.3_prot_NP_417624.1_3099
ecoli:lcl|NC_000913.3_prot_NP_417625.1_3100	ecoli:lcl|NC_000913.3_prot_NP_417625.1_3100
ecoli:lcl|NC_000913.3_prot_NP_417626.1_3101	ecoli:lcl|NC_000913.3_prot_NP_417626.1_3101
ecoli:lcl|NC_000913.3_prot_NP_417627.1_3102	ecoli:lcl|NC_000913.3_prot_NP_417627.1_3102
ecoli:lcl|NC_000913.3_prot_NP_417628.2_3103	ecoli:lcl|NC_000913.3_prot_NP_417628.2_3103
ecoli:lcl|NC_000913.3_prot_NP_417629.1_3104	ecoli:lcl|NC_000913.3_prot_NP_417629.1_3104
ecoli:lcl|NC_000913.3_prot_NP_417631.2_3106	ecoli:lcl|NC_000913.3_prot_NP_417631.2_3106
ecoli:lcl|NC_000913.3_prot_NP_417631.2_3106	ecoli:lcl|NC_000913.3_prot_NP_417071.1_2558
ecoli:lcl|NC_000913.3_prot_NP_417631.2_3106	ecoli:lcl|NC_000913.3_prot_NP_415859.1_1331
ecoli:lcl|NC_000913.3_prot_YP_002791258.1_3107	ecoli:lcl|NC_000913.3_prot_YP_002791258.1_3107
ecoli:lcl|NC_000913.3_prot_NP_417632.1_3108	ecoli:lcl|NC_000913.3_prot_NP_417632.1_3108
ecoli:lcl|NC_000913.3_prot_NP_417633.4_3109	ecoli:lcl|NC_000913.3_prot_NP_417633.4_3109
ecoli:lcl|NC_000913.3_prot_NP_417634.1_3110	ecoli:lcl|NC_000913.3_prot_NP_417634.1_3110
ecoli:lcl|NC_000913.3_prot_NP_417635.1_3111	ecoli:lcl|NC_000913.3_prot_NP_417635.1_3111
ecoli:lcl|NC_000913.3_prot_NP_417636.1_3112	ecoli:lcl|NC_000913.3_prot_NP_417636.1_3112
ecoli:lcl|NC_000913.3_prot_NP_417637.1_3113	ecoli:lcl|NC_000913.3_prot_NP_417637.1_3113
ecoli:lcl|NC_000913.3_prot_YP_010283916.1_3115	ecoli:lcl|NC_000913.3_prot_YP_010283916.1_3115
ecoli:lcl|NC_000913.3_prot_YP_010283916.1_3115	ecoli:lcl|NC_000913.3_prot_YP_010283915.1_3114
ecoli:lcl|NC_000913.3_prot_NP_417638.1_3116	ecoli:lcl|NC_000913.3_prot_NP_417638.1_3116
ecoli:lcl|NC_000913.3_prot_NP_417639.6_3117	ecoli:lcl|NC_000913.3_prot_NP_417639.6_3117
ecoli:lcl|NC_000913.3_prot_NP_417640.1_3118	ecoli:lcl|NC_000913.3_prot_NP_417640.1_3118
ecoli:lcl|NC_000913.3_prot_NP_417641.4_3119	ecoli:lcl|NC_000913.3_prot_NP_417641.4_3119
ecoli:lcl|NC_000913.3_prot_NP_417642.1_3120	ecoli:lcl|NC_000913.3_prot_NP_417642.1_3120
ecoli:lcl|NC_000913.3_prot_NP_417643.1_3121	ecoli:lcl|NC_000913.3_prot_NP_417643.1_3121
ecoli:lcl|NC_000913.3_prot_NP_417644.4_3122	ecoli:lcl|NC_000913.3_prot_NP_417644.4_3122
ecoli:lcl|NC_000913.3_prot_NP_417645.1_3123	ecoli:lcl|NC_000913.3_prot_NP_417645.1_3123
ecoli:lcl|NC_000913.3_prot_NP_417646.1_3124	ecoli:lcl|NC_000913.3_prot_NP_417646.1_3124
ecoli:lcl|NC_000913.3_prot_NP_417647.1_3125	ecoli:lcl|NC_000913.3_prot_NP_417647.1_3125
ecoli:lcl|NC_000913.3_prot_NP_417648.4_3126	ecoli:lcl|NC_000913.3_prot_NP_417648.4_3126
ecoli:lcl|NC_000913.3_prot_NP_417649.1_3127	ecoli:lcl|NC_000913.3_prot_NP_417649.1_3127
ecoli:lcl|NC_000913.3_prot_NP_417650.1_3128	ecoli:lcl|NC_000913.3_prot_NP_417650.1_3128
ecoli:lcl|NC_000913.3_prot_NP_417651.1_3129	ecoli:lcl|NC_000913.3_prot_NP_417651.1_3129
ecoli:lcl|NC_000913.3_prot_NP_417652.1_3130	ecoli:lcl|NC_000913.3_prot_NP_417652.1_3130
ecoli:lcl|NC_000913.3_prot_NP_417653.1_3131	ecoli:lcl|NC_000913.3_prot_NP_417653.1_3131
ecoli:lcl|NC_000913.3_prot_NP_417654.1_3132	ecoli:lcl|NC_000913.3_prot_NP_417654.1_3132
ecoli:lcl|NC_000913.3_prot_NP_417655.1_3133	ecoli:lcl|NC_000913.3_prot_NP_417655.1_3133
ecoli:lcl|NC_000913.3_prot_NP_417656.1_3134	ecoli:lcl|NC_000913.3_prot_NP_417656.1_3134
ecoli:lcl|NC_000913.3_prot_NP_417657.2_3135	ecoli:lcl|NC_000913.3_prot_NP_417657.2_3135
ecoli:lcl|NC_000913.3_prot_NP_417658.4_3136	ecoli:lcl|NC_000913.3_prot_NP_417658.4_3136
ecoli:lcl|NC_000913.3_prot_NP_417659.1_3137	ecoli:lcl|NC_000913.3_prot_NP_417659.1_3137
ecoli:lcl|NC_000913.3_prot_NP_417660.1_3138	ecoli:lcl|NC_000913.3_prot_NP_417660.1_3138
ecoli:lcl|NC_000913.3_prot_NP_417661.1_3139	ecoli:lcl|NC_000913.3_prot_NP_417661.1_3139
ecoli:lcl|NC_000913.3_prot_NP_417662.1_3140	ecoli:lcl|NC_000913.3_prot_NP_417662.1_3140
ecoli:lcl|NC_000913.3_prot_NP_417663.1_3141	ecoli:lcl|NC_000913.3_prot_NP_417663.1_3141
ecoli:lcl|NC_000913.3_prot_NP_417664.1_3142	ecoli:lcl|NC_000913.3_prot_NP_417664.1_3142
ecoli:lcl|NC_000913.3_prot_NP_417664.1_3142	ecoli:lcl|NC_000913.3_prot_NP_417188.4_2668
ecoli:lcl|NC_000913.3_prot_NP_417665.1_3143	ecoli:lcl|NC_000913.3_prot_NP_417665.1_3143
ecoli:lcl|NC_000913.3_prot_NP_417666.1_3144	ecoli:lcl|NC_000913.3_prot_NP_417666.1_3144
ecoli:lcl|NC_000913.3_prot_NP_417667.1_3145	ecoli:lcl|NC_000913.3_prot_NP_417667.1_3145
ecoli:lcl|NC_000913.3_prot_NP_417668.1_3146	ecoli:lcl|NC_000913.3_prot_NP_417668.1_3146
ecoli:lcl|NC_000913.3_prot_NP_417669.1_3147	ecoli:lcl|NC_000913.3_prot_NP_417669.1_3147
ecoli:lcl|NC_000913.3_prot_NP_417670.1_3148	ecoli:lcl|NC_000913.3_prot_NP_417670.1_3148
ecoli:lcl|NC_000913.3_prot_NP_417671.1_3149	ecoli:lcl|NC_000913.3_prot_NP_417671.1_3149
ecoli:lcl|NC_000913.3_prot_NP_417672.1_3150	ecoli:lcl|NC_000913.3_prot_NP_417672.1_3150
ecoli:lcl|NC_000913.3_prot_NP_417673.1_3151	ecoli:lcl|NC_000913.3_prot_NP_417673.1_3151
ecoli:lcl|NC_000913.3_prot_NP_417674.1_3152	ecoli:lcl|NC_000913.3_prot_NP_417674.1_3152
ecoli:lcl|NC_000913.3_prot_NP_417675.1_3153	ecoli:lcl|NC_000913.3_prot_NP_417675.1_3153
ecoli:lcl|NC_000913.3_prot_NP_417676.2_3154	ecoli:lcl|NC_000913.3_prot_NP_417676.2_3154
ecoli:lcl|NC_000913.3_prot_YP_026207.1_3155	ecoli:lcl|NC_000913.3_prot_YP_026207.1_3155
ecoli:lcl|NC_000913.3_prot_NP_417678.1_3156	ecoli:lcl|NC_000913.3_prot_NP_417678.1_3156
ecoli:lcl|NC_000913.3_prot_NP_417679.2_3157	ecoli:lcl|NC_000913.3_prot_NP_417679.2_3157
ecoli:lcl|NC_000913.3_prot_NP_417680.1_3158	ecoli:lcl|NC_000913.3_prot_NP_417680.1_3158
ecoli:lcl|NC_000913.3_prot_NP_417681.1_3159	ecoli:lcl|NC_000913.3_prot_NP_417681.1_3159
ecoli:lcl|NC_000913.3_prot_NP_417682.1_3160	ecoli:lcl|NC_000913.3_prot_NP_417682.1_3160
ecoli:lcl|NC_000913.3_prot_NP_417683.1_3161	ecoli:lcl|NC_000913.3_prot_NP_417683.1_3161
ecoli:lcl|NC_000913.3_prot_b4569_3162	ecoli:lcl|NC_000913.3_prot_b4569_3162
ecoli:lcl|NC_000913.3_prot_NP_417686.1_3164	ecoli:lcl|NC_000913.3_prot_NP_417686.1_3164
ecoli:lcl|NC_000913.3_prot_NP_417687.1_3165	ecoli:lcl|NC_000913.3_prot_NP_417687.1_3165
ecoli:lcl|NC_000913.3_prot_NP_417688.1_3166	ecoli:lcl|NC_000913.3_prot_NP_417688.1_3166
ecoli:lcl|NC_000913.3_prot_NP_417689.4_3167	ecoli:lcl|NC_000913.3_prot_NP_417689.4_3167
ecoli:lcl|NC_000913.3_prot_NP_417690.1_3168	ecoli:lcl|NC_000913.3_prot_NP_417690.1_3168
ecoli:lcl|NC_000913.3_prot_NP_417691.4_3169	ecoli:lcl|NC_000913.3_prot_NP_417691.4_3169
ecoli:lcl|NC_000913.3_prot_NP_417692.1_3170	ecoli:lcl|NC_000913.3_prot_NP_417692.1_3170
ecoli:lcl|NC_000913.3_prot_NP_417693.3_3171	ecoli:lcl|NC_000913.3_prot_NP_417693.3_3171
ecoli:lcl|NC_000913.3_prot_NP_417694.1_3172	ecoli:lcl|NC_000913.3_prot_NP_417694.1_3172
ecoli:lcl|NC_000913.3_prot_NP_417695.1_3173	ecoli:lcl|NC_000913.3_prot_NP_417695.1_3173
ecoli:lcl|NC_000913.3_prot_NP_417696.1_3174	ecoli:lcl|NC_000913.3_prot_NP_417696.1_3174
ecoli:lcl|NC_000913.3_prot_NP_417697.1_3175	ecoli:lcl|NC_000913.3_prot_NP_417697.1_3175
ecoli:lcl|NC_000913.3_prot_NP_417698.1_3176	ecoli:lcl|NC_000913.3_prot_NP_417698.1_3176
ecoli:lcl|NC_000913.3_prot_NP_417699.1_3177	ecoli:lcl|NC_000913.3_prot_NP_417699.1_3177
ecoli:lcl|NC_000913.3_prot_NP_417700.2_3178	ecoli:lcl|NC_000913.3_prot_NP_417700.2_3178
ecoli:lcl|NC_000913.3_prot_NP_417701.1_3179	ecoli:lcl|NC_000913.3_prot_NP_417701.1_3179
ecoli:lcl|NC_000913.3_prot_NP_417701.1_3179	ecoli:lcl|NC_000913.3_prot_NP_414703.1_164
ecoli:lcl|NC_000913.3_prot_NP_417702.1_3180	ecoli:lcl|NC_000913.3_prot_NP_417702.1_3180
ecoli:lcl|NC_000913.3_prot_NP_417703.1_3181	ecoli:lcl|NC_000913.3_prot_NP_417703.1_3181
ecoli:lcl|NC_000913.3_prot_NP_417704.1_3182	ecoli:lcl|NC_000913.3_prot_NP_417704.1_3182
ecoli:lcl|NC_000913.3_prot_NP_417705.2_3183	ecoli:lcl|NC_000913.3_prot_NP_417705.2_3183
ecoli:lcl|NC_000913.3_prot_NP_417706.1_3184	ecoli:lcl|NC_000913.3_prot_NP_417706.1_3184
ecoli:lcl|NC_000913.3_prot_NP_417707.1_3185	ecoli:lcl|NC_000913.3_prot_NP_417707.1_3185
ecoli:lcl|NC_000913.3_prot_NP_417708.1_3186	ecoli:lcl|NC_000913.3_prot_NP_417708.1_3186
ecoli:lcl|NC_000913.3_prot_NP_417709.2_3187	ecoli:lcl|NC_000913.3_prot_NP_417709.2_3187
ecoli:lcl|NC_000913.3_prot_NP_417710.1_3188	ecoli:lcl|NC_000913.3_prot_NP_417710.1_3188
ecoli:lcl|NC_000913.3_prot_NP_417711.1_3189	ecoli:lcl|NC_000913.3_prot_NP_417711.1_3189
ecoli:lcl|NC_000913.3_prot_YP_026208.1_3190	ecoli:lcl|NC_000913.3_prot_YP_026208.1_3190
ecoli:lcl|NC_000913.3_prot_NP_417713.2_3191	ecoli:lcl|NC_000913.3_prot_NP_417713.2_3191
ecoli:lcl|NC_000913.3_prot_NP_417714.1_3192	ecoli:lcl|NC_000913.3_prot_NP_417714.1_3192
ecoli:lcl|NC_000913.3_prot_NP_417715.1_3193	ecoli:lcl|NC_000913.3_prot_NP_417715.1_3193
ecoli:lcl|NC_000913.3_prot_NP_417716.1_3194	ecoli:lcl|NC_000913.3_prot_NP_417716.1_3194
ecoli:lcl|NC_000913.3_prot_NP_417717.2_3195	ecoli:lcl|NC_000913.3_prot_NP_417717.2_3195
ecoli:lcl|NC_000913.3_prot_NP_417718.1_3196	ecoli:lcl|NC_000913.3_prot_NP_417718.1_3196
ecoli:lcl|NC_000913.3_prot_NP_417719.1_3197	ecoli:lcl|NC_000913.3_prot_NP_417719.1_3197
ecoli:lcl|NC_000913.3_prot_NP_417721.1_3198	ecoli:lcl|NC_000913.3_prot_NP_417721.1_3198
ecoli:lcl|NC_000913.3_prot_NP_417722.1_3199	ecoli:lcl|NC_000913.3_prot_NP_417722.1_3199
ecoli:lcl|NC_000913.3_prot_NP_417723.1_3200	ecoli:lcl|NC_000913.3_prot_NP_417723.1_3200
ecoli:lcl|NC_000913.3_prot_NP_417724.4_3201	ecoli:lcl|NC_000913.3_prot_NP_417724.4_3201
ecoli:lcl|NC_000913.3_prot_NP_417725.1_3202	ecoli:lcl|NC_000913.3_prot_NP_417725.1_3202
ecoli:lcl|NC_000913.3_prot_NP_417726.1_3203	ecoli:lcl|NC_000913.3_prot_NP_417726.1_3203
ecoli:lcl|NC_000913.3_prot_NP_417727.1_3204	ecoli:lcl|NC_000913.3_prot_NP_417727.1_3204
ecoli:lcl|NC_000913.3_prot_NP_417728.4_3205	ecoli:lcl|NC_000913.3_prot_NP_417728.4_3205
ecoli:lcl|NC_000913.3_prot_NP_417729.1_3206	ecoli:lcl|NC_000913.3_prot_NP_417729.1_3206
ecoli:lcl|NC_000913.3_prot_NP_417730.1_3207	ecoli:lcl|NC_000913.3_prot_NP_417730.1_3207
ecoli:lcl|NC_000913.3_prot_NP_417730.1_3207	ecoli:lcl|NC_000913.3_prot_NP_414997.1_455
ecoli:lcl|NC_000913.3_prot_NP_417731.1_3208	ecoli:lcl|NC_000913.3_prot_NP_417731.1_3208
ecoli:lcl|NC_000913.3_prot_NP_417731.1_3208	ecoli:lcl|NC_000913.3_prot_NP_414996.1_454
ecoli:lcl|NC_000913.3_prot_NP_417733.1_3210	ecoli:lcl|NC_000913.3_prot_NP_417733.1_3210
ecoli:lcl|NC_000913.3_prot_YP_026209.1_3211	ecoli:lcl|NC_000913.3_prot_YP_026209.1_3211
ecoli:lcl|NC_000913.3_prot_NP_417736.2_3212	ecoli:lcl|NC_000913.3_prot_NP_417736.2_3212
ecoli:lcl|NC_000913.3_prot_NP_417738.4_3214	ecoli:lcl|NC_000913.3_prot_NP_417738.4_3214
ecoli:lcl|NC_000913.3_prot_NP_417739.1_3215	ecoli:lcl|NC_000913.3_prot_NP_417739.1_3215
ecoli:lcl|NC_000913.3_prot_NP_417740.1_3216	ecoli:lcl|NC_000913.3_prot_NP_417740.1_3216
ecoli:lcl|NC_000913.3_prot_NP_417741.1_3217	ecoli:lcl|NC_000913.3_prot_NP_417741.1_3217
ecoli:lcl|NC_000913.3_prot_YP_026210.1_3218	ecoli:lcl|NC_000913.3_prot_YP_026210.1_3218
ecoli:lcl|NC_000913.3_prot_NP_417743.1_3219	ecoli:lcl|NC_000913.3_prot_NP_417743.1_3219
ecoli:lcl|NC_000913.3_prot_YP_026211.1_3220	ecoli:lcl|NC_000913.3_prot_YP_026211.1_3220
ecoli:lcl|NC_000913.3_prot_NP_417745.1_3221	ecoli:lcl|NC_000913.3_prot_NP_417745.1_3221
ecoli:lcl|NC_000913.3_prot_NP_417746.1_3222	ecoli:lcl|NC_000913.3_prot_NP_417746.1_3222
ecoli:lcl|NC_000913.3_prot_NP_417747.1_3223	ecoli:lcl|NC_000913.3_prot_NP_417747.1_3223
ecoli:lcl|NC_000913.3_prot_NP_417748.1_3224	ecoli:lcl|NC_000913.3_prot_NP_417748.1_3224
ecoli:lcl|NC_000913.3_prot_NP_417749.1_3225	ecoli:lcl|NC_000913.3_prot_NP_417749.1_3225
ecoli:lcl|NC_000913.3_prot_YP_588467.1_3226	ecoli:lcl|NC_000913.3_prot_YP_588467.1_3226
ecoli:lcl|NC_000913.3_prot_NP_417751.1_3227	ecoli:lcl|NC_000913.3_prot_NP_417751.1_3227
ecoli:lcl|NC_000913.3_prot_NP_417752.1_3228	ecoli:lcl|NC_000913.3_prot_NP_417752.1_3228
ecoli:lcl|NC_000913.3_prot_NP_417753.1_3229	ecoli:lcl|NC_000913.3_prot_NP_417753.1_3229
ecoli:lcl|NC_000913.3_prot_NP_417754.1_3230	ecoli:lcl|NC_000913.3_prot_NP_417754.1_3230
ecoli:lcl|NC_000913.3_prot_NP_417755.1_3231	ecoli:lcl|NC_000913.3_prot_NP_417755.1_3231
ecoli:lcl|NC_000913.3_prot_NP_417756.1_3232	ecoli:lcl|NC_000913.3_prot_NP_417756.1_3232
ecoli:lcl|NC_000913.3_prot_NP_417757.1_3233	ecoli:lcl|NC_000913.3_prot_NP_417757.1_3233
ecoli:lcl|NC_000913.3_prot_NP_417758.1_3234	ecoli:lcl|NC_000913.3_prot_NP_417758.1_3234
ecoli:lcl|NC_000913.3_prot_NP_417759.1_3235	ecoli:lcl|NC_000913.3_prot_NP_417759.1_3235
ecoli:lcl|NC_000913.3_prot_NP_417760.1_3236	ecoli:lcl|NC_000913.3_prot_NP_417760.1_3236
ecoli:lcl|NC_000913.3_prot_NP_417761.1_3237	ecoli:lcl|NC_000913.3_prot_NP_417761.1_3237
ecoli:lcl|NC_000913.3_prot_NP_417762.1_3238	ecoli:lcl|NC_000913.3_prot_NP_417762.1_3238
ecoli:lcl|NC_000913.3_prot_NP_417763.1_3239	ecoli:lcl|NC_000913.3_prot_NP_417763.1_3239
ecoli:lcl|NC_000913.3_prot_NP_417764.1_3240	ecoli:lcl|NC_000913.3_prot_NP_417764.1_3240
ecoli:lcl|NC_000913.3_prot_NP_417765.1_3241	ecoli:lcl|NC_000913.3_prot_NP_417765.1_3241
ecoli:lcl|NC_000913.3_prot_NP_417766.1_3242	ecoli:lcl|NC_000913.3_prot_NP_417766.1_3242
ecoli:lcl|NC_000913.3_prot_NP_417767.1_3243	ecoli:lcl|NC_000913.3_prot_NP_417767.1_3243
ecoli:lcl|NC_000913.3_prot_NP_417768.1_3244	ecoli:lcl|NC_000913.3_prot_NP_417768.1_3244
ecoli:lcl|NC_000913.3_prot_NP_417769.1_3245	ecoli:lcl|NC_000913.3_prot_NP_417769.1_3245
ecoli:lcl|NC_000913.3_prot_NP_417770.1_3246	ecoli:lcl|NC_000913.3_prot_NP_417770.1_3246
ecoli:lcl|NC_000913.3_prot_NP_417771.1_3247	ecoli:lcl|NC_000913.3_prot_NP_417771.1_3247
ecoli:lcl|NC_000913.3_prot_NP_417772.1_3248	ecoli:lcl|NC_000913.3_prot_NP_417772.1_3248
ecoli:lcl|NC_000913.3_prot_NP_417773.1_3249	ecoli:lcl|NC_000913.3_prot_NP_417773.1_3249
ecoli:lcl|NC_000913.3_prot_NP_417774.1_3250	ecoli:lcl|NC_000913.3_prot_NP_417774.1_3250
ecoli:lcl|NC_000913.3_prot_NP_417775.1_3251	ecoli:lcl|NC_000913.3_prot_NP_417775.1_3251
ecoli:lcl|NC_000913.3_prot_NP_417776.1_3252	ecoli:lcl|NC_000913.3_prot_NP_417776.1_3252
ecoli:lcl|NC_000913.3_prot_NP_417777.1_3253	ecoli:lcl|NC_000913.3_prot_NP_417777.1_3253
ecoli:lcl|NC_000913.3_prot_NP_417778.1_3254	ecoli:lcl|NC_000913.3_prot_NP_417778.1_3254
ecoli:lcl|NC_000913.3_prot_NP_417779.1_3255	ecoli:lcl|NC_000913.3_prot_NP_417779.1_3255
ecoli:lcl|NC_000913.3_prot_NP_417780.1_3256	ecoli:lcl|NC_000913.3_prot_NP_417780.1_3256
ecoli:lcl|NC_000913.3_prot_NP_417781.1_3257	ecoli:lcl|NC_000913.3_prot_NP_417781.1_3257
ecoli:lcl|NC_000913.3_prot_NP_417782.1_3258	ecoli:lcl|NC_000913.3_prot_NP_417782.1_3258
ecoli:lcl|NC_000913.3_prot_NP_417783.1_3259	ecoli:lcl|NC_000913.3_prot_NP_417783.1_3259
ecoli:lcl|NC_000913.3_prot_NP_417784.4_3260	ecoli:lcl|NC_000913.3_prot_NP_417784.4_3260
ecoli:lcl|NC_000913.3_prot_NP_417785.1_3261	ecoli:lcl|NC_000913.3_prot_NP_417785.1_3261
ecoli:lcl|NC_000913.3_prot_NP_417786.1_3262	ecoli:lcl|NC_000913.3_prot_NP_417786.1_3262
ecoli:lcl|NC_000913.3_prot_NP_417787.1_3263	ecoli:lcl|NC_000913.3_prot_NP_417787.1_3263
ecoli:lcl|NC_000913.3_prot_NP_417788.1_3264	ecoli:lcl|NC_000913.3_prot_NP_417788.1_3264
ecoli:lcl|NC_000913.3_prot_NP_417789.4_3265	ecoli:lcl|NC_000913.3_prot_NP_417789.4_3265
ecoli:lcl|NC_000913.3_prot_NP_417790.1_3266	ecoli:lcl|NC_000913.3_prot_NP_417790.1_3266
ecoli:lcl|NC_000913.3_prot_NP_417791.1_3267	ecoli:lcl|NC_000913.3_prot_NP_417791.1_3267
ecoli:lcl|NC_000913.3_prot_NP_417792.2_3268	ecoli:lcl|NC_000913.3_prot_NP_417792.2_3268
ecoli:lcl|NC_000913.3_prot_NP_417793.2_3269	ecoli:lcl|NC_000913.3_prot_NP_417793.2_3269
ecoli:lcl|NC_000913.3_prot_NP_417794.1_3270	ecoli:lcl|NC_000913.3_prot_NP_417794.1_3270
ecoli:lcl|NC_000913.3_prot_NP_417795.1_3271	ecoli:lcl|NC_000913.3_prot_NP_417795.1_3271
ecoli:lcl|NC_000913.3_prot_NP_417796.1_3272	ecoli:lcl|NC_000913.3_prot_NP_417796.1_3272
ecoli:lcl|NC_000913.3_prot_NP_417797.1_3273	ecoli:lcl|NC_000913.3_prot_NP_417797.1_3273
ecoli:lcl|NC_000913.3_prot_NP_417799.1_3275	ecoli:lcl|NC_000913.3_prot_NP_417799.1_3275
ecoli:lcl|NC_000913.3_prot_NP_417800.1_3276	ecoli:lcl|NC_000913.3_prot_NP_417800.1_3276
ecoli:lcl|NC_000913.3_prot_NP_417801.1_3277	ecoli:lcl|NC_000913.3_prot_NP_417801.1_3277
ecoli:lcl|NC_000913.3_prot_NP_417802.1_3278	ecoli:lcl|NC_000913.3_prot_NP_417802.1_3278
ecoli:lcl|NC_000913.3_prot_NP_417803.1_3279	ecoli:lcl|NC_000913.3_prot_NP_417803.1_3279
ecoli:lcl|NC_000913.3_prot_NP_417804.1_3280	ecoli:lcl|NC_000913.3_prot_NP_417804.1_3280
ecoli:lcl|NC_000913.3_prot_NP_417805.4_3281	ecoli:lcl|NC_000913.3_prot_NP_417805.4_3281
ecoli:lcl|NC_000913.3_prot_NP_417806.1_3282	ecoli:lcl|NC_000913.3_prot_NP_417806.1_3282
ecoli:lcl|NC_000913.3_prot_NP_417807.1_3283	ecoli:lcl|NC_000913.3_prot_NP_417807.1_3283
ecoli:lcl|NC_000913.3_prot_NP_417808.1_3284	ecoli:lcl|NC_000913.3_prot_NP_417808.1_3284
ecoli:lcl|NC_000913.3_prot_YP_588468.1_3285	ecoli:lcl|NC_000913.3_prot_YP_588468.1_3285
ecoli:lcl|NC_000913.3_prot_NP_417809.1_3286	ecoli:lcl|NC_000913.3_prot_NP_417809.1_3286
ecoli:lcl|NC_000913.3_prot_NP_417809.1_3286	ecoli:lcl|NC_000913.3_prot_NP_414589.1_47
ecoli:lcl|NC_000913.3_prot_NP_417810.1_3287	ecoli:lcl|NC_000913.3_prot_NP_417810.1_3287
ecoli:lcl|NC_000913.3_prot_NP_417811.1_3288	ecoli:lcl|NC_000913.3_prot_NP_417811.1_3288
ecoli:lcl|NC_000913.3_prot_NP_417812.1_3289	ecoli:lcl|NC_000913.3_prot_NP_417812.1_3289
ecoli:lcl|NC_000913.3_prot_NP_417813.1_3290	ecoli:lcl|NC_000913.3_prot_NP_417813.1_3290
ecoli:lcl|NC_000913.3_prot_NP_417814.1_3291	ecoli:lcl|NC_000913.3_prot_NP_417814.1_3291
ecoli:lcl|NC_000913.3_prot_NP_417815.1_3292	ecoli:lcl|NC_000913.3_prot_NP_417815.1_3292
ecoli:lcl|NC_000913.3_prot_NP_417816.1_3293	ecoli:lcl|NC_000913.3_prot_NP_417816.1_3293
ecoli:lcl|NC_000913.3_prot_NP_417817.2_3294	ecoli:lcl|NC_000913.3_prot_NP_417817.2_3294
ecoli:lcl|NC_000913.3_prot_NP_417818.1_3295	ecoli:lcl|NC_000913.3_prot_NP_417818.1_3295
ecoli:lcl|NC_000913.3_prot_NP_417818.1_3295	ecoli:lcl|NC_000913.3_prot_NP_416262.1_1740
ecoli:lcl|NC_000913.3_prot_YP_010283917.1_3296	ecoli:lcl|NC_000913.3_prot_YP_010283917.1_3296
ecoli:lcl|NC_000913.3_prot_NP_417819.1_3297	ecoli:lcl|NC_000913.3_prot_NP_417819.1_3297
ecoli:lcl|NC_000913.3_prot_NP_417820.1_3298	ecoli:lcl|NC_000913.3_prot_NP_417820.1_3298
ecoli:lcl|NC_000913.3_prot_NP_417821.1_3299	ecoli:lcl|NC_000913.3_prot_NP_417821.1_3299
ecoli:lcl|NC_000913.3_prot_NP_417822.1_3300	ecoli:lcl|NC_000913.3_prot_NP_417822.1_3300
ecoli:lcl|NC_000913.3_prot_NP_417822.1_3300	ecoli:lcl|NC_000913.3_prot_NP_415058.1_514
ecoli:lcl|NC_000913.3_prot_NP_417823.1_3301	ecoli:lcl|NC_000913.3_prot_NP_417823.1_3301
ecoli:lcl|NC_000913.3_prot_NP_417824.1_3302	ecoli:lcl|NC_000913.3_prot_NP_417824.1_3302
ecoli:lcl|NC_000913.3_prot_NP_417825.1_3303	ecoli:lcl|NC_000913.3_prot_NP_417825.1_3303
ecoli:lcl|NC_000913.3_prot_YP_026212.2_3304	ecoli:lcl|NC_000913.3_prot_YP_026212.2_3304
ecoli:lcl|NC_000913.3_prot_NP_417827.1_3305	ecoli:lcl|NC_000913.3_prot_NP_417827.1_3305
ecoli:lcl|NC_000913.3_prot_NP_417828.1_3306	ecoli:lcl|NC_000913.3_prot_NP_417828.1_3306
ecoli:lcl|NC_000913.3_prot_NP_417829.2_3307	ecoli:lcl|NC_000913.3_prot_NP_417829.2_3307
ecoli:lcl|NC_000913.3_prot_NP_417830.4_3308	ecoli:lcl|NC_000913.3_prot_NP_417830.4_3308
ecoli:lcl|NC_000913.3_prot_YP_026213.1_3309	ecoli:lcl|NC_000913.3_prot_YP_026213.1_3309
ecoli:lcl|NC_000913.3_prot_NP_417833.1_3310	ecoli:lcl|NC_000913.3_prot_NP_417833.1_3310
ecoli:lcl|NC_000913.3_prot_NP_417834.6_3311	ecoli:lcl|NC_000913.3_prot_NP_417834.6_3311
ecoli:lcl|NC_000913.3_prot_NP_417835.1_3312	ecoli:lcl|NC_000913.3_prot_NP_417835.1_3312
ecoli:lcl|NC_000913.3_prot_NP_417836.1_3313	ecoli:lcl|NC_000913.3_prot_NP_417836.1_3313
ecoli:lcl|NC_000913.3_prot_NP_417837.2_3314	ecoli:lcl|NC_000913.3_prot_NP_417837.2_3314
ecoli:lcl|NC_000913.3_prot_NP_417838.1_3315	ecoli:lcl|NC_000913.3_prot_NP_417838.1_3315
ecoli:lcl|NC_000913.3_prot_NP_417839.1_3316	ecoli:lcl|NC_000913.3_prot_NP_417839.1_3316
ecoli:lcl|NC_000913.3_prot_NP_417840.1_3317	ecoli:lcl|NC_000913.3_prot_NP_417840.1_3317
ecoli:lcl|NC_000913.3_prot_NP_417841.2_3318	ecoli:lcl|NC_000913.3_prot_NP_417841.2_3318
ecoli:lcl|NC_000913.3_prot_YP_026214.1_3319	ecoli:lcl|NC_000913.3_prot_YP_026214.1_3319
ecoli:lcl|NC_000913.3_prot_NP_417843.1_3320	ecoli:lcl|NC_000913.3_prot_NP_417843.1_3320
ecoli:lcl|NC_000913.3_prot_NP_417844.1_3321	ecoli:lcl|NC_000913.3_prot_NP_417844.1_3321
ecoli:lcl|NC_000913.3_prot_NP_417845.1_3322	ecoli:lcl|NC_000913.3_prot_NP_417845.1_3322
ecoli:lcl|NC_000913.3_prot_NP_417846.1_3323	ecoli:lcl|NC_000913.3_prot_NP_417846.1_3323
ecoli:lcl|NC_000913.3_prot_NP_417847.1_3324	ecoli:lcl|NC_000913.3_prot_NP_417847.1_3324
ecoli:lcl|NC_000913.3_prot_NP_417848.1_3325	ecoli:lcl|NC_000913.3_prot_NP_417848.1_3325
ecoli:lcl|NC_000913.3_prot_YP_026215.2_3326	ecoli:lcl|NC_000913.3_prot_YP_026215.2_3326
ecoli:lcl|NC_000913.3_prot_NP_417850.1_3327	ecoli:lcl|NC_000913.3_prot_NP_417850.1_3327
ecoli:lcl|NC_000913.3_prot_NP_417851.4_3328	ecoli:lcl|NC_000913.3_prot_NP_417851.4_3328
ecoli:lcl|NC_000913.3_prot_NP_417852.1_3329	ecoli:lcl|NC_000913.3_prot_NP_417852.1_3329
ecoli:lcl|NC_000913.3_prot_NP_417853.1_3330	ecoli:lcl|NC_000913.3_prot_NP_417853.1_3330
ecoli:lcl|NC_000913.3_prot_NP_417854.4_3331	ecoli:lcl|NC_000913.3_prot_NP_417854.4_3331
ecoli:lcl|NC_000913.3_prot_NP_417855.4_3332	ecoli:lcl|NC_000913.3_prot_NP_417855.4_3332
ecoli:lcl|NC_000913.3_prot_NP_417856.1_3333	ecoli:lcl|NC_000913.3_prot_NP_417856.1_3333
ecoli:lcl|NC_000913.3_prot_NP_417857.1_3334	ecoli:lcl|NC_000913.3_prot_NP_417857.1_3334
ecoli:lcl|NC_000913.3_prot_NP_417858.4_3335	ecoli:lcl|NC_000913.3_prot_NP_417858.4_3335
ecoli:lcl|NC_000913.3_prot_NP_417859.1_3336	ecoli:lcl|NC_000913.3_prot_NP_417859.1_3336
ecoli:lcl|NC_000913.3_prot_NP_417860.2_3337	ecoli:lcl|NC_000913.3_prot_NP_417860.2_3337
ecoli:lcl|NC_000913.3_prot_NP_417861.1_3338	ecoli:lcl|NC_000913.3_prot_NP_417861.1_3338
ecoli:lcl|NC_000913.3_prot_NP_417862.1_3339	ecoli:lcl|NC_000913.3_prot_NP_417862.1_3339
ecoli:lcl|NC_000913.3_prot_NP_417863.1_3340	ecoli:lcl|NC_000913.3_prot_NP_417863.1_3340
ecoli:lcl|NC_000913.3_prot_NP_417864.1_3341	ecoli:lcl|NC_000913.3_prot_NP_417864.1_3341
ecoli:lcl|NC_000913.3_prot_YP_026216.2_3342	ecoli:lcl|NC_000913.3_prot_YP_026216.2_3342
ecoli:lcl|NC_000913.3_prot_NP_417866.4_3343	ecoli:lcl|NC_000913.3_prot_NP_417866.4_3343
ecoli:lcl|NC_000913.3_prot_NP_417867.1_3344	ecoli:lcl|NC_000913.3_prot_NP_417867.1_3344
ecoli:lcl|NC_000913.3_prot_NP_417868.1_3345	ecoli:lcl|NC_000913.3_prot_NP_417868.1_3345
ecoli:lcl|NC_000913.3_prot_NP_417869.1_3346	ecoli:lcl|NC_000913.3_prot_NP_417869.1_3346
ecoli:lcl|NC_000913.3_prot_NP_417871.1_3348	ecoli:lcl|NC_000913.3_prot_NP_417871.1_3348
ecoli:lcl|NC_000913.3_prot_NP_417872.2_3349	ecoli:lcl|NC_000913.3_prot_NP_417872.2_3349
ecoli:lcl|NC_000913.3_prot_NP_417873.1_3350	ecoli:lcl|NC_000913.3_prot_NP_417873.1_3350
ecoli:lcl|NC_000913.3_prot_NP_417875.1_3352	ecoli:lcl|NC_000913.3_prot_NP_417875.1_3352
ecoli:lcl|NC_000913.3_prot_YP_026218.1_3353	ecoli:lcl|NC_000913.3_prot_YP_026218.1_3353
ecoli:lcl|NC_000913.3_prot_NP_417877.1_3354	ecoli:lcl|NC_000913.3_prot_NP_417877.1_3354
ecoli:lcl|NC_000913.3_prot_YP_026219.1_3355	ecoli:lcl|NC_000913.3_prot_YP_026219.1_3355
ecoli:lcl|NC_000913.3_prot_NP_417879.1_3356	ecoli:lcl|NC_000913.3_prot_NP_417879.1_3356
ecoli:lcl|NC_000913.3_prot_NP_417880.1_3357	ecoli:lcl|NC_000913.3_prot_NP_417880.1_3357
ecoli:lcl|NC_000913.3_prot_YP_026220.1_3358	ecoli:lcl|NC_000913.3_prot_YP_026220.1_3358
ecoli:lcl|NC_000913.3_prot_NP_417883.1_3359	ecoli:lcl|NC_000913.3_prot_NP_417883.1_3359
ecoli:lcl|NC_000913.3_prot_NP_417884.1_3360	ecoli:lcl|NC_000913.3_prot_NP_417884.1_3360
ecoli:lcl|NC_000913.3_prot_YP_009518819.1_3361	ecoli:lcl|NC_000913.3_prot_YP_009518819.1_3361
ecoli:lcl|NC_000913.3_prot_NP_417886.1_3362	ecoli:lcl|NC_000913.3_prot_NP_417886.1_3362
ecoli:lcl|NC_000913.3_prot_NP_417887.1_3363	ecoli:lcl|NC_000913.3_prot_NP_417887.1_3363
ecoli:lcl|NC_000913.3_prot_NP_417888.1_3364	ecoli:lcl|NC_000913.3_prot_NP_417888.1_3364
ecoli:lcl|NC_000913.3_prot_NP_417889.1_3365	ecoli:lcl|NC_000913.3_prot_NP_417889.1_3365
ecoli:lcl|NC_000913.3_prot_NP_417890.1_3366	ecoli:lcl|NC_000913.3_prot_NP_417890.1_3366
ecoli:lcl|NC_000913.3_prot_YP_010051201.1_3367	ecoli:lcl|NC_000913.3_prot_YP_010051201.1_3367
ecoli:lcl|NC_000913.3_prot_YP_010051202.1_3368	ecoli:lcl|NC_000913.3_prot_YP_010051202.1_3368
ecoli:lcl|NC_000913.3_prot_NP_417891.1_3369	ecoli:lcl|NC_000913.3_prot_NP_417891.1_3369
ecoli:lcl|NC_000913.3_prot_NP_417892.1_3370	ecoli:lcl|NC_000913.3_prot_NP_417892.1_3370
ecoli:lcl|NC_000913.3_prot_YP_026221.1_3371	ecoli:lcl|NC_000913.3_prot_YP_026221.1_3371
ecoli:lcl|NC_000913.3_prot_NP_417896.1_3374	ecoli:lcl|NC_000913.3_prot_NP_417896.1_3374
ecoli:lcl|NC_000913.3_prot_NP_417897.1_3375	ecoli:lcl|NC_000913.3_prot_NP_417897.1_3375
ecoli:lcl|NC_000913.3_prot_NP_417898.1_3376	ecoli:lcl|NC_000913.3_prot_NP_417898.1_3376
ecoli:lcl|NC_000913.3_prot_NP_417899.1_3377	ecoli:lcl|NC_000913.3_prot_NP_417899.1_3377
ecoli:lcl|NC_000913.3_prot_b3443_3378	ecoli:lcl|NC_000913.3_prot_b3443_3378
ecoli:lcl|NC_000913.3_prot_YP_009518820.1_3381	ecoli:lcl|NC_000913.3_prot_YP_009518820.1_3381
ecoli:lcl|NC_000913.3_prot_NP_417903.1_3382	ecoli:lcl|NC_000913.3_prot_NP_417903.1_3382
ecoli:lcl|NC_000913.3_prot_NP_417904.1_3383	ecoli:lcl|NC_000913.3_prot_NP_417904.1_3383
ecoli:lcl|NC_000913.3_prot_NP_417905.1_3384	ecoli:lcl|NC_000913.3_prot_NP_417905.1_3384
ecoli:lcl|NC_000913.3_prot_NP_417906.1_3385	ecoli:lcl|NC_000913.3_prot_NP_417906.1_3385
ecoli:lcl|NC_000913.3_prot_NP_417908.1_3387	ecoli:lcl|NC_000913.3_prot_NP_417908.1_3387
ecoli:lcl|NC_000913.3_prot_NP_417909.1_3388	ecoli:lcl|NC_000913.3_prot_NP_417909.1_3388
ecoli:lcl|NC_000913.3_prot_NP_417910.1_3389	ecoli:lcl|NC_000913.3_prot_NP_417910.1_3389
ecoli:lcl|NC_000913.3_prot_NP_417911.4_3390	ecoli:lcl|NC_000913.3_prot_NP_417911.4_3390
ecoli:lcl|NC_000913.3_prot_NP_417912.1_3391	ecoli:lcl|NC_000913.3_prot_NP_417912.1_3391
ecoli:lcl|NC_000913.3_prot_NP_417913.1_3392	ecoli:lcl|NC_000913.3_prot_NP_417913.1_3392
ecoli:lcl|NC_000913.3_prot_NP_417914.1_3393	ecoli:lcl|NC_000913.3_prot_NP_417914.1_3393
ecoli:lcl|NC_000913.3_prot_NP_417916.1_3395	ecoli:lcl|NC_000913.3_prot_NP_417916.1_3395
ecoli:lcl|NC_000913.3_prot_YP_026223.1_3396	ecoli:lcl|NC_000913.3_prot_YP_026223.1_3396
ecoli:lcl|NC_000913.3_prot_YP_026223.1_3396	ecoli:lcl|NC_000913.3_prot_NP_417915.1_3394
ecoli:lcl|NC_000913.3_prot_NP_417918.1_3397	ecoli:lcl|NC_000913.3_prot_NP_417918.1_3397
ecoli:lcl|NC_000913.3_prot_NP_417919.1_3398	ecoli:lcl|NC_000913.3_prot_NP_417919.1_3398
ecoli:lcl|NC_000913.3_prot_NP_417920.1_3399	ecoli:lcl|NC_000913.3_prot_NP_417920.1_3399
ecoli:lcl|NC_000913.3_prot_NP_417921.1_3400	ecoli:lcl|NC_000913.3_prot_NP_417921.1_3400
ecoli:lcl|NC_000913.3_prot_NP_417922.1_3401	ecoli:lcl|NC_000913.3_prot_NP_417922.1_3401
ecoli:lcl|NC_000913.3_prot_NP_417923.1_3402	ecoli:lcl|NC_000913.3_prot_NP_417923.1_3402
ecoli:lcl|NC_000913.3_prot_NP_417924.1_3403	ecoli:lcl|NC_000913.3_prot_NP_417924.1_3403
ecoli:lcl|NC_000913.3_prot_NP_417925.1_3404	ecoli:lcl|NC_000913.3_prot_NP_417925.1_3404
ecoli:lcl|NC_000913.3_prot_NP_417926.1_3405	ecoli:lcl|NC_000913.3_prot_NP_417926.1_3405
ecoli:lcl|NC_000913.3_prot_NP_417927.1_3406	ecoli:lcl|NC_000913.3_prot_NP_417927.1_3406
ecoli:lcl|NC_000913.3_prot_NP_417928.1_3407	ecoli:lcl|NC_000913.3_prot_NP_417928.1_3407
ecoli:lcl|NC_000913.3_prot_NP_417929.4_3408	ecoli:lcl|NC_000913.3_prot_NP_417929.4_3408
ecoli:lcl|NC_000913.3_prot_NP_417930.2_3409	ecoli:lcl|NC_000913.3_prot_NP_417930.2_3409
ecoli:lcl|NC_000913.3_prot_NP_417931.4_3410	ecoli:lcl|NC_000913.3_prot_NP_417931.4_3410
ecoli:lcl|NC_000913.3_prot_NP_417932.1_3411	ecoli:lcl|NC_000913.3_prot_NP_417932.1_3411
ecoli:lcl|NC_000913.3_prot_NP_417933.1_3412	ecoli:lcl|NC_000913.3_prot_NP_417933.1_3412
ecoli:lcl|NC_000913.3_prot_NP_417934.1_3413	ecoli:lcl|NC_000913.3_prot_NP_417934.1_3413
ecoli:lcl|NC_000913.3_prot_NP_417935.1_3414	ecoli:lcl|NC_000913.3_prot_NP_417935.1_3414
ecoli:lcl|NC_000913.3_prot_NP_417936.1_3415	ecoli:lcl|NC_000913.3_prot_NP_417936.1_3415
ecoli:lcl|NC_000913.3_prot_NP_417937.1_3416	ecoli:lcl|NC_000913.3_prot_NP_417937.1_3416
ecoli:lcl|NC_000913.3_prot_NP_417938.1_3417	ecoli:lcl|NC_000913.3_prot_NP_417938.1_3417
ecoli:lcl|NC_000913.3_prot_NP_417940.2_3419	ecoli:lcl|NC_000913.3_prot_NP_417940.2_3419
ecoli:lcl|NC_000913.3_prot_NP_417940.2_3419	ecoli:lcl|NC_000913.3_prot_NP_415031.1_491
ecoli:lcl|NC_000913.3_prot_NP_417941.1_3420	ecoli:lcl|NC_000913.3_prot_NP_417941.1_3420
ecoli:lcl|NC_000913.3_prot_NP_417941.1_3420	ecoli:lcl|NC_000913.3_prot_YP_009518758.1_684
ecoli:lcl|NC_000913.3_prot_NP_417941.1_3420	ecoli:lcl|NC_000913.3_prot_NP_415234.1_685
ecoli:lcl|NC_000913.3_prot_NP_417941.1_3420	ecoli:lcl|NC_000913.3_prot_NP_415977.1_1446
ecoli:lcl|NC_000913.3_prot_NP_417942.6_3421	ecoli:lcl|NC_000913.3_prot_NP_417942.6_3421
ecoli:lcl|NC_000913.3_prot_YP_026225.1_3422	ecoli:lcl|NC_000913.3_prot_YP_026225.1_3422
ecoli:lcl|NC_000913.3_prot_NP_417944.1_3423	ecoli:lcl|NC_000913.3_prot_NP_417944.1_3423
ecoli:lcl|NC_000913.3_prot_YP_010051203.1_3424	ecoli:lcl|NC_000913.3_prot_YP_010051203.1_3424
ecoli:lcl|NC_000913.3_prot_NP_417945.1_3425	ecoli:lcl|NC_000913.3_prot_NP_417945.1_3425
ecoli:lcl|NC_000913.3_prot_NP_417948.4_3426	ecoli:lcl|NC_000913.3_prot_NP_417948.4_3426
ecoli:lcl|NC_000913.3_prot_NP_417949.1_3427	ecoli:lcl|NC_000913.3_prot_NP_417949.1_3427
ecoli:lcl|NC_000913.3_prot_NP_417950.1_3428	ecoli:lcl|NC_000913.3_prot_NP_417950.1_3428
ecoli:lcl|NC_000913.3_prot_NP_417950.1_3428	ecoli:lcl|NC_000913.3_prot_NP_417461.1_2939
ecoli:lcl|NC_000913.3_prot_NP_417951.1_3429	ecoli:lcl|NC_000913.3_prot_NP_417951.1_3429
ecoli:lcl|NC_000913.3_prot_NP_417952.1_3430	ecoli:lcl|NC_000913.3_prot_NP_417952.1_3430
ecoli:lcl|NC_000913.3_prot_YP_010051204.1_3431	ecoli:lcl|NC_000913.3_prot_YP_010051204.1_3431
ecoli:lcl|NC_000913.3_prot_YP_010051205.1_3432	ecoli:lcl|NC_000913.3_prot_YP_010051205.1_3432
ecoli:lcl|NC_000913.3_prot_NP_417953.1_3433	ecoli:lcl|NC_000913.3_prot_NP_417953.1_3433
ecoli:lcl|NC_000913.3_prot_NP_417953.1_3433	ecoli:lcl|NC_000913.3_prot_NP_416151.1_1627
ecoli:lcl|NC_000913.3_prot_NP_417954.1_3434	ecoli:lcl|NC_000913.3_prot_NP_417954.1_3434
ecoli:lcl|NC_000913.3_prot_NP_417955.1_3435	ecoli:lcl|NC_000913.3_prot_NP_417955.1_3435
ecoli:lcl|NC_000913.3_prot_NP_417956.1_3436	ecoli:lcl|NC_000913.3_prot_NP_417956.1_3436
ecoli:lcl|NC_000913.3_prot_NP_417957.1_3437	ecoli:lcl|NC_000913.3_prot_NP_417957.1_3437
ecoli:lcl|NC_000913.3_prot_YP_001165328.2_3438	ecoli:lcl|NC_000913.3_prot_YP_001165328.2_3438
ecoli:lcl|NC_000913.3_prot_NP_417958.1_3439	ecoli:lcl|NC_000913.3_prot_NP_417958.1_3439
ecoli:lcl|NC_000913.3_prot_NP_417959.4_3440	ecoli:lcl|NC_000913.3_prot_NP_417959.4_3440
ecoli:lcl|NC_000913.3_prot_NP_417960.1_3441	ecoli:lcl|NC_000913.3_prot_NP_417960.1_3441
ecoli:lcl|NC_000913.3_prot_b3504_3442	ecoli:lcl|NC_000913.3_prot_b3504_3442
ecoli:lcl|NC_000913.3_prot_NP_417963.4_3444	ecoli:lcl|NC_000913.3_prot_NP_417963.4_3444
ecoli:lcl|NC_000913.3_prot_NP_417964.1_3445	ecoli:lcl|NC_000913.3_prot_NP_417964.1_3445
ecoli:lcl|NC_000913.3_prot_NP_417965.1_3446	ecoli:lcl|NC_000913.3_prot_NP_417965.1_3446
ecoli:lcl|NC_000913.3_prot_NP_417966.4_3447	ecoli:lcl|NC_000913.3_prot_NP_417966.4_3447
ecoli:lcl|NC_000913.3_prot_NP_417967.1_3448	ecoli:lcl|NC_000913.3_prot_NP_417967.1_3448
ecoli:lcl|NC_000913.3_prot_NP_417968.1_3449	ecoli:lcl|NC_000913.3_prot_NP_417968.1_3449
ecoli:lcl|NC_000913.3_prot_NP_417969.1_3450	ecoli:lcl|NC_000913.3_prot_NP_417969.1_3450
ecoli:lcl|NC_000913.3_prot_NP_417970.1_3451	ecoli:lcl|NC_000913.3_prot_NP_417970.1_3451
ecoli:lcl|NC_000913.3_prot_NP_417971.1_3452	ecoli:lcl|NC_000913.3_prot_NP_417971.1_3452
ecoli:lcl|NC_000913.3_prot_NP_417971.1_3452	ecoli:lcl|NC_000913.3_prot_NP_414995.1_453
ecoli:lcl|NC_000913.3_prot_NP_417971.1_3452	ecoli:lcl|NC_000913.3_prot_NP_416965.1_2446
ecoli:lcl|NC_000913.3_prot_NP_417971.1_3452	ecoli:lcl|NC_000913.3_prot_NP_417732.1_3209
ecoli:lcl|NC_000913.3_prot_NP_417972.1_3453	ecoli:lcl|NC_000913.3_prot_NP_417972.1_3453
ecoli:lcl|NC_000913.3_prot_NP_417973.1_3454	ecoli:lcl|NC_000913.3_prot_NP_417973.1_3454
ecoli:lcl|NC_000913.3_prot_NP_417974.1_3455	ecoli:lcl|NC_000913.3_prot_NP_417974.1_3455
ecoli:lcl|NC_000913.3_prot_NP_417974.1_3455	ecoli:lcl|NC_000913.3_prot_NP_416010.1_1479
ecoli:lcl|NC_000913.3_prot_NP_417975.1_3456	ecoli:lcl|NC_000913.3_prot_NP_417975.1_3456
ecoli:lcl|NC_000913.3_prot_NP_417976.1_3457	ecoli:lcl|NC_000913.3_prot_NP_417976.1_3457
ecoli:lcl|NC_000913.3_prot_NP_417977.1_3458	ecoli:lcl|NC_000913.3_prot_NP_417977.1_3458
ecoli:lcl|NC_000913.3_prot_NP_417978.2_3459	ecoli:lcl|NC_000913.3_prot_NP_417978.2_3459
ecoli:lcl|NC_000913.3_prot_NP_417979.1_3460	ecoli:lcl|NC_000913.3_prot_NP_417979.1_3460
ecoli:lcl|NC_000913.3_prot_NP_417980.1_3461	ecoli:lcl|NC_000913.3_prot_NP_417980.1_3461
ecoli:lcl|NC_000913.3_prot_NP_417981.2_3462	ecoli:lcl|NC_000913.3_prot_NP_417981.2_3462
ecoli:lcl|NC_000913.3_prot_NP_417982.2_3463	ecoli:lcl|NC_000913.3_prot_NP_417982.2_3463
ecoli:lcl|NC_000913.3_prot_NP_417983.2_3464	ecoli:lcl|NC_000913.3_prot_NP_417983.2_3464
ecoli:lcl|NC_000913.3_prot_NP_417984.1_3465	ecoli:lcl|NC_000913.3_prot_NP_417984.1_3465
ecoli:lcl|NC_000913.3_prot_NP_417985.1_3466	ecoli:lcl|NC_000913.3_prot_NP_417985.1_3466
ecoli:lcl|NC_000913.3_prot_NP_417986.4_3467	ecoli:lcl|NC_000913.3_prot_NP_417986.4_3467
ecoli:lcl|NC_000913.3_prot_YP_026226.4_3468	ecoli:lcl|NC_000913.3_prot_YP_026226.4_3468
ecoli:lcl|NC_000913.3_prot_NP_417988.1_3469	ecoli:lcl|NC_000913.3_prot_NP_417988.1_3469
ecoli:lcl|NC_000913.3_prot_NP_417989.1_3470	ecoli:lcl|NC_000913.3_prot_NP_417989.1_3470
ecoli:lcl|NC_000913.3_prot_NP_417990.4_3471	ecoli:lcl|NC_000913.3_prot_NP_417990.4_3471
ecoli:lcl|NC_000913.3_prot_NP_417992.1_3472	ecoli:lcl|NC_000913.3_prot_NP_417992.1_3472
ecoli:lcl|NC_000913.3_prot_NP_417993.1_3473	ecoli:lcl|NC_000913.3_prot_NP_417993.1_3473
ecoli:lcl|NC_000913.3_prot_NP_417994.2_3474	ecoli:lcl|NC_000913.3_prot_NP_417994.2_3474
ecoli:lcl|NC_000913.3_prot_NP_417995.1_3475	ecoli:lcl|NC_000913.3_prot_NP_417995.1_3475
ecoli:lcl|NC_000913.3_prot_YP_026227.1_3476	ecoli:lcl|NC_000913.3_prot_YP_026227.1_3476
ecoli:lcl|NC_000913.3_prot_YP_026227.1_3476	ecoli:lcl|NC_000913.3_prot_YP_025297.1_1192
ecoli:lcl|NC_000913.3_prot_YP_026227.1_3476	ecoli:lcl|NC_000913.3_prot_YP_025298.1_1193
ecoli:lcl|NC_000913.3_prot_YP_026227.1_3476	ecoli:lcl|NC_000913.3_prot_YP_025299.1_1194
ecoli:lcl|NC_000913.3_prot_NP_417996.1_3477	ecoli:lcl|NC_000913.3_prot_NP_417996.1_3477
ecoli:lcl|NC_000913.3_prot_NP_417997.1_3478	ecoli:lcl|NC_000913.3_prot_NP_417997.1_3478
ecoli:lcl|NC_000913.3_prot_NP_417998.1_3479	ecoli:lcl|NC_000913.3_prot_NP_417998.1_3479
ecoli:lcl|NC_000913.3_prot_NP_417999.1_3480	ecoli:lcl|NC_000913.3_prot_NP_417999.1_3480
ecoli:lcl|NC_000913.3_prot_NP_418000.1_3481	ecoli:lcl|NC_000913.3_prot_NP_418000.1_3481
ecoli:lcl|NC_000913.3_prot_NP_418001.1_3482	ecoli:lcl|NC_000913.3_prot_NP_418001.1_3482
ecoli:lcl|NC_000913.3_prot_NP_418002.2_3483	ecoli:lcl|NC_000913.3_prot_NP_418002.2_3483
ecoli:lcl|NC_000913.3_prot_NP_418003.1_3484	ecoli:lcl|NC_000913.3_prot_NP_418003.1_3484
ecoli:lcl|NC_000913.3_prot_NP_418004.4_3485	ecoli:lcl|NC_000913.3_prot_NP_418004.4_3485
ecoli:lcl|NC_000913.3_prot_NP_418005.1_3486	ecoli:lcl|NC_000913.3_prot_NP_418005.1_3486
ecoli:lcl|NC_000913.3_prot_NP_418006.1_3487	ecoli:lcl|NC_000913.3_prot_NP_418006.1_3487
ecoli:lcl|NC_000913.3_prot_NP_418007.3_3488	ecoli:lcl|NC_000913.3_prot_NP_418007.3_3488
ecoli:lcl|NC_000913.3_prot_YP_026228.1_3489	ecoli:lcl|NC_000913.3_prot_YP_026228.1_3489
ecoli:lcl|NC_000913.3_prot_NP_418009.2_3490	ecoli:lcl|NC_000913.3_prot_NP_418009.2_3490
ecoli:lcl|NC_000913.3_prot_NP_418010.2_3491	ecoli:lcl|NC_000913.3_prot_NP_418010.2_3491
ecoli:lcl|NC_000913.3_prot_NP_418011.1_3492	ecoli:lcl|NC_000913.3_prot_NP_418011.1_3492
ecoli:lcl|NC_000913.3_prot_YP_010051206.1_3494	ecoli:lcl|NC_000913.3_prot_YP_010051206.1_3494
ecoli:lcl|NC_000913.3_prot_YP_026229.1_3495	ecoli:lcl|NC_000913.3_prot_YP_026229.1_3495
ecoli:lcl|NC_000913.3_prot_NP_418014.1_3496	ecoli:lcl|NC_000913.3_prot_NP_418014.1_3496
ecoli:lcl|NC_000913.3_prot_NP_418015.1_3497	ecoli:lcl|NC_000913.3_prot_NP_418015.1_3497
ecoli:lcl|NC_000913.3_prot_NP_418016.1_3498	ecoli:lcl|NC_000913.3_prot_NP_418016.1_3498
ecoli:lcl|NC_000913.3_prot_NP_418017.1_3499	ecoli:lcl|NC_000913.3_prot_NP_418017.1_3499
ecoli:lcl|NC_000913.3_prot_YP_588469.1_3500	ecoli:lcl|NC_000913.3_prot_YP_588469.1_3500
ecoli:lcl|NC_000913.3_prot_NP_418018.1_3501	ecoli:lcl|NC_000913.3_prot_NP_418018.1_3501
ecoli:lcl|NC_000913.3_prot_NP_418019.4_3502	ecoli:lcl|NC_000913.3_prot_NP_418019.4_3502
ecoli:lcl|NC_000913.3_prot_NP_418020.2_3503	ecoli:lcl|NC_000913.3_prot_NP_418020.2_3503
ecoli:lcl|NC_000913.3_prot_NP_418021.1_3504	ecoli:lcl|NC_000913.3_prot_NP_418021.1_3504
ecoli:lcl|NC_000913.3_prot_NP_418022.1_3505	ecoli:lcl|NC_000913.3_prot_NP_418022.1_3505
ecoli:lcl|NC_000913.3_prot_NP_418023.1_3506	ecoli:lcl|NC_000913.3_prot_NP_418023.1_3506
ecoli:lcl|NC_000913.3_prot_NP_418024.1_3507	ecoli:lcl|NC_000913.3_prot_NP_418024.1_3507
ecoli:lcl|NC_000913.3_prot_NP_418025.1_3508	ecoli:lcl|NC_000913.3_prot_NP_418025.1_3508
ecoli:lcl|NC_000913.3_prot_NP_418026.1_3509	ecoli:lcl|NC_000913.3_prot_NP_418026.1_3509
ecoli:lcl|NC_000913.3_prot_YP_026230.1_3510	ecoli:lcl|NC_000913.3_prot_YP_026230.1_3510
ecoli:lcl|NC_000913.3_prot_YP_010051207.1_3511	ecoli:lcl|NC_000913.3_prot_YP_010051207.1_3511
ecoli:lcl|NC_000913.3_prot_NP_418028.1_3512	ecoli:lcl|NC_000913.3_prot_NP_418028.1_3512
ecoli:lcl|NC_000913.3_prot_YP_026231.1_3513	ecoli:lcl|NC_000913.3_prot_YP_026231.1_3513
ecoli:lcl|NC_000913.3_prot_NP_418031.1_3515	ecoli:lcl|NC_000913.3_prot_NP_418031.1_3515
ecoli:lcl|NC_000913.3_prot_NP_418032.1_3516	ecoli:lcl|NC_000913.3_prot_NP_418032.1_3516
ecoli:lcl|NC_000913.3_prot_NP_418033.1_3517	ecoli:lcl|NC_000913.3_prot_NP_418033.1_3517
ecoli:lcl|NC_000913.3_prot_NP_418034.1_3518	ecoli:lcl|NC_000913.3_prot_NP_418034.1_3518
ecoli:lcl|NC_000913.3_prot_YP_026232.1_3519	ecoli:lcl|NC_000913.3_prot_YP_026232.1_3519
ecoli:lcl|NC_000913.3_prot_NP_418036.1_3520	ecoli:lcl|NC_000913.3_prot_NP_418036.1_3520
ecoli:lcl|NC_000913.3_prot_NP_418037.1_3521	ecoli:lcl|NC_000913.3_prot_NP_418037.1_3521
ecoli:lcl|NC_000913.3_prot_NP_418038.1_3522	ecoli:lcl|NC_000913.3_prot_NP_418038.1_3522
ecoli:lcl|NC_000913.3_prot_NP_418041.1_3525	ecoli:lcl|NC_000913.3_prot_NP_418041.1_3525
ecoli:lcl|NC_000913.3_prot_NP_418042.1_3526	ecoli:lcl|NC_000913.3_prot_NP_418042.1_3526
ecoli:lcl|NC_000913.3_prot_NP_418045.4_3529	ecoli:lcl|NC_000913.3_prot_NP_418045.4_3529
ecoli:lcl|NC_000913.3_prot_YP_026233.1_3530	ecoli:lcl|NC_000913.3_prot_YP_026233.1_3530
ecoli:lcl|NC_000913.3_prot_NP_418047.1_3531	ecoli:lcl|NC_000913.3_prot_NP_418047.1_3531
ecoli:lcl|NC_000913.3_prot_NP_418048.1_3532	ecoli:lcl|NC_000913.3_prot_NP_418048.1_3532
ecoli:lcl|NC_000913.3_prot_NP_418049.1_3533	ecoli:lcl|NC_000913.3_prot_NP_418049.1_3533
ecoli:lcl|NC_000913.3_prot_NP_418051.1_3535	ecoli:lcl|NC_000913.3_prot_NP_418051.1_3535
ecoli:lcl|NC_000913.3_prot_NP_418053.1_3536	ecoli:lcl|NC_000913.3_prot_NP_418053.1_3536
ecoli:lcl|NC_000913.3_prot_YP_009518821.1_3537	ecoli:lcl|NC_000913.3_prot_YP_009518821.1_3537
ecoli:lcl|NC_000913.3_prot_NP_418054.1_3538	ecoli:lcl|NC_000913.3_prot_NP_418054.1_3538
ecoli:lcl|NC_000913.3_prot_NP_418054.1_3538	ecoli:lcl|NC_000913.3_prot_NP_418043.1_3527
ecoli:lcl|NC_000913.3_prot_NP_418055.1_3539	ecoli:lcl|NC_000913.3_prot_NP_418055.1_3539
ecoli:lcl|NC_000913.3_prot_NP_418055.1_3539	ecoli:lcl|NC_000913.3_prot_NP_418044.1_3528
ecoli:lcl|NC_000913.3_prot_NP_418056.1_3540	ecoli:lcl|NC_000913.3_prot_NP_418056.1_3540
ecoli:lcl|NC_000913.3_prot_NP_418056.1_3540	ecoli:lcl|NC_000913.3_prot_NP_417408.1_2883
ecoli:lcl|NC_000913.3_prot_NP_418057.1_3541	ecoli:lcl|NC_000913.3_prot_NP_418057.1_3541
ecoli:lcl|NC_000913.3_prot_NP_418058.1_3542	ecoli:lcl|NC_000913.3_prot_NP_418058.1_3542
ecoli:lcl|NC_000913.3_prot_YP_588470.1_3543	ecoli:lcl|NC_000913.3_prot_YP_588470.1_3543
ecoli:lcl|NC_000913.3_prot_NP_418059.1_3544	ecoli:lcl|NC_000913.3_prot_NP_418059.1_3544
ecoli:lcl|NC_000913.3_prot_NP_418060.1_3545	ecoli:lcl|NC_000913.3_prot_NP_418060.1_3545
ecoli:lcl|NC_000913.3_prot_NP_418060.1_3545	ecoli:lcl|NC_000913.3_prot_NP_417449.1_2926
ecoli:lcl|NC_000913.3_prot_NP_418061.1_3546	ecoli:lcl|NC_000913.3_prot_NP_418061.1_3546
ecoli:lcl|NC_000913.3_prot_NP_418062.1_3547	ecoli:lcl|NC_000913.3_prot_NP_418062.1_3547
ecoli:lcl|NC_000913.3_prot_NP_418063.1_3548	ecoli:lcl|NC_000913.3_prot_NP_418063.1_3548
ecoli:lcl|NC_000913.3_prot_NP_418064.1_3549	ecoli:lcl|NC_000913.3_prot_NP_418064.1_3549
ecoli:lcl|NC_000913.3_prot_NP_418065.1_3550	ecoli:lcl|NC_000913.3_prot_NP_418065.1_3550
ecoli:lcl|NC_000913.3_prot_NP_418066.1_3551	ecoli:lcl|NC_000913.3_prot_NP_418066.1_3551
ecoli:lcl|NC_000913.3_prot_NP_418067.1_3552	ecoli:lcl|NC_000913.3_prot_NP_418067.1_3552
ecoli:lcl|NC_000913.3_prot_NP_418068.1_3553	ecoli:lcl|NC_000913.3_prot_NP_418068.1_3553
ecoli:lcl|NC_000913.3_prot_NP_418069.1_3554	ecoli:lcl|NC_000913.3_prot_NP_418069.1_3554
ecoli:lcl|NC_000913.3_prot_NP_418070.6_3555	ecoli:lcl|NC_000913.3_prot_NP_418070.6_3555
ecoli:lcl|NC_000913.3_prot_NP_418071.4_3556	ecoli:lcl|NC_000913.3_prot_NP_418071.4_3556
ecoli:lcl|NC_000913.3_prot_NP_418072.1_3557	ecoli:lcl|NC_000913.3_prot_NP_418072.1_3557
ecoli:lcl|NC_000913.3_prot_NP_418073.1_3558	ecoli:lcl|NC_000913.3_prot_NP_418073.1_3558
ecoli:lcl|NC_000913.3_prot_NP_418074.1_3559	ecoli:lcl|NC_000913.3_prot_NP_418074.1_3559
ecoli:lcl|NC_000913.3_prot_NP_418075.2_3560	ecoli:lcl|NC_000913.3_prot_NP_418075.2_3560
ecoli:lcl|NC_000913.3_prot_NP_418076.1_3561	ecoli:lcl|NC_000913.3_prot_NP_418076.1_3561
ecoli:lcl|NC_000913.3_prot_NP_418077.1_3562	ecoli:lcl|NC_000913.3_prot_NP_418077.1_3562
ecoli:lcl|NC_000913.3_prot_NP_418078.1_3563	ecoli:lcl|NC_000913.3_prot_NP_418078.1_3563
ecoli:lcl|NC_000913.3_prot_NP_418079.1_3564	ecoli:lcl|NC_000913.3_prot_NP_418079.1_3564
ecoli:lcl|NC_000913.3_prot_YP_010051208.1_3565	ecoli:lcl|NC_000913.3_prot_YP_010051208.1_3565
ecoli:lcl|NC_000913.3_prot_YP_010051209.1_3566	ecoli:lcl|NC_000913.3_prot_YP_010051209.1_3566
ecoli:lcl|NC_000913.3_prot_YP_010051210.1_3567	ecoli:lcl|NC_000913.3_prot_YP_010051210.1_3567
ecoli:lcl|NC_000913.3_prot_NP_418080.1_3568	ecoli:lcl|NC_000913.3_prot_NP_418080.1_3568
ecoli:lcl|NC_000913.3_prot_NP_418081.1_3569	ecoli:lcl|NC_000913.3_prot_NP_418081.1_3569
ecoli:lcl|NC_000913.3_prot_NP_418082.1_3570	ecoli:lcl|NC_000913.3_prot_NP_418082.1_3570
ecoli:lcl|NC_000913.3_prot_NP_418083.1_3571	ecoli:lcl|NC_000913.3_prot_NP_418083.1_3571
ecoli:lcl|NC_000913.3_prot_NP_418084.1_3572	ecoli:lcl|NC_000913.3_prot_NP_418084.1_3572
ecoli:lcl|NC_000913.3_prot_NP_418085.2_3573	ecoli:lcl|NC_000913.3_prot_NP_418085.2_3573
ecoli:lcl|NC_000913.3_prot_NP_418086.1_3574	ecoli:lcl|NC_000913.3_prot_NP_418086.1_3574
ecoli:lcl|NC_000913.3_prot_NP_418087.1_3575	ecoli:lcl|NC_000913.3_prot_NP_418087.1_3575
ecoli:lcl|NC_000913.3_prot_NP_418088.1_3576	ecoli:lcl|NC_000913.3_prot_NP_418088.1_3576
ecoli:lcl|NC_000913.3_prot_NP_418089.1_3577	ecoli:lcl|NC_000913.3_prot_NP_418089.1_3577
ecoli:lcl|NC_000913.3_prot_NP_418090.1_3578	ecoli:lcl|NC_000913.3_prot_NP_418090.1_3578
ecoli:lcl|NC_000913.3_prot_NP_418091.1_3579	ecoli:lcl|NC_000913.3_prot_NP_418091.1_3579
ecoli:lcl|NC_000913.3_prot_NP_418092.1_3580	ecoli:lcl|NC_000913.3_prot_NP_418092.1_3580
ecoli:lcl|NC_000913.3_prot_NP_418093.1_3581	ecoli:lcl|NC_000913.3_prot_NP_418093.1_3581
ecoli:lcl|NC_000913.3_prot_NP_418094.1_3582	ecoli:lcl|NC_000913.3_prot_NP_418094.1_3582
ecoli:lcl|NC_000913.3_prot_NP_418095.4_3583	ecoli:lcl|NC_000913.3_prot_NP_418095.4_3583
ecoli:lcl|NC_000913.3_prot_NP_418096.4_3584	ecoli:lcl|NC_000913.3_prot_NP_418096.4_3584
ecoli:lcl|NC_000913.3_prot_NP_418097.2_3585	ecoli:lcl|NC_000913.3_prot_NP_418097.2_3585
ecoli:lcl|NC_000913.3_prot_NP_418098.4_3586	ecoli:lcl|NC_000913.3_prot_NP_418098.4_3586
ecoli:lcl|NC_000913.3_prot_NP_418099.1_3587	ecoli:lcl|NC_000913.3_prot_NP_418099.1_3587
ecoli:lcl|NC_000913.3_prot_YP_009518822.1_3588	ecoli:lcl|NC_000913.3_prot_YP_009518822.1_3588
ecoli:lcl|NC_000913.3_prot_NP_418101.1_3589	ecoli:lcl|NC_000913.3_prot_NP_418101.1_3589
ecoli:lcl|NC_000913.3_prot_NP_418102.2_3590	ecoli:lcl|NC_000913.3_prot_NP_418102.2_3590
ecoli:lcl|NC_000913.3_prot_NP_418103.4_3591	ecoli:lcl|NC_000913.3_prot_NP_418103.4_3591
ecoli:lcl|NC_000913.3_prot_NP_418104.2_3592	ecoli:lcl|NC_000913.3_prot_NP_418104.2_3592
ecoli:lcl|NC_000913.3_prot_NP_418105.1_3593	ecoli:lcl|NC_000913.3_prot_NP_418105.1_3593
ecoli:lcl|NC_000913.3_prot_NP_418106.1_3594	ecoli:lcl|NC_000913.3_prot_NP_418106.1_3594
ecoli:lcl|NC_000913.3_prot_NP_418107.1_3595	ecoli:lcl|NC_000913.3_prot_NP_418107.1_3595
ecoli:lcl|NC_000913.3_prot_NP_418108.1_3596	ecoli:lcl|NC_000913.3_prot_NP_418108.1_3596
ecoli:lcl|NC_000913.3_prot_NP_418109.1_3597	ecoli:lcl|NC_000913.3_prot_NP_418109.1_3597
ecoli:lcl|NC_000913.3_prot_NP_418110.1_3598	ecoli:lcl|NC_000913.3_prot_NP_418110.1_3598
ecoli:lcl|NC_000913.3_prot_NP_418111.1_3599	ecoli:lcl|NC_000913.3_prot_NP_418111.1_3599
ecoli:lcl|NC_000913.3_prot_NP_418112.1_3600	ecoli:lcl|NC_000913.3_prot_NP_418112.1_3600
ecoli:lcl|NC_000913.3_prot_NP_418113.1_3601	ecoli:lcl|NC_000913.3_prot_NP_418113.1_3601
ecoli:lcl|NC_000913.3_prot_NP_418114.4_3602	ecoli:lcl|NC_000913.3_prot_NP_418114.4_3602
ecoli:lcl|NC_000913.3_prot_NP_418114.4_3602	ecoli:lcl|NC_000913.3_prot_NP_414804.1_263
ecoli:lcl|NC_000913.3_prot_NP_418115.1_3603	ecoli:lcl|NC_000913.3_prot_NP_418115.1_3603
ecoli:lcl|NC_000913.3_prot_NP_418115.1_3603	ecoli:lcl|NC_000913.3_prot_NP_416675.1_2151
ecoli:lcl|NC_000913.3_prot_NP_418115.1_3603	ecoli:lcl|NC_000913.3_prot_YP_025293.1_71
ecoli:lcl|NC_000913.3_prot_NP_418116.1_3604	ecoli:lcl|NC_000913.3_prot_NP_418116.1_3604
ecoli:lcl|NC_000913.3_prot_YP_010051211.1_3605	ecoli:lcl|NC_000913.3_prot_YP_010051211.1_3605
ecoli:lcl|NC_000913.3_prot_NP_418117.1_3606	ecoli:lcl|NC_000913.3_prot_NP_418117.1_3606
ecoli:lcl|NC_000913.3_prot_NP_418117.1_3606	ecoli:lcl|NC_000913.3_prot_NP_414739.1_200
ecoli:lcl|NC_000913.3_prot_YP_588471.1_3607	ecoli:lcl|NC_000913.3_prot_YP_588471.1_3607
ecoli:lcl|NC_000913.3_prot_NP_418118.2_3608	ecoli:lcl|NC_000913.3_prot_NP_418118.2_3608
ecoli:lcl|NC_000913.3_prot_NP_418119.2_3609	ecoli:lcl|NC_000913.3_prot_NP_418119.2_3609
ecoli:lcl|NC_000913.3_prot_NP_418121.1_3611	ecoli:lcl|NC_000913.3_prot_NP_418121.1_3611
ecoli:lcl|NC_000913.3_prot_NP_418122.1_3612	ecoli:lcl|NC_000913.3_prot_NP_418122.1_3612
ecoli:lcl|NC_000913.3_prot_NP_418123.2_3613	ecoli:lcl|NC_000913.3_prot_NP_418123.2_3613
ecoli:lcl|NC_000913.3_prot_NP_418124.4_3614	ecoli:lcl|NC_000913.3_prot_NP_418124.4_3614
ecoli:lcl|NC_000913.3_prot_NP_418125.1_3615	ecoli:lcl|NC_000913.3_prot_NP_418125.1_3615
ecoli:lcl|NC_000913.3_prot_NP_418126.1_3616	ecoli:lcl|NC_000913.3_prot_NP_418126.1_3616
ecoli:lcl|NC_000913.3_prot_NP_418127.1_3617	ecoli:lcl|NC_000913.3_prot_NP_418127.1_3617
ecoli:lcl|NC_000913.3_prot_NP_418128.1_3618	ecoli:lcl|NC_000913.3_prot_NP_418128.1_3618
ecoli:lcl|NC_000913.3_prot_YP_001165331.1_3619	ecoli:lcl|NC_000913.3_prot_YP_001165331.1_3619
ecoli:lcl|NC_000913.3_prot_YP_010051212.1_3620	ecoli:lcl|NC_000913.3_prot_YP_010051212.1_3620
ecoli:lcl|NC_000913.3_prot_NP_418129.2_3621	ecoli:lcl|NC_000913.3_prot_NP_418129.2_3621
ecoli:lcl|NC_000913.3_prot_NP_418130.1_3622	ecoli:lcl|NC_000913.3_prot_NP_418130.1_3622
ecoli:lcl|NC_000913.3_prot_NP_418131.1_3623	ecoli:lcl|NC_000913.3_prot_NP_418131.1_3623
ecoli:lcl|NC_000913.3_prot_NP_418132.1_3624	ecoli:lcl|NC_000913.3_prot_NP_418132.1_3624
ecoli:lcl|NC_000913.3_prot_NP_418133.1_3625	ecoli:lcl|NC_000913.3_prot_NP_418133.1_3625
ecoli:lcl|NC_000913.3_prot_NP_418134.1_3626	ecoli:lcl|NC_000913.3_prot_NP_418134.1_3626
ecoli:lcl|NC_000913.3_prot_NP_418135.1_3627	ecoli:lcl|NC_000913.3_prot_NP_418135.1_3627
ecoli:lcl|NC_000913.3_prot_NP_418136.2_3628	ecoli:lcl|NC_000913.3_prot_NP_418136.2_3628
ecoli:lcl|NC_000913.3_prot_YP_009518824.1_3629	ecoli:lcl|NC_000913.3_prot_YP_009518824.1_3629
ecoli:lcl|NC_000913.3_prot_YP_009518825.1_3630	ecoli:lcl|NC_000913.3_prot_YP_009518825.1_3630
ecoli:lcl|NC_000913.3_prot_NP_418139.1_3631	ecoli:lcl|NC_000913.3_prot_NP_418139.1_3631
ecoli:lcl|NC_000913.3_prot_NP_418140.4_3632	ecoli:lcl|NC_000913.3_prot_NP_418140.4_3632
ecoli:lcl|NC_000913.3_prot_NP_418141.2_3633	ecoli:lcl|NC_000913.3_prot_NP_418141.2_3633
ecoli:lcl|NC_000913.3_prot_NP_418142.1_3634	ecoli:lcl|NC_000913.3_prot_NP_418142.1_3634
ecoli:lcl|NC_000913.3_prot_NP_418143.2_3635	ecoli:lcl|NC_000913.3_prot_NP_418143.2_3635
ecoli:lcl|NC_000913.3_prot_NP_418144.3_3636	ecoli:lcl|NC_000913.3_prot_NP_418144.3_3636
ecoli:lcl|NC_000913.3_prot_NP_418145.2_3637	ecoli:lcl|NC_000913.3_prot_NP_418145.2_3637
ecoli:lcl|NC_000913.3_prot_YP_026237.1_3639	ecoli:lcl|NC_000913.3_prot_YP_026237.1_3639
ecoli:lcl|NC_000913.3_prot_YP_026238.1_3640	ecoli:lcl|NC_000913.3_prot_YP_026238.1_3640
ecoli:lcl|NC_000913.3_prot_NP_418148.1_3641	ecoli:lcl|NC_000913.3_prot_NP_418148.1_3641
ecoli:lcl|NC_000913.3_prot_YP_026239.1_3642	ecoli:lcl|NC_000913.3_prot_YP_026239.1_3642
ecoli:lcl|NC_000913.3_prot_YP_026240.1_3643	ecoli:lcl|NC_000913.3_prot_YP_026240.1_3643
ecoli:lcl|NC_000913.3_prot_NP_418152.1_3644	ecoli:lcl|NC_000913.3_prot_NP_418152.1_3644
ecoli:lcl|NC_000913.3_prot_NP_418153.4_3645	ecoli:lcl|NC_000913.3_prot_NP_418153.4_3645
ecoli:lcl|NC_000913.3_prot_YP_026241.1_3646	ecoli:lcl|NC_000913.3_prot_YP_026241.1_3646
ecoli:lcl|NC_000913.3_prot_YP_026241.1_3646	ecoli:lcl|NC_000913.3_prot_NP_417502.1_2978
ecoli:lcl|NC_000913.3_prot_NP_418155.1_3647	ecoli:lcl|NC_000913.3_prot_NP_418155.1_3647
ecoli:lcl|NC_000913.3_prot_NP_418156.1_3648	ecoli:lcl|NC_000913.3_prot_NP_418156.1_3648
ecoli:lcl|NC_000913.3_prot_NP_418157.1_3649	ecoli:lcl|NC_000913.3_prot_NP_418157.1_3649
ecoli:lcl|NC_000913.3_prot_YP_009518826.1_3650	ecoli:lcl|NC_000913.3_prot_YP_009518826.1_3650
ecoli:lcl|NC_000913.3_prot_NP_418158.1_3651	ecoli:lcl|NC_000913.3_prot_NP_418158.1_3651
ecoli:lcl|NC_000913.3_prot_NP_418159.1_3652	ecoli:lcl|NC_000913.3_prot_NP_418159.1_3652
ecoli:lcl|NC_000913.3_prot_YP_588472.1_3653	ecoli:lcl|NC_000913.3_prot_YP_588472.1_3653
ecoli:lcl|NC_000913.3_prot_NP_418161.1_3654	ecoli:lcl|NC_000913.3_prot_NP_418161.1_3654
ecoli:lcl|NC_000913.3_prot_NP_418162.1_3655	ecoli:lcl|NC_000913.3_prot_NP_418162.1_3655
ecoli:lcl|NC_000913.3_prot_NP_418163.1_3656	ecoli:lcl|NC_000913.3_prot_NP_418163.1_3656
ecoli:lcl|NC_000913.3_prot_NP_418164.4_3657	ecoli:lcl|NC_000913.3_prot_NP_418164.4_3657
ecoli:lcl|NC_000913.3_prot_NP_418165.1_3658	ecoli:lcl|NC_000913.3_prot_NP_418165.1_3658
ecoli:lcl|NC_000913.3_prot_NP_418165.1_3658	ecoli:lcl|NC_000913.3_prot_NP_417630.1_3105
ecoli:lcl|NC_000913.3_prot_NP_418166.1_3659	ecoli:lcl|NC_000913.3_prot_NP_418166.1_3659
ecoli:lcl|NC_000913.3_prot_NP_418167.1_3660	ecoli:lcl|NC_000913.3_prot_NP_418167.1_3660
ecoli:lcl|NC_000913.3_prot_NP_418168.2_3661	ecoli:lcl|NC_000913.3_prot_NP_418168.2_3661
ecoli:lcl|NC_000913.3_prot_NP_418169.1_3662	ecoli:lcl|NC_000913.3_prot_NP_418169.1_3662
ecoli:lcl|NC_000913.3_prot_NP_418171.1_3664	ecoli:lcl|NC_000913.3_prot_NP_418171.1_3664
ecoli:lcl|NC_000913.3_prot_NP_418172.1_3665	ecoli:lcl|NC_000913.3_prot_NP_418172.1_3665
ecoli:lcl|NC_000913.3_prot_NP_418173.1_3666	ecoli:lcl|NC_000913.3_prot_NP_418173.1_3666
ecoli:lcl|NC_000913.3_prot_YP_026242.1_3667	ecoli:lcl|NC_000913.3_prot_YP_026242.1_3667
ecoli:lcl|NC_000913.3_prot_NP_418175.3_3668	ecoli:lcl|NC_000913.3_prot_NP_418175.3_3668
ecoli:lcl|NC_000913.3_prot_NP_418176.1_3669	ecoli:lcl|NC_000913.3_prot_NP_418176.1_3669
ecoli:lcl|NC_000913.3_prot_NP_418177.1_3670	ecoli:lcl|NC_000913.3_prot_NP_418177.1_3670
ecoli:lcl|NC_000913.3_prot_NP_418177.1_3670	ecoli:lcl|NC_000913.3_prot_NP_417377.1_2852
ecoli:lcl|NC_000913.3_prot_NP_418177.1_3670	ecoli:lcl|NC_000913.3_prot_NP_417196.1_2676
ecoli:lcl|NC_000913.3_prot_NP_418178.1_3671	ecoli:lcl|NC_000913.3_prot_NP_418178.1_3671
ecoli:lcl|NC_000913.3_prot_NP_418179.1_3672	ecoli:lcl|NC_000913.3_prot_NP_418179.1_3672
ecoli:lcl|NC_000913.3_prot_NP_418180.1_3673	ecoli:lcl|NC_000913.3_prot_NP_418180.1_3673
ecoli:lcl|NC_000913.3_prot_NP_418181.1_3674	ecoli:lcl|NC_000913.3_prot_NP_418181.1_3674
ecoli:lcl|NC_000913.3_prot_NP_418182.1_3675	ecoli:lcl|NC_000913.3_prot_NP_418182.1_3675
ecoli:lcl|NC_000913.3_prot_NP_418183.1_3676	ecoli:lcl|NC_000913.3_prot_NP_418183.1_3676
ecoli:lcl|NC_000913.3_prot_NP_418184.1_3677	ecoli:lcl|NC_000913.3_prot_NP_418184.1_3677
ecoli:lcl|NC_000913.3_prot_NP_418185.1_3678	ecoli:lcl|NC_000913.3_prot_NP_418185.1_3678
ecoli:lcl|NC_000913.3_prot_NP_418186.1_3679	ecoli:lcl|NC_000913.3_prot_NP_418186.1_3679
ecoli:lcl|NC_000913.3_prot_NP_418187.1_3680	ecoli:lcl|NC_000913.3_prot_NP_418187.1_3680
ecoli:lcl|NC_000913.3_prot_NP_418188.1_3681	ecoli:lcl|NC_000913.3_prot_NP_418188.1_3681
ecoli:lcl|NC_000913.3_prot_NP_418189.1_3682	ecoli:lcl|NC_000913.3_prot_NP_418189.1_3682
ecoli:lcl|NC_000913.3_prot_NP_418190.1_3683	ecoli:lcl|NC_000913.3_prot_NP_418190.1_3683
ecoli:lcl|NC_000913.3_prot_NP_418191.1_3684	ecoli:lcl|NC_000913.3_prot_NP_418191.1_3684
ecoli:lcl|NC_000913.3_prot_NP_418192.1_3685	ecoli:lcl|NC_000913.3_prot_NP_418192.1_3685
ecoli:lcl|NC_000913.3_prot_NP_418193.1_3686	ecoli:lcl|NC_000913.3_prot_NP_418193.1_3686
ecoli:lcl|NC_000913.3_prot_NP_418194.1_3687	ecoli:lcl|NC_000913.3_prot_NP_418194.1_3687
ecoli:lcl|NC_000913.3_prot_NP_418195.2_3688	ecoli:lcl|NC_000913.3_prot_NP_418195.2_3688
ecoli:lcl|NC_000913.3_prot_NP_418196.1_3689	ecoli:lcl|NC_000913.3_prot_NP_418196.1_3689
ecoli:lcl|NC_000913.3_prot_NP_418197.1_3690	ecoli:lcl|NC_000913.3_prot_NP_418197.1_3690
ecoli:lcl|NC_000913.3_prot_NP_418198.1_3691	ecoli:lcl|NC_000913.3_prot_NP_418198.1_3691
ecoli:lcl|NC_000913.3_prot_NP_418199.1_3692	ecoli:lcl|NC_000913.3_prot_NP_418199.1_3692
ecoli:lcl|NC_000913.3_prot_NP_418200.1_3693	ecoli:lcl|NC_000913.3_prot_NP_418200.1_3693
ecoli:lcl|NC_000913.3_prot_YP_026243.1_3694	ecoli:lcl|NC_000913.3_prot_YP_026243.1_3694
ecoli:lcl|NC_000913.3_prot_NP_418202.4_3695	ecoli:lcl|NC_000913.3_prot_NP_418202.4_3695
ecoli:lcl|NC_000913.3_prot_YP_026244.1_3696	ecoli:lcl|NC_000913.3_prot_YP_026244.1_3696
ecoli:lcl|NC_000913.3_prot_NP_418204.2_3697	ecoli:lcl|NC_000913.3_prot_NP_418204.2_3697
ecoli:lcl|NC_000913.3_prot_NP_418205.1_3698	ecoli:lcl|NC_000913.3_prot_NP_418205.1_3698
ecoli:lcl|NC_000913.3_prot_NP_418205.1_3698	ecoli:lcl|NC_000913.3_prot_NP_416654.1_2130
ecoli:lcl|NC_000913.3_prot_NP_418206.1_3699	ecoli:lcl|NC_000913.3_prot_NP_418206.1_3699
ecoli:lcl|NC_000913.3_prot_NP_418207.1_3700	ecoli:lcl|NC_000913.3_prot_NP_418207.1_3700
ecoli:lcl|NC_000913.3_prot_NP_418208.1_3701	ecoli:lcl|NC_000913.3_prot_NP_418208.1_3701
ecoli:lcl|NC_000913.3_prot_NP_418209.1_3702	ecoli:lcl|NC_000913.3_prot_NP_418209.1_3702
ecoli:lcl|NC_000913.3_prot_NP_418209.1_3702	ecoli:lcl|NC_000913.3_prot_NP_416175.1_1652
ecoli:lcl|NC_000913.3_prot_NP_418210.1_3703	ecoli:lcl|NC_000913.3_prot_NP_418210.1_3703
ecoli:lcl|NC_000913.3_prot_NP_418210.1_3703	ecoli:lcl|NC_000913.3_prot_NP_416581.1_2063
ecoli:lcl|NC_000913.3_prot_YP_026245.1_3704	ecoli:lcl|NC_000913.3_prot_YP_026245.1_3704
ecoli:lcl|NC_000913.3_prot_YP_026246.1_3705	ecoli:lcl|NC_000913.3_prot_YP_026246.1_3705
ecoli:lcl|NC_000913.3_prot_NP_418213.1_3706	ecoli:lcl|NC_000913.3_prot_NP_418213.1_3706
ecoli:lcl|NC_000913.3_prot_NP_418214.2_3707	ecoli:lcl|NC_000913.3_prot_NP_418214.2_3707
ecoli:lcl|NC_000913.3_prot_NP_418215.1_3708	ecoli:lcl|NC_000913.3_prot_NP_418215.1_3708
ecoli:lcl|NC_000913.3_prot_YP_002791259.1_3709	ecoli:lcl|NC_000913.3_prot_YP_002791259.1_3709
ecoli:lcl|NC_000913.3_prot_NP_418217.1_3710	ecoli:lcl|NC_000913.3_prot_NP_418217.1_3710
ecoli:lcl|NC_000913.3_prot_YP_026247.1_3711	ecoli:lcl|NC_000913.3_prot_YP_026247.1_3711
ecoli:lcl|NC_000913.3_prot_YP_026248.1_3712	ecoli:lcl|NC_000913.3_prot_YP_026248.1_3712
ecoli:lcl|NC_000913.3_prot_NP_418220.1_3713	ecoli:lcl|NC_000913.3_prot_NP_418220.1_3713
ecoli:lcl|NC_000913.3_prot_NP_418221.1_3714	ecoli:lcl|NC_000913.3_prot_NP_418221.1_3714
ecoli:lcl|NC_000913.3_prot_NP_418222.1_3715	ecoli:lcl|NC_000913.3_prot_NP_418222.1_3715
ecoli:lcl|NC_000913.3_prot_NP_418223.1_3716	ecoli:lcl|NC_000913.3_prot_NP_418223.1_3716
ecoli:lcl|NC_000913.3_prot_YP_026251.1_3717	ecoli:lcl|NC_000913.3_prot_YP_026251.1_3717
ecoli:lcl|NC_000913.3_prot_YP_026252.1_3718	ecoli:lcl|NC_000913.3_prot_YP_026252.1_3718
ecoli:lcl|NC_000913.3_prot_YP_026252.1_3718	ecoli:lcl|NC_000913.3_prot_NP_416997.1_2480
ecoli:lcl|NC_000913.3_prot_NP_418227.1_3719	ecoli:lcl|NC_000913.3_prot_NP_418227.1_3719
ecoli:lcl|NC_000913.3_prot_NP_418228.2_3720	ecoli:lcl|NC_000913.3_prot_NP_418228.2_3720
ecoli:lcl|NC_000913.3_prot_YP_009518827.1_3721	ecoli:lcl|NC_000913.3_prot_YP_009518827.1_3721
ecoli:lcl|NC_000913.3_prot_NP_418230.1_3722	ecoli:lcl|NC_000913.3_prot_NP_418230.1_3722
ecoli:lcl|NC_000913.3_prot_NP_418231.1_3723	ecoli:lcl|NC_000913.3_prot_NP_418231.1_3723
ecoli:lcl|NC_000913.3_prot_NP_418232.2_3724	ecoli:lcl|NC_000913.3_prot_NP_418232.2_3724
ecoli:lcl|NC_000913.3_prot_YP_026253.1_3725	ecoli:lcl|NC_000913.3_prot_YP_026253.1_3725
ecoli:lcl|NC_000913.3_prot_YP_026254.1_3726	ecoli:lcl|NC_000913.3_prot_YP_026254.1_3726
ecoli:lcl|NC_000913.3_prot_YP_026255.1_3727	ecoli:lcl|NC_000913.3_prot_YP_026255.1_3727
ecoli:lcl|NC_000913.3_prot_YP_026255.1_3727	ecoli:lcl|NC_000913.3_prot_NP_416545.1_2025
ecoli:lcl|NC_000913.3_prot_NP_418236.1_3728	ecoli:lcl|NC_000913.3_prot_NP_418236.1_3728
ecoli:lcl|NC_000913.3_prot_NP_418236.1_3728	ecoli:lcl|NC_000913.3_prot_NP_416543.1_2023
ecoli:lcl|NC_000913.3_prot_YP_026256.2_3729	ecoli:lcl|NC_000913.3_prot_YP_026256.2_3729
ecoli:lcl|NC_000913.3_prot_NP_418238.1_3730	ecoli:lcl|NC_000913.3_prot_NP_418238.1_3730
ecoli:lcl|NC_000913.3_prot_NP_418239.1_3731	ecoli:lcl|NC_000913.3_prot_NP_418239.1_3731
ecoli:lcl|NC_000913.3_prot_YP_026257.1_3732	ecoli:lcl|NC_000913.3_prot_YP_026257.1_3732
ecoli:lcl|NC_000913.3_prot_NP_418241.1_3733	ecoli:lcl|NC_000913.3_prot_NP_418241.1_3733
ecoli:lcl|NC_000913.3_prot_NP_418242.1_3734	ecoli:lcl|NC_000913.3_prot_NP_418242.1_3734
ecoli:lcl|NC_000913.3_prot_YP_026259.1_3736	ecoli:lcl|NC_000913.3_prot_YP_026259.1_3736
ecoli:lcl|NC_000913.3_prot_YP_026259.1_3736	ecoli:lcl|NC_000913.3_prot_NP_416014.4_1484
ecoli:lcl|NC_000913.3_prot_NP_418245.1_3737	ecoli:lcl|NC_000913.3_prot_NP_418245.1_3737
ecoli:lcl|NC_000913.3_prot_NP_418246.1_3738	ecoli:lcl|NC_000913.3_prot_NP_418246.1_3738
ecoli:lcl|NC_000913.3_prot_NP_418247.1_3739	ecoli:lcl|NC_000913.3_prot_NP_418247.1_3739
ecoli:lcl|NC_000913.3_prot_NP_418248.1_3740	ecoli:lcl|NC_000913.3_prot_NP_418248.1_3740
ecoli:lcl|NC_000913.3_prot_YP_026260.1_3741	ecoli:lcl|NC_000913.3_prot_YP_026260.1_3741
ecoli:lcl|NC_000913.3_prot_NP_418250.1_3742	ecoli:lcl|NC_000913.3_prot_NP_418250.1_3742
ecoli:lcl|NC_000913.3_prot_NP_418251.1_3743	ecoli:lcl|NC_000913.3_prot_NP_418251.1_3743
ecoli:lcl|NC_000913.3_prot_YP_009518828.1_3744	ecoli:lcl|NC_000913.3_prot_YP_009518828.1_3744
ecoli:lcl|NC_000913.3_prot_YP_588473.1_3745	ecoli:lcl|NC_000913.3_prot_YP_588473.1_3745
ecoli:lcl|NC_000913.3_prot_NP_418254.2_3746	ecoli:lcl|NC_000913.3_prot_NP_418254.2_3746
ecoli:lcl|NC_000913.3_prot_NP_418255.1_3747	ecoli:lcl|NC_000913.3_prot_NP_418255.1_3747
ecoli:lcl|NC_000913.3_prot_NP_418256.1_3748	ecoli:lcl|NC_000913.3_prot_NP_418256.1_3748
ecoli:lcl|NC_000913.3_prot_NP_418257.1_3749	ecoli:lcl|NC_000913.3_prot_NP_418257.1_3749
ecoli:lcl|NC_000913.3_prot_NP_418258.1_3750	ecoli:lcl|NC_000913.3_prot_NP_418258.1_3750
ecoli:lcl|NC_000913.3_prot_YP_026261.1_3751	ecoli:lcl|NC_000913.3_prot_YP_026261.1_3751
ecoli:lcl|NC_000913.3_prot_YP_010051213.1_3752	ecoli:lcl|NC_000913.3_prot_YP_010051213.1_3752
ecoli:lcl|NC_000913.3_prot_NP_418260.1_3753	ecoli:lcl|NC_000913.3_prot_NP_418260.1_3753
ecoli:lcl|NC_000913.3_prot_NP_418261.1_3754	ecoli:lcl|NC_000913.3_prot_NP_418261.1_3754
ecoli:lcl|NC_000913.3_prot_NP_418262.2_3755	ecoli:lcl|NC_000913.3_prot_NP_418262.2_3755
ecoli:lcl|NC_000913.3_prot_YP_026262.1_3756	ecoli:lcl|NC_000913.3_prot_YP_026262.1_3756
ecoli:lcl|NC_000913.3_prot_NP_418264.4_3757	ecoli:lcl|NC_000913.3_prot_NP_418264.4_3757
ecoli:lcl|NC_000913.3_prot_NP_418265.1_3758	ecoli:lcl|NC_000913.3_prot_NP_418265.1_3758
ecoli:lcl|NC_000913.3_prot_YP_026263.3_3759	ecoli:lcl|NC_000913.3_prot_YP_026263.3_3759
ecoli:lcl|NC_000913.3_prot_YP_026264.1_3760	ecoli:lcl|NC_000913.3_prot_YP_026264.1_3760
ecoli:lcl|NC_000913.3_prot_YP_026265.1_3761	ecoli:lcl|NC_000913.3_prot_YP_026265.1_3761
ecoli:lcl|NC_000913.3_prot_YP_026266.1_3762	ecoli:lcl|NC_000913.3_prot_YP_026266.1_3762
ecoli:lcl|NC_000913.3_prot_YP_026267.1_3763	ecoli:lcl|NC_000913.3_prot_YP_026267.1_3763
ecoli:lcl|NC_000913.3_prot_NP_418271.1_3764	ecoli:lcl|NC_000913.3_prot_NP_418271.1_3764
ecoli:lcl|NC_000913.3_prot_NP_418272.1_3765	ecoli:lcl|NC_000913.3_prot_NP_418272.1_3765
ecoli:lcl|NC_000913.3_prot_NP_418273.1_3766	ecoli:lcl|NC_000913.3_prot_NP_418273.1_3766
ecoli:lcl|NC_000913.3_prot_YP_026268.1_3767	ecoli:lcl|NC_000913.3_prot_YP_026268.1_3767
ecoli:lcl|NC_000913.3_prot_NP_418275.1_3768	ecoli:lcl|NC_000913.3_prot_NP_418275.1_3768
ecoli:lcl|NC_000913.3_prot_NP_418276.1_3769	ecoli:lcl|NC_000913.3_prot_NP_418276.1_3769
ecoli:lcl|NC_000913.3_prot_YP_026269.1_3770	ecoli:lcl|NC_000913.3_prot_YP_026269.1_3770
ecoli:lcl|NC_000913.3_prot_NP_418278.1_3771	ecoli:lcl|NC_000913.3_prot_NP_418278.1_3771
ecoli:lcl|NC_000913.3_prot_NP_418279.1_3772	ecoli:lcl|NC_000913.3_prot_NP_418279.1_3772
ecoli:lcl|NC_000913.3_prot_YP_026270.1_3774	ecoli:lcl|NC_000913.3_prot_YP_026270.1_3774
ecoli:lcl|NC_000913.3_prot_NP_418282.1_3775	ecoli:lcl|NC_000913.3_prot_NP_418282.1_3775
ecoli:lcl|NC_000913.3_prot_YP_026271.1_3776	ecoli:lcl|NC_000913.3_prot_YP_026271.1_3776
ecoli:lcl|NC_000913.3_prot_NP_418284.1_3777	ecoli:lcl|NC_000913.3_prot_NP_418284.1_3777
ecoli:lcl|NC_000913.3_prot_NP_418285.1_3778	ecoli:lcl|NC_000913.3_prot_NP_418285.1_3778
ecoli:lcl|NC_000913.3_prot_NP_418286.1_3779	ecoli:lcl|NC_000913.3_prot_NP_418286.1_3779
ecoli:lcl|NC_000913.3_prot_YP_026272.1_3780	ecoli:lcl|NC_000913.3_prot_YP_026272.1_3780
ecoli:lcl|NC_000913.3_prot_NP_418288.1_3781	ecoli:lcl|NC_000913.3_prot_NP_418288.1_3781
ecoli:lcl|NC_000913.3_prot_NP_418289.1_3782	ecoli:lcl|NC_000913.3_prot_NP_418289.1_3782
ecoli:lcl|NC_000913.3_prot_NP_418290.4_3783	ecoli:lcl|NC_000913.3_prot_NP_418290.4_3783
ecoli:lcl|NC_000913.3_prot_YP_026273.1_3784	ecoli:lcl|NC_000913.3_prot_YP_026273.1_3784
ecoli:lcl|NC_000913.3_prot_NP_418292.1_3785	ecoli:lcl|NC_000913.3_prot_NP_418292.1_3785
ecoli:lcl|NC_000913.3_prot_NP_418293.2_3786	ecoli:lcl|NC_000913.3_prot_NP_418293.2_3786
ecoli:lcl|NC_000913.3_prot_NP_418294.1_3787	ecoli:lcl|NC_000913.3_prot_NP_418294.1_3787
ecoli:lcl|NC_000913.3_prot_NP_418295.1_3788	ecoli:lcl|NC_000913.3_prot_NP_418295.1_3788
ecoli:lcl|NC_000913.3_prot_NP_418296.1_3789	ecoli:lcl|NC_000913.3_prot_NP_418296.1_3789
ecoli:lcl|NC_000913.3_prot_NP_418297.1_3790	ecoli:lcl|NC_000913.3_prot_NP_418297.1_3790
ecoli:lcl|NC_000913.3_prot_NP_418298.4_3791	ecoli:lcl|NC_000913.3_prot_NP_418298.4_3791
ecoli:lcl|NC_000913.3_prot_NP_418299.1_3792	ecoli:lcl|NC_000913.3_prot_NP_418299.1_3792
ecoli:lcl|NC_000913.3_prot_NP_418300.1_3793	ecoli:lcl|NC_000913.3_prot_NP_418300.1_3793
ecoli:lcl|NC_000913.3_prot_NP_418301.3_3794	ecoli:lcl|NC_000913.3_prot_NP_418301.3_3794
ecoli:lcl|NC_000913.3_prot_NP_418302.1_3795	ecoli:lcl|NC_000913.3_prot_NP_418302.1_3795
ecoli:lcl|NC_000913.3_prot_NP_418303.2_3796	ecoli:lcl|NC_000913.3_prot_NP_418303.2_3796
ecoli:lcl|NC_000913.3_prot_YP_002791260.1_3797	ecoli:lcl|NC_000913.3_prot_YP_002791260.1_3797
ecoli:lcl|NC_000913.3_prot_NP_418304.1_3798	ecoli:lcl|NC_000913.3_prot_NP_418304.1_3798
ecoli:lcl|NC_000913.3_prot_NP_418305.1_3799	ecoli:lcl|NC_000913.3_prot_NP_418305.1_3799
ecoli:lcl|NC_000913.3_prot_NP_418306.1_3800	ecoli:lcl|NC_000913.3_prot_NP_418306.1_3800
ecoli:lcl|NC_000913.3_prot_YP_026274.1_3801	ecoli:lcl|NC_000913.3_prot_YP_026274.1_3801
ecoli:lcl|NC_000913.3_prot_NP_418308.1_3802	ecoli:lcl|NC_000913.3_prot_NP_418308.1_3802
ecoli:lcl|NC_000913.3_prot_NP_418309.1_3803	ecoli:lcl|NC_000913.3_prot_NP_418309.1_3803
ecoli:lcl|NC_000913.3_prot_NP_418310.1_3804	ecoli:lcl|NC_000913.3_prot_NP_418310.1_3804
ecoli:lcl|NC_000913.3_prot_NP_418311.1_3805	ecoli:lcl|NC_000913.3_prot_NP_418311.1_3805
ecoli:lcl|NC_000913.3_prot_NP_418313.4_3807	ecoli:lcl|NC_000913.3_prot_NP_418313.4_3807
ecoli:lcl|NC_000913.3_prot_NP_418313.4_3807	ecoli:lcl|NC_000913.3_prot_YP_026275.1_3806
ecoli:lcl|NC_000913.3_prot_NP_418314.1_3808	ecoli:lcl|NC_000913.3_prot_NP_418314.1_3808
ecoli:lcl|NC_000913.3_prot_NP_418315.3_3809	ecoli:lcl|NC_000913.3_prot_NP_418315.3_3809
ecoli:lcl|NC_000913.3_prot_NP_418316.4_3810	ecoli:lcl|NC_000913.3_prot_NP_418316.4_3810
ecoli:lcl|NC_000913.3_prot_NP_418317.1_3811	ecoli:lcl|NC_000913.3_prot_NP_418317.1_3811
ecoli:lcl|NC_000913.3_prot_NP_418318.1_3812	ecoli:lcl|NC_000913.3_prot_NP_418318.1_3812
ecoli:lcl|NC_000913.3_prot_NP_418319.2_3813	ecoli:lcl|NC_000913.3_prot_NP_418319.2_3813
ecoli:lcl|NC_000913.3_prot_NP_418320.2_3814	ecoli:lcl|NC_000913.3_prot_NP_418320.2_3814
ecoli:lcl|NC_000913.3_prot_NP_418321.4_3815	ecoli:lcl|NC_000913.3_prot_NP_418321.4_3815
ecoli:lcl|NC_000913.3_prot_NP_418322.1_3816	ecoli:lcl|NC_000913.3_prot_NP_418322.1_3816
ecoli:lcl|NC_000913.3_prot_NP_418323.1_3817	ecoli:lcl|NC_000913.3_prot_NP_418323.1_3817
ecoli:lcl|NC_000913.3_prot_NP_418324.1_3818	ecoli:lcl|NC_000913.3_prot_NP_418324.1_3818
ecoli:lcl|NC_000913.3_prot_NP_418325.4_3819	ecoli:lcl|NC_000913.3_prot_NP_418325.4_3819
ecoli:lcl|NC_000913.3_prot_NP_418326.2_3820	ecoli:lcl|NC_000913.3_prot_NP_418326.2_3820
ecoli:lcl|NC_000913.3_prot_NP_418327.1_3821	ecoli:lcl|NC_000913.3_prot_NP_418327.1_3821
ecoli:lcl|NC_000913.3_prot_NP_418328.1_3822	ecoli:lcl|NC_000913.3_prot_NP_418328.1_3822
ecoli:lcl|NC_000913.3_prot_NP_418329.1_3823	ecoli:lcl|NC_000913.3_prot_NP_418329.1_3823
ecoli:lcl|NC_000913.3_prot_NP_418329.1_3823	ecoli:lcl|NC_000913.3_prot_NP_415992.1_1460
ecoli:lcl|NC_000913.3_prot_NP_418330.1_3824	ecoli:lcl|NC_000913.3_prot_NP_418330.1_3824
ecoli:lcl|NC_000913.3_prot_NP_418330.1_3824	ecoli:lcl|NC_000913.3_prot_NP_415991.1_1459
ecoli:lcl|NC_000913.3_prot_NP_418331.1_3825	ecoli:lcl|NC_000913.3_prot_NP_418331.1_3825
ecoli:lcl|NC_000913.3_prot_NP_418332.1_3826	ecoli:lcl|NC_000913.3_prot_NP_418332.1_3826
ecoli:lcl|NC_000913.3_prot_NP_418333.1_3827	ecoli:lcl|NC_000913.3_prot_NP_418333.1_3827
ecoli:lcl|NC_000913.3_prot_NP_418334.1_3828	ecoli:lcl|NC_000913.3_prot_NP_418334.1_3828
ecoli:lcl|NC_000913.3_prot_NP_418336.1_3830	ecoli:lcl|NC_000913.3_prot_NP_418336.1_3830
ecoli:lcl|NC_000913.3_prot_NP_418337.1_3831	ecoli:lcl|NC_000913.3_prot_NP_418337.1_3831
ecoli:lcl|NC_000913.3_prot_NP_418338.1_3832	ecoli:lcl|NC_000913.3_prot_NP_418338.1_3832
ecoli:lcl|NC_000913.3_prot_YP_026276.1_3833	ecoli:lcl|NC_000913.3_prot_YP_026276.1_3833
ecoli:lcl|NC_000913.3_prot_NP_418340.1_3834	ecoli:lcl|NC_000913.3_prot_NP_418340.1_3834
ecoli:lcl|NC_000913.3_prot_NP_418341.1_3835	ecoli:lcl|NC_000913.3_prot_NP_418341.1_3835
ecoli:lcl|NC_000913.3_prot_NP_418342.2_3836	ecoli:lcl|NC_000913.3_prot_NP_418342.2_3836
ecoli:lcl|NC_000913.3_prot_NP_418343.1_3837	ecoli:lcl|NC_000913.3_prot_NP_418343.1_3837
ecoli:lcl|NC_000913.3_prot_NP_418344.3_3838	ecoli:lcl|NC_000913.3_prot_NP_418344.3_3838
ecoli:lcl|NC_000913.3_prot_NP_418345.2_3839	ecoli:lcl|NC_000913.3_prot_NP_418345.2_3839
ecoli:lcl|NC_000913.3_prot_NP_418346.2_3840	ecoli:lcl|NC_000913.3_prot_NP_418346.2_3840
ecoli:lcl|NC_000913.3_prot_NP_418347.1_3841	ecoli:lcl|NC_000913.3_prot_NP_418347.1_3841
ecoli:lcl|NC_000913.3_prot_NP_418348.1_3842	ecoli:lcl|NC_000913.3_prot_NP_418348.1_3842
ecoli:lcl|NC_000913.3_prot_YP_026277.1_3843	ecoli:lcl|NC_000913.3_prot_YP_026277.1_3843
ecoli:lcl|NC_000913.3_prot_NP_418350.1_3844	ecoli:lcl|NC_000913.3_prot_NP_418350.1_3844
ecoli:lcl|NC_000913.3_prot_NP_418351.1_3845	ecoli:lcl|NC_000913.3_prot_NP_418351.1_3845
ecoli:lcl|NC_000913.3_prot_NP_418352.1_3846	ecoli:lcl|NC_000913.3_prot_NP_418352.1_3846
ecoli:lcl|NC_000913.3_prot_NP_418353.1_3847	ecoli:lcl|NC_000913.3_prot_NP_418353.1_3847
ecoli:lcl|NC_000913.3_prot_NP_418354.1_3848	ecoli:lcl|NC_000913.3_prot_NP_418354.1_3848
ecoli:lcl|NC_000913.3_prot_NP_418355.1_3849	ecoli:lcl|NC_000913.3_prot_NP_418355.1_3849
ecoli:lcl|NC_000913.3_prot_NP_418356.1_3850	ecoli:lcl|NC_000913.3_prot_NP_418356.1_3850
ecoli:lcl|NC_000913.3_prot_NP_418357.1_3851	ecoli:lcl|NC_000913.3_prot_NP_418357.1_3851
ecoli:lcl|NC_000913.3_prot_NP_418358.1_3852	ecoli:lcl|NC_000913.3_prot_NP_418358.1_3852
ecoli:lcl|NC_000913.3_prot_NP_418359.1_3853	ecoli:lcl|NC_000913.3_prot_NP_418359.1_3853
ecoli:lcl|NC_000913.3_prot_NP_418360.1_3854	ecoli:lcl|NC_000913.3_prot_NP_418360.1_3854
ecoli:lcl|NC_000913.3_prot_NP_418360.1_3854	ecoli:lcl|NC_000913.3_prot_NP_417405.1_2881
ecoli:lcl|NC_000913.3_prot_NP_418361.1_3855	ecoli:lcl|NC_000913.3_prot_NP_418361.1_3855
ecoli:lcl|NC_000913.3_prot_NP_418362.1_3856	ecoli:lcl|NC_000913.3_prot_NP_418362.1_3856
ecoli:lcl|NC_000913.3_prot_NP_418363.1_3857	ecoli:lcl|NC_000913.3_prot_NP_418363.1_3857
ecoli:lcl|NC_000913.3_prot_NP_418364.1_3858	ecoli:lcl|NC_000913.3_prot_NP_418364.1_3858
ecoli:lcl|NC_000913.3_prot_NP_418365.1_3859	ecoli:lcl|NC_000913.3_prot_NP_418365.1_3859
ecoli:lcl|NC_000913.3_prot_NP_418366.1_3860	ecoli:lcl|NC_000913.3_prot_NP_418366.1_3860
ecoli:lcl|NC_000913.3_prot_NP_418367.1_3861	ecoli:lcl|NC_000913.3_prot_NP_418367.1_3861
ecoli:lcl|NC_000913.3_prot_NP_418368.1_3862	ecoli:lcl|NC_000913.3_prot_NP_418368.1_3862
ecoli:lcl|NC_000913.3_prot_NP_418369.1_3863	ecoli:lcl|NC_000913.3_prot_NP_418369.1_3863
ecoli:lcl|NC_000913.3_prot_NP_418370.1_3864	ecoli:lcl|NC_000913.3_prot_NP_418370.1_3864
ecoli:lcl|NC_000913.3_prot_NP_418371.1_3865	ecoli:lcl|NC_000913.3_prot_NP_418371.1_3865
ecoli:lcl|NC_000913.3_prot_NP_418372.1_3866	ecoli:lcl|NC_000913.3_prot_NP_418372.1_3866
ecoli:lcl|NC_000913.3_prot_NP_418373.1_3867	ecoli:lcl|NC_000913.3_prot_NP_418373.1_3867
ecoli:lcl|NC_000913.3_prot_NP_418374.1_3868	ecoli:lcl|NC_000913.3_prot_NP_418374.1_3868
ecoli:lcl|NC_000913.3_prot_NP_418375.1_3869	ecoli:lcl|NC_000913.3_prot_NP_418375.1_3869
ecoli:lcl|NC_000913.3_prot_NP_418376.1_3870	ecoli:lcl|NC_000913.3_prot_NP_418376.1_3870
ecoli:lcl|NC_000913.3_prot_NP_418377.1_3871	ecoli:lcl|NC_000913.3_prot_NP_418377.1_3871
ecoli:lcl|NC_000913.3_prot_NP_418378.4_3872	ecoli:lcl|NC_000913.3_prot_NP_418378.4_3872
ecoli:lcl|NC_000913.3_prot_NP_418379.1_3873	ecoli:lcl|NC_000913.3_prot_NP_418379.1_3873
ecoli:lcl|NC_000913.3_prot_NP_418380.4_3874	ecoli:lcl|NC_000913.3_prot_NP_418380.4_3874
ecoli:lcl|NC_000913.3_prot_NP_418381.1_3875	ecoli:lcl|NC_000913.3_prot_NP_418381.1_3875
ecoli:lcl|NC_000913.3_prot_NP_418381.1_3875	ecoli:lcl|NC_000913.3_prot_NP_415346.4_801
ecoli:lcl|NC_000913.3_prot_YP_026278.1_3876	ecoli:lcl|NC_000913.3_prot_YP_026278.1_3876
ecoli:lcl|NC_000913.3_prot_NP_418384.1_3877	ecoli:lcl|NC_000913.3_prot_NP_418384.1_3877
ecoli:lcl|NC_000913.3_prot_NP_418385.1_3878	ecoli:lcl|NC_000913.3_prot_NP_418385.1_3878
ecoli:lcl|NC_000913.3_prot_NP_418385.1_3878	ecoli:lcl|NC_000913.3_prot_NP_418335.4_3829
ecoli:lcl|NC_000913.3_prot_NP_418386.1_3879	ecoli:lcl|NC_000913.3_prot_NP_418386.1_3879
ecoli:lcl|NC_000913.3_prot_NP_418387.3_3880	ecoli:lcl|NC_000913.3_prot_NP_418387.3_3880
ecoli:lcl|NC_000913.3_prot_NP_418387.3_3880	ecoli:lcl|NC_000913.3_prot_NP_415345.2_800
ecoli:lcl|NC_000913.3_prot_NP_418388.1_3881	ecoli:lcl|NC_000913.3_prot_NP_418388.1_3881
ecoli:lcl|NC_000913.3_prot_NP_418389.1_3882	ecoli:lcl|NC_000913.3_prot_NP_418389.1_3882
ecoli:lcl|NC_000913.3_prot_NP_418390.1_3883	ecoli:lcl|NC_000913.3_prot_NP_418390.1_3883
ecoli:lcl|NC_000913.3_prot_NP_418391.1_3884	ecoli:lcl|NC_000913.3_prot_NP_418391.1_3884
ecoli:lcl|NC_000913.3_prot_NP_418392.1_3885	ecoli:lcl|NC_000913.3_prot_NP_418392.1_3885
ecoli:lcl|NC_000913.3_prot_NP_418393.1_3886	ecoli:lcl|NC_000913.3_prot_NP_418393.1_3886
ecoli:lcl|NC_000913.3_prot_NP_418394.3_3887	ecoli:lcl|NC_000913.3_prot_NP_418394.3_3887
ecoli:lcl|NC_000913.3_prot_NP_418395.1_3888	ecoli:lcl|NC_000913.3_prot_NP_418395.1_3888
ecoli:lcl|NC_000913.3_prot_NP_418396.1_3889	ecoli:lcl|NC_000913.3_prot_NP_418396.1_3889
ecoli:lcl|NC_000913.3_prot_NP_418397.2_3890	ecoli:lcl|NC_000913.3_prot_NP_418397.2_3890
ecoli:lcl|NC_000913.3_prot_NP_418398.3_3891	ecoli:lcl|NC_000913.3_prot_NP_418398.3_3891
ecoli:lcl|NC_000913.3_prot_NP_418399.1_3892	ecoli:lcl|NC_000913.3_prot_NP_418399.1_3892
ecoli:lcl|NC_000913.3_prot_NP_418400.1_3893	ecoli:lcl|NC_000913.3_prot_NP_418400.1_3893
ecoli:lcl|NC_000913.3_prot_NP_418401.1_3894	ecoli:lcl|NC_000913.3_prot_NP_418401.1_3894
ecoli:lcl|NC_000913.3_prot_NP_418402.2_3895	ecoli:lcl|NC_000913.3_prot_NP_418402.2_3895
ecoli:lcl|NC_000913.3_prot_NP_418403.1_3896	ecoli:lcl|NC_000913.3_prot_NP_418403.1_3896
ecoli:lcl|NC_000913.3_prot_NP_418404.1_3897	ecoli:lcl|NC_000913.3_prot_NP_418404.1_3897
ecoli:lcl|NC_000913.3_prot_NP_418405.1_3898	ecoli:lcl|NC_000913.3_prot_NP_418405.1_3898
ecoli:lcl|NC_000913.3_prot_NP_418407.1_3899	ecoli:lcl|NC_000913.3_prot_NP_418407.1_3899
ecoli:lcl|NC_000913.3_prot_NP_418407.1_3899	ecoli:lcl|NC_000913.3_prot_NP_417798.1_3274
ecoli:lcl|NC_000913.3_prot_NP_418408.1_3900	ecoli:lcl|NC_000913.3_prot_NP_418408.1_3900
ecoli:lcl|NC_000913.3_prot_NP_418409.1_3901	ecoli:lcl|NC_000913.3_prot_NP_418409.1_3901
ecoli:lcl|NC_000913.3_prot_NP_418410.1_3902	ecoli:lcl|NC_000913.3_prot_NP_418410.1_3902
ecoli:lcl|NC_000913.3_prot_NP_418411.1_3903	ecoli:lcl|NC_000913.3_prot_NP_418411.1_3903
ecoli:lcl|NC_000913.3_prot_NP_418412.1_3904	ecoli:lcl|NC_000913.3_prot_NP_418412.1_3904
ecoli:lcl|NC_000913.3_prot_NP_418413.1_3905	ecoli:lcl|NC_000913.3_prot_NP_418413.1_3905
ecoli:lcl|NC_000913.3_prot_NP_418414.1_3906	ecoli:lcl|NC_000913.3_prot_NP_418414.1_3906
ecoli:lcl|NC_000913.3_prot_NP_418415.1_3907	ecoli:lcl|NC_000913.3_prot_NP_418415.1_3907
ecoli:lcl|NC_000913.3_prot_NP_418416.1_3908	ecoli:lcl|NC_000913.3_prot_NP_418416.1_3908
ecoli:lcl|NC_000913.3_prot_NP_418417.1_3909	ecoli:lcl|NC_000913.3_prot_NP_418417.1_3909
ecoli:lcl|NC_000913.3_prot_NP_418418.2_3910	ecoli:lcl|NC_000913.3_prot_NP_418418.2_3910
ecoli:lcl|NC_000913.3_prot_YP_026279.1_3911	ecoli:lcl|NC_000913.3_prot_YP_026279.1_3911
ecoli:lcl|NC_000913.3_prot_NP_418420.4_3912	ecoli:lcl|NC_000913.3_prot_NP_418420.4_3912
ecoli:lcl|NC_000913.3_prot_NP_418421.1_3913	ecoli:lcl|NC_000913.3_prot_NP_418421.1_3913
ecoli:lcl|NC_000913.3_prot_NP_418422.1_3914	ecoli:lcl|NC_000913.3_prot_NP_418422.1_3914
ecoli:lcl|NC_000913.3_prot_NP_418423.1_3915	ecoli:lcl|NC_000913.3_prot_NP_418423.1_3915
ecoli:lcl|NC_000913.3_prot_YP_026280.1_3916	ecoli:lcl|NC_000913.3_prot_YP_026280.1_3916
ecoli:lcl|NC_000913.3_prot_NP_418425.1_3917	ecoli:lcl|NC_000913.3_prot_NP_418425.1_3917
ecoli:lcl|NC_000913.3_prot_NP_418426.2_3918	ecoli:lcl|NC_000913.3_prot_NP_418426.2_3918
ecoli:lcl|NC_000913.3_prot_NP_418427.1_3919	ecoli:lcl|NC_000913.3_prot_NP_418427.1_3919
ecoli:lcl|NC_000913.3_prot_NP_418428.1_3920	ecoli:lcl|NC_000913.3_prot_NP_418428.1_3920
ecoli:lcl|NC_000913.3_prot_NP_418428.1_3920	ecoli:lcl|NC_000913.3_prot_NP_414974.1_432
ecoli:lcl|NC_000913.3_prot_NP_418429.1_3921	ecoli:lcl|NC_000913.3_prot_NP_418429.1_3921
ecoli:lcl|NC_000913.3_prot_NP_418430.2_3922	ecoli:lcl|NC_000913.3_prot_NP_418430.2_3922
ecoli:lcl|NC_000913.3_prot_NP_418431.1_3923	ecoli:lcl|NC_000913.3_prot_NP_418431.1_3923
ecoli:lcl|NC_000913.3_prot_NP_418432.1_3924	ecoli:lcl|NC_000913.3_prot_NP_418432.1_3924
ecoli:lcl|NC_000913.3_prot_NP_418433.1_3925	ecoli:lcl|NC_000913.3_prot_NP_418433.1_3925
ecoli:lcl|NC_000913.3_prot_NP_418434.1_3926	ecoli:lcl|NC_000913.3_prot_NP_418434.1_3926
ecoli:lcl|NC_000913.3_prot_NP_418435.1_3927	ecoli:lcl|NC_000913.3_prot_NP_418435.1_3927
ecoli:lcl|NC_000913.3_prot_NP_418436.1_3928	ecoli:lcl|NC_000913.3_prot_NP_418436.1_3928
ecoli:lcl|NC_000913.3_prot_NP_418437.1_3929	ecoli:lcl|NC_000913.3_prot_NP_418437.1_3929
ecoli:lcl|NC_000913.3_prot_NP_418438.1_3930	ecoli:lcl|NC_000913.3_prot_NP_418438.1_3930
ecoli:lcl|NC_000913.3_prot_NP_418439.1_3931	ecoli:lcl|NC_000913.3_prot_NP_418439.1_3931
ecoli:lcl|NC_000913.3_prot_NP_418440.1_3932	ecoli:lcl|NC_000913.3_prot_NP_418440.1_3932
ecoli:lcl|NC_000913.3_prot_NP_418442.2_3934	ecoli:lcl|NC_000913.3_prot_NP_418442.2_3934
ecoli:lcl|NC_000913.3_prot_NP_418443.1_3935	ecoli:lcl|NC_000913.3_prot_NP_418443.1_3935
ecoli:lcl|NC_000913.3_prot_NP_418444.1_3936	ecoli:lcl|NC_000913.3_prot_NP_418444.1_3936
ecoli:lcl|NC_000913.3_prot_NP_418445.1_3937	ecoli:lcl|NC_000913.3_prot_NP_418445.1_3937
ecoli:lcl|NC_000913.3_prot_NP_418446.1_3938	ecoli:lcl|NC_000913.3_prot_NP_418446.1_3938
ecoli:lcl|NC_000913.3_prot_NP_418447.1_3939	ecoli:lcl|NC_000913.3_prot_NP_418447.1_3939
ecoli:lcl|NC_000913.3_prot_NP_418448.1_3940	ecoli:lcl|NC_000913.3_prot_NP_418448.1_3940
ecoli:lcl|NC_000913.3_prot_NP_418449.1_3941	ecoli:lcl|NC_000913.3_prot_NP_418449.1_3941
ecoli:lcl|NC_000913.3_prot_NP_418450.1_3942	ecoli:lcl|NC_000913.3_prot_NP_418450.1_3942
ecoli:lcl|NC_000913.3_prot_NP_418451.4_3943	ecoli:lcl|NC_000913.3_prot_NP_418451.4_3943
ecoli:lcl|NC_000913.3_prot_NP_418452.1_3944	ecoli:lcl|NC_000913.3_prot_NP_418452.1_3944
ecoli:lcl|NC_000913.3_prot_NP_418453.1_3945	ecoli:lcl|NC_000913.3_prot_NP_418453.1_3945
ecoli:lcl|NC_000913.3_prot_NP_418453.1_3945	ecoli:lcl|NC_000913.3_prot_NP_415504.1_960
ecoli:lcl|NC_000913.3_prot_YP_001165332.1_3946	ecoli:lcl|NC_000913.3_prot_YP_001165332.1_3946
ecoli:lcl|NC_000913.3_prot_NP_418454.1_3947	ecoli:lcl|NC_000913.3_prot_NP_418454.1_3947
ecoli:lcl|NC_000913.3_prot_NP_418455.1_3948	ecoli:lcl|NC_000913.3_prot_NP_418455.1_3948
ecoli:lcl|NC_000913.3_prot_NP_418456.1_3949	ecoli:lcl|NC_000913.3_prot_NP_418456.1_3949
ecoli:lcl|NC_000913.3_prot_NP_418457.1_3950	ecoli:lcl|NC_000913.3_prot_NP_418457.1_3950
ecoli:lcl|NC_000913.3_prot_NP_418458.1_3951	ecoli:lcl|NC_000913.3_prot_NP_418458.1_3951
ecoli:lcl|NC_000913.3_prot_NP_418459.1_3952	ecoli:lcl|NC_000913.3_prot_NP_418459.1_3952
ecoli:lcl|NC_000913.3_prot_NP_418459.1_3952	ecoli:lcl|NC_000913.3_prot_NP_417907.2_3386
ecoli:lcl|NC_000913.3_prot_NP_418459.1_3952	ecoli:lcl|NC_000913.3_prot_NP_415023.1_483
ecoli:lcl|NC_000913.3_prot_NP_418460.1_3953	ecoli:lcl|NC_000913.3_prot_NP_418460.1_3953
ecoli:lcl|NC_000913.3_prot_NP_418461.1_3954	ecoli:lcl|NC_000913.3_prot_NP_418461.1_3954
ecoli:lcl|NC_000913.3_prot_NP_418463.4_3955	ecoli:lcl|NC_000913.3_prot_NP_418463.4_3955
ecoli:lcl|NC_000913.3_prot_NP_418464.1_3956	ecoli:lcl|NC_000913.3_prot_NP_418464.1_3956
ecoli:lcl|NC_000913.3_prot_NP_418465.4_3957	ecoli:lcl|NC_000913.3_prot_NP_418465.4_3957
ecoli:lcl|NC_000913.3_prot_NP_418466.1_3958	ecoli:lcl|NC_000913.3_prot_NP_418466.1_3958
ecoli:lcl|NC_000913.3_prot_NP_418467.1_3959	ecoli:lcl|NC_000913.3_prot_NP_418467.1_3959
ecoli:lcl|NC_000913.3_prot_NP_418468.3_3960	ecoli:lcl|NC_000913.3_prot_NP_418468.3_3960
ecoli:lcl|NC_000913.3_prot_NP_418469.1_3961	ecoli:lcl|NC_000913.3_prot_NP_418469.1_3961
ecoli:lcl|NC_000913.3_prot_NP_418470.4_3962	ecoli:lcl|NC_000913.3_prot_NP_418470.4_3962
ecoli:lcl|NC_000913.3_prot_NP_418471.1_3963	ecoli:lcl|NC_000913.3_prot_NP_418471.1_3963
ecoli:lcl|NC_000913.3_prot_NP_418472.1_3964	ecoli:lcl|NC_000913.3_prot_NP_418472.1_3964
ecoli:lcl|NC_000913.3_prot_NP_418473.3_3965	ecoli:lcl|NC_000913.3_prot_NP_418473.3_3965
ecoli:lcl|NC_000913.3_prot_NP_418474.4_3966	ecoli:lcl|NC_000913.3_prot_NP_418474.4_3966
ecoli:lcl|NC_000913.3_prot_NP_418475.1_3967	ecoli:lcl|NC_000913.3_prot_NP_418475.1_3967
ecoli:lcl|NC_000913.3_prot_NP_418476.1_3968	ecoli:lcl|NC_000913.3_prot_NP_418476.1_3968
ecoli:lcl|NC_000913.3_prot_NP_418477.1_3969	ecoli:lcl|NC_000913.3_prot_NP_418477.1_3969
ecoli:lcl|NC_000913.3_prot_NP_418478.1_3970	ecoli:lcl|NC_000913.3_prot_NP_418478.1_3970
ecoli:lcl|NC_000913.3_prot_YP_001165333.1_3971	ecoli:lcl|NC_000913.3_prot_YP_001165333.1_3971
ecoli:lcl|NC_000913.3_prot_NP_418479.1_3972	ecoli:lcl|NC_000913.3_prot_NP_418479.1_3972
ecoli:lcl|NC_000913.3_prot_NP_418480.1_3973	ecoli:lcl|NC_000913.3_prot_NP_418480.1_3973
ecoli:lcl|NC_000913.3_prot_NP_418481.1_3974	ecoli:lcl|NC_000913.3_prot_NP_418481.1_3974
ecoli:lcl|NC_000913.3_prot_NP_418482.1_3975	ecoli:lcl|NC_000913.3_prot_NP_418482.1_3975
ecoli:lcl|NC_000913.3_prot_NP_418483.1_3976	ecoli:lcl|NC_000913.3_prot_NP_418483.1_3976
ecoli:lcl|NC_000913.3_prot_NP_418484.4_3977	ecoli:lcl|NC_000913.3_prot_NP_418484.4_3977
ecoli:lcl|NC_000913.3_prot_NP_418485.1_3978	ecoli:lcl|NC_000913.3_prot_NP_418485.1_3978
ecoli:lcl|NC_000913.3_prot_NP_418487.1_3980	ecoli:lcl|NC_000913.3_prot_NP_418487.1_3980
ecoli:lcl|NC_000913.3_prot_NP_418488.1_3981	ecoli:lcl|NC_000913.3_prot_NP_418488.1_3981
ecoli:lcl|NC_000913.3_prot_NP_418488.1_3981	ecoli:lcl|NC_000913.3_prot_YP_026186.1_2834
ecoli:lcl|NC_000913.3_prot_NP_418488.1_3981	ecoli:lcl|NC_000913.3_prot_NP_418170.1_3663
ecoli:lcl|NC_000913.3_prot_NP_418488.1_3981	ecoli:lcl|NC_000913.3_prot_NP_418120.2_3610
ecoli:lcl|NC_000913.3_prot_NP_418489.1_3982	ecoli:lcl|NC_000913.3_prot_NP_418489.1_3982
ecoli:lcl|NC_000913.3_prot_NP_418491.1_3984	ecoli:lcl|NC_000913.3_prot_NP_418491.1_3984
ecoli:lcl|NC_000913.3_prot_NP_418492.1_3985	ecoli:lcl|NC_000913.3_prot_NP_418492.1_3985
ecoli:lcl|NC_000913.3_prot_NP_418493.1_3986	ecoli:lcl|NC_000913.3_prot_NP_418493.1_3986
ecoli:lcl|NC_000913.3_prot_YP_010283918.1_3987	ecoli:lcl|NC_000913.3_prot_YP_010283918.1_3987
ecoli:lcl|NC_000913.3_prot_NP_418494.1_3988	ecoli:lcl|NC_000913.3_prot_NP_418494.1_3988
ecoli:lcl|NC_000913.3_prot_NP_418495.2_3989	ecoli:lcl|NC_000913.3_prot_NP_418495.2_3989
ecoli:lcl|NC_000913.3_prot_NP_418496.1_3990	ecoli:lcl|NC_000913.3_prot_NP_418496.1_3990
ecoli:lcl|NC_000913.3_prot_NP_418497.1_3991	ecoli:lcl|NC_000913.3_prot_NP_418497.1_3991
ecoli:lcl|NC_000913.3_prot_NP_418498.1_3992	ecoli:lcl|NC_000913.3_prot_NP_418498.1_3992
ecoli:lcl|NC_000913.3_prot_NP_418499.1_3993	ecoli:lcl|NC_000913.3_prot_NP_418499.1_3993
ecoli:lcl|NC_000913.3_prot_NP_418500.1_3994	ecoli:lcl|NC_000913.3_prot_NP_418500.1_3994
ecoli:lcl|NC_000913.3_prot_NP_418501.1_3995	ecoli:lcl|NC_000913.3_prot_NP_418501.1_3995
ecoli:lcl|NC_000913.3_prot_NP_418502.1_3996	ecoli:lcl|NC_000913.3_prot_NP_418502.1_3996
ecoli:lcl|NC_000913.3_prot_NP_418503.1_3997	ecoli:lcl|NC_000913.3_prot_NP_418503.1_3997
ecoli:lcl|NC_000913.3_prot_NP_418504.1_3998	ecoli:lcl|NC_000913.3_prot_NP_418504.1_3998
ecoli:lcl|NC_000913.3_prot_NP_418505.2_3999	ecoli:lcl|NC_000913.3_prot_NP_418505.2_3999
ecoli:lcl|NC_000913.3_prot_NP_418506.1_4000	ecoli:lcl|NC_000913.3_prot_NP_418506.1_4000
ecoli:lcl|NC_000913.3_prot_YP_001165334.1_4001	ecoli:lcl|NC_000913.3_prot_YP_001165334.1_4001
ecoli:lcl|NC_000913.3_prot_NP_418507.2_4002	ecoli:lcl|NC_000913.3_prot_NP_418507.2_4002
ecoli:lcl|NC_000913.3_prot_NP_418508.1_4003	ecoli:lcl|NC_000913.3_prot_NP_418508.1_4003
ecoli:lcl|NC_000913.3_prot_NP_418509.1_4004	ecoli:lcl|NC_000913.3_prot_NP_418509.1_4004
ecoli:lcl|NC_000913.3_prot_NP_418510.1_4005	ecoli:lcl|NC_000913.3_prot_NP_418510.1_4005
ecoli:lcl|NC_000913.3_prot_NP_418511.1_4006	ecoli:lcl|NC_000913.3_prot_NP_418511.1_4006
ecoli:lcl|NC_000913.3_prot_NP_418511.1_4006	ecoli:lcl|NC_000913.3_prot_NP_416413.1_1898
ecoli:lcl|NC_000913.3_prot_NP_418512.1_4007	ecoli:lcl|NC_000913.3_prot_NP_418512.1_4007
ecoli:lcl|NC_000913.3_prot_NP_418513.4_4008	ecoli:lcl|NC_000913.3_prot_NP_418513.4_4008
ecoli:lcl|NC_000913.3_prot_NP_418514.1_4009	ecoli:lcl|NC_000913.3_prot_NP_418514.1_4009
ecoli:lcl|NC_000913.3_prot_YP_026281.1_4010	ecoli:lcl|NC_000913.3_prot_YP_026281.1_4010
ecoli:lcl|NC_000913.3_prot_NP_418516.1_4011	ecoli:lcl|NC_000913.3_prot_NP_418516.1_4011
ecoli:lcl|NC_000913.3_prot_NP_418517.1_4012	ecoli:lcl|NC_000913.3_prot_NP_418517.1_4012
ecoli:lcl|NC_000913.3_prot_NP_418518.1_4013	ecoli:lcl|NC_000913.3_prot_NP_418518.1_4013
ecoli:lcl|NC_000913.3_prot_NP_418519.1_4014	ecoli:lcl|NC_000913.3_prot_NP_418519.1_4014
ecoli:lcl|NC_000913.3_prot_NP_418520.1_4015	ecoli:lcl|NC_000913.3_prot_NP_418520.1_4015
ecoli:lcl|NC_000913.3_prot_YP_026282.1_4016	ecoli:lcl|NC_000913.3_prot_YP_026282.1_4016
ecoli:lcl|NC_000913.3_prot_NP_418522.1_4017	ecoli:lcl|NC_000913.3_prot_NP_418522.1_4017
ecoli:lcl|NC_000913.3_prot_NP_418523.1_4018	ecoli:lcl|NC_000913.3_prot_NP_418523.1_4018
ecoli:lcl|NC_000913.3_prot_NP_418524.1_4019	ecoli:lcl|NC_000913.3_prot_NP_418524.1_4019
ecoli:lcl|NC_000913.3_prot_NP_418525.1_4020	ecoli:lcl|NC_000913.3_prot_NP_418525.1_4020
ecoli:lcl|NC_000913.3_prot_NP_418526.1_4021	ecoli:lcl|NC_000913.3_prot_NP_418526.1_4021
ecoli:lcl|NC_000913.3_prot_NP_418529.1_4022	ecoli:lcl|NC_000913.3_prot_NP_418529.1_4022
ecoli:lcl|NC_000913.3_prot_NP_418530.1_4023	ecoli:lcl|NC_000913.3_prot_NP_418530.1_4023
ecoli:lcl|NC_000913.3_prot_NP_418531.1_4024	ecoli:lcl|NC_000913.3_prot_NP_418531.1_4024
ecoli:lcl|NC_000913.3_prot_NP_418532.1_4025	ecoli:lcl|NC_000913.3_prot_NP_418532.1_4025
ecoli:lcl|NC_000913.3_prot_NP_418533.1_4026	ecoli:lcl|NC_000913.3_prot_NP_418533.1_4026
ecoli:lcl|NC_000913.3_prot_NP_418534.4_4027	ecoli:lcl|NC_000913.3_prot_NP_418534.4_4027
ecoli:lcl|NC_000913.3_prot_NP_418535.1_4028	ecoli:lcl|NC_000913.3_prot_NP_418535.1_4028
ecoli:lcl|NC_000913.3_prot_YP_004831120.1_4029	ecoli:lcl|NC_000913.3_prot_YP_004831120.1_4029
ecoli:lcl|NC_000913.3_prot_NP_418536.1_4030	ecoli:lcl|NC_000913.3_prot_NP_418536.1_4030
ecoli:lcl|NC_000913.3_prot_NP_418537.1_4031	ecoli:lcl|NC_000913.3_prot_NP_418537.1_4031
ecoli:lcl|NC_000913.3_prot_NP_418538.2_4032	ecoli:lcl|NC_000913.3_prot_NP_418538.2_4032
ecoli:lcl|NC_000913.3_prot_NP_418540.1_4034	ecoli:lcl|NC_000913.3_prot_NP_418540.1_4034
ecoli:lcl|NC_000913.3_prot_NP_418541.2_4035	ecoli:lcl|NC_000913.3_prot_NP_418541.2_4035
ecoli:lcl|NC_000913.3_prot_NP_418542.1_4036	ecoli:lcl|NC_000913.3_prot_NP_418542.1_4036
ecoli:lcl|NC_000913.3_prot_NP_418543.1_4037	ecoli:lcl|NC_000913.3_prot_NP_418543.1_4037
ecoli:lcl|NC_000913.3_prot_NP_418544.2_4038	ecoli:lcl|NC_000913.3_prot_NP_418544.2_4038
ecoli:lcl|NC_000913.3_prot_NP_418545.1_4039	ecoli:lcl|NC_000913.3_prot_NP_418545.1_4039
ecoli:lcl|NC_000913.3_prot_NP_418546.1_4040	ecoli:lcl|NC_000913.3_prot_NP_418546.1_4040
ecoli:lcl|NC_000913.3_prot_NP_418546.1_4040	ecoli:lcl|NC_000913.3_prot_NP_416129.1_1604
ecoli:lcl|NC_000913.3_prot_NP_418547.1_4041	ecoli:lcl|NC_000913.3_prot_NP_418547.1_4041
ecoli:lcl|NC_000913.3_prot_NP_418548.1_4042	ecoli:lcl|NC_000913.3_prot_NP_418548.1_4042
ecoli:lcl|NC_000913.3_prot_NP_418549.1_4043	ecoli:lcl|NC_000913.3_prot_NP_418549.1_4043
ecoli:lcl|NC_000913.3_prot_NP_418550.1_4044	ecoli:lcl|NC_000913.3_prot_NP_418550.1_4044
ecoli:lcl|NC_000913.3_prot_NP_418551.1_4045	ecoli:lcl|NC_000913.3_prot_NP_418551.1_4045
ecoli:lcl|NC_000913.3_prot_NP_418552.1_4046	ecoli:lcl|NC_000913.3_prot_NP_418552.1_4046
ecoli:lcl|NC_000913.3_prot_YP_588474.1_4047	ecoli:lcl|NC_000913.3_prot_YP_588474.1_4047
ecoli:lcl|NC_000913.3_prot_YP_588474.1_4047	ecoli:lcl|NC_000913.3_prot_NP_415962.2_1433
ecoli:lcl|NC_000913.3_prot_NP_418553.1_4048	ecoli:lcl|NC_000913.3_prot_NP_418553.1_4048
ecoli:lcl|NC_000913.3_prot_NP_418553.1_4048	ecoli:lcl|NC_000913.3_prot_NP_417366.1_2841
ecoli:lcl|NC_000913.3_prot_NP_418554.1_4049	ecoli:lcl|NC_000913.3_prot_NP_418554.1_4049
ecoli:lcl|NC_000913.3_prot_NP_418554.1_4049	ecoli:lcl|NC_000913.3_prot_NP_415237.1_688
ecoli:lcl|NC_000913.3_prot_NP_418555.1_4050	ecoli:lcl|NC_000913.3_prot_NP_418555.1_4050
ecoli:lcl|NC_000913.3_prot_NP_418555.1_4050	ecoli:lcl|NC_000913.3_prot_NP_414728.1_188
ecoli:lcl|NC_000913.3_prot_NP_418556.1_4051	ecoli:lcl|NC_000913.3_prot_NP_418556.1_4051
ecoli:lcl|NC_000913.3_prot_NP_418556.1_4051	ecoli:lcl|NC_000913.3_prot_NP_418539.1_4033
ecoli:lcl|NC_000913.3_prot_NP_418557.1_4052	ecoli:lcl|NC_000913.3_prot_NP_418557.1_4052
ecoli:lcl|NC_000913.3_prot_NP_418558.2_4053	ecoli:lcl|NC_000913.3_prot_NP_418558.2_4053
ecoli:lcl|NC_000913.3_prot_NP_418559.1_4054	ecoli:lcl|NC_000913.3_prot_NP_418559.1_4054
ecoli:lcl|NC_000913.3_prot_NP_418560.1_4055	ecoli:lcl|NC_000913.3_prot_NP_418560.1_4055
ecoli:lcl|NC_000913.3_prot_NP_418561.1_4056	ecoli:lcl|NC_000913.3_prot_NP_418561.1_4056
ecoli:lcl|NC_000913.3_prot_NP_418562.4_4057	ecoli:lcl|NC_000913.3_prot_NP_418562.4_4057
ecoli:lcl|NC_000913.3_prot_NP_418564.2_4058	ecoli:lcl|NC_000913.3_prot_NP_418564.2_4058
ecoli:lcl|NC_000913.3_prot_NP_418565.1_4059	ecoli:lcl|NC_000913.3_prot_NP_418565.1_4059
ecoli:lcl|NC_000913.3_prot_NP_418566.1_4060	ecoli:lcl|NC_000913.3_prot_NP_418566.1_4060
ecoli:lcl|NC_000913.3_prot_NP_418567.1_4061	ecoli:lcl|NC_000913.3_prot_NP_418567.1_4061
ecoli:lcl|NC_000913.3_prot_NP_418568.2_4062	ecoli:lcl|NC_000913.3_prot_NP_418568.2_4062
ecoli:lcl|NC_000913.3_prot_NP_418569.1_4063	ecoli:lcl|NC_000913.3_prot_NP_418569.1_4063
ecoli:lcl|NC_000913.3_prot_NP_418570.1_4064	ecoli:lcl|NC_000913.3_prot_NP_418570.1_4064
ecoli:lcl|NC_000913.3_prot_NP_418571.1_4065	ecoli:lcl|NC_000913.3_prot_NP_418571.1_4065
ecoli:lcl|NC_000913.3_prot_YP_026283.1_4066	ecoli:lcl|NC_000913.3_prot_YP_026283.1_4066
ecoli:lcl|NC_000913.3_prot_YP_026283.1_4066	ecoli:lcl|NC_000913.3_prot_YP_026284.1_4067
ecoli:lcl|NC_000913.3_prot_NP_418572.4_4068	ecoli:lcl|NC_000913.3_prot_NP_418572.4_4068
ecoli:lcl|NC_000913.3_prot_NP_418573.1_4069	ecoli:lcl|NC_000913.3_prot_NP_418573.1_4069
ecoli:lcl|NC_000913.3_prot_NP_418574.1_4070	ecoli:lcl|NC_000913.3_prot_NP_418574.1_4070
ecoli:lcl|NC_000913.3_prot_NP_418575.1_4071	ecoli:lcl|NC_000913.3_prot_NP_418575.1_4071
ecoli:lcl|NC_000913.3_prot_NP_418576.1_4072	ecoli:lcl|NC_000913.3_prot_NP_418576.1_4072
ecoli:lcl|NC_000913.3_prot_NP_418577.1_4073	ecoli:lcl|NC_000913.3_prot_NP_418577.1_4073
ecoli:lcl|NC_000913.3_prot_NP_418578.1_4074	ecoli:lcl|NC_000913.3_prot_NP_418578.1_4074
ecoli:lcl|NC_000913.3_prot_NP_418579.2_4075	ecoli:lcl|NC_000913.3_prot_NP_418579.2_4075
ecoli:lcl|NC_000913.3_prot_NP_418580.2_4076	ecoli:lcl|NC_000913.3_prot_NP_418580.2_4076
ecoli:lcl|NC_000913.3_prot_NP_418581.1_4077	ecoli:lcl|NC_000913.3_prot_NP_418581.1_4077
ecoli:lcl|NC_000913.3_prot_NP_418582.1_4078	ecoli:lcl|NC_000913.3_prot_NP_418582.1_4078
ecoli:lcl|NC_000913.3_prot_NP_418583.1_4079	ecoli:lcl|NC_000913.3_prot_NP_418583.1_4079
ecoli:lcl|NC_000913.3_prot_NP_418584.1_4080	ecoli:lcl|NC_000913.3_prot_NP_418584.1_4080
ecoli:lcl|NC_000913.3_prot_NP_418585.4_4081	ecoli:lcl|NC_000913.3_prot_NP_418585.4_4081
ecoli:lcl|NC_000913.3_prot_NP_418586.4_4082	ecoli:lcl|NC_000913.3_prot_NP_418586.4_4082
ecoli:lcl|NC_000913.3_prot_YP_002791261.1_4083	ecoli:lcl|NC_000913.3_prot_YP_002791261.1_4083
ecoli:lcl|NC_000913.3_prot_NP_418587.1_4084	ecoli:lcl|NC_000913.3_prot_NP_418587.1_4084
ecoli:lcl|NC_000913.3_prot_NP_418588.1_4085	ecoli:lcl|NC_000913.3_prot_NP_418588.1_4085
ecoli:lcl|NC_000913.3_prot_NP_418589.1_4086	ecoli:lcl|NC_000913.3_prot_NP_418589.1_4086
ecoli:lcl|NC_000913.3_prot_NP_418590.1_4087	ecoli:lcl|NC_000913.3_prot_NP_418590.1_4087
ecoli:lcl|NC_000913.3_prot_NP_418591.1_4088	ecoli:lcl|NC_000913.3_prot_NP_418591.1_4088
ecoli:lcl|NC_000913.3_prot_NP_418592.1_4089	ecoli:lcl|NC_000913.3_prot_NP_418592.1_4089
ecoli:lcl|NC_000913.3_prot_NP_418593.1_4090	ecoli:lcl|NC_000913.3_prot_NP_418593.1_4090
ecoli:lcl|NC_000913.3_prot_NP_418594.1_4091	ecoli:lcl|NC_000913.3_prot_NP_418594.1_4091
ecoli:lcl|NC_000913.3_prot_NP_418595.1_4092	ecoli:lcl|NC_000913.3_prot_NP_418595.1_4092
ecoli:lcl|NC_000913.3_prot_NP_418596.1_4093	ecoli:lcl|NC_000913.3_prot_NP_418596.1_4093
ecoli:lcl|NC_000913.3_prot_NP_418597.1_4094	ecoli:lcl|NC_000913.3_prot_NP_418597.1_4094
ecoli:lcl|NC_000913.3_prot_NP_418598.1_4095	ecoli:lcl|NC_000913.3_prot_NP_418598.1_4095
ecoli:lcl|NC_000913.3_prot_NP_418599.1_4096	ecoli:lcl|NC_000913.3_prot_NP_418599.1_4096
ecoli:lcl|NC_000913.3_prot_NP_418600.4_4097	ecoli:lcl|NC_000913.3_prot_NP_418600.4_4097
ecoli:lcl|NC_000913.3_prot_NP_418601.1_4098	ecoli:lcl|NC_000913.3_prot_NP_418601.1_4098
ecoli:lcl|NC_000913.3_prot_NP_418602.1_4099	ecoli:lcl|NC_000913.3_prot_NP_418602.1_4099
ecoli:lcl|NC_000913.3_prot_NP_418603.1_4100	ecoli:lcl|NC_000913.3_prot_NP_418603.1_4100
ecoli:lcl|NC_000913.3_prot_NP_418604.1_4101	ecoli:lcl|NC_000913.3_prot_NP_418604.1_4101
ecoli:lcl|NC_000913.3_prot_NP_418605.1_4102	ecoli:lcl|NC_000913.3_prot_NP_418605.1_4102
ecoli:lcl|NC_000913.3_prot_NP_418606.1_4103	ecoli:lcl|NC_000913.3_prot_NP_418606.1_4103
ecoli:lcl|NC_000913.3_prot_NP_418607.1_4104	ecoli:lcl|NC_000913.3_prot_NP_418607.1_4104
ecoli:lcl|NC_000913.3_prot_NP_418608.6_4105	ecoli:lcl|NC_000913.3_prot_NP_418608.6_4105
ecoli:lcl|NC_000913.3_prot_NP_418609.4_4106	ecoli:lcl|NC_000913.3_prot_NP_418609.4_4106
ecoli:lcl|NC_000913.3_prot_NP_418610.4_4107	ecoli:lcl|NC_000913.3_prot_NP_418610.4_4107
ecoli:lcl|NC_000913.3_prot_NP_418611.1_4108	ecoli:lcl|NC_000913.3_prot_NP_418611.1_4108
ecoli:lcl|NC_000913.3_prot_NP_418612.1_4109	ecoli:lcl|NC_000913.3_prot_NP_418612.1_4109
ecoli:lcl|NC_000913.3_prot_NP_418613.2_4110	ecoli:lcl|NC_000913.3_prot_NP_418613.2_4110
ecoli:lcl|NC_000913.3_prot_NP_418614.4_4111	ecoli:lcl|NC_000913.3_prot_NP_418614.4_4111
ecoli:lcl|NC_000913.3_prot_NP_418615.1_4112	ecoli:lcl|NC_000913.3_prot_NP_418615.1_4112
ecoli:lcl|NC_000913.3_prot_NP_418616.1_4113	ecoli:lcl|NC_000913.3_prot_NP_418616.1_4113
ecoli:lcl|NC_000913.3_prot_NP_418617.1_4114	ecoli:lcl|NC_000913.3_prot_NP_418617.1_4114
ecoli:lcl|NC_000913.3_prot_NP_418618.1_4115	ecoli:lcl|NC_000913.3_prot_NP_418618.1_4115
ecoli:lcl|NC_000913.3_prot_NP_418618.1_4115	ecoli:lcl|NC_000913.3_prot_NP_418039.2_3523
ecoli:lcl|NC_000913.3_prot_NP_418619.1_4116	ecoli:lcl|NC_000913.3_prot_NP_418619.1_4116
ecoli:lcl|NC_000913.3_prot_NP_418619.1_4116	ecoli:lcl|NC_000913.3_prot_NP_414603.1_61
ecoli:lcl|NC_000913.3_prot_NP_418619.1_4116	ecoli:lcl|NC_000913.3_prot_NP_418040.1_3524
ecoli:lcl|NC_000913.3_prot_NP_418620.1_4117	ecoli:lcl|NC_000913.3_prot_NP_418620.1_4117
ecoli:lcl|NC_000913.3_prot_NP_418621.5_4118	ecoli:lcl|NC_000913.3_prot_NP_418621.5_4118
ecoli:lcl|NC_000913.3_prot_NP_418622.1_4119	ecoli:lcl|NC_000913.3_prot_NP_418622.1_4119
ecoli:lcl|NC_000913.3_prot_NP_418623.1_4120	ecoli:lcl|NC_000913.3_prot_NP_418623.1_4120
ecoli:lcl|NC_000913.3_prot_NP_418624.1_4121	ecoli:lcl|NC_000913.3_prot_NP_418624.1_4121
ecoli:lcl|NC_000913.3_prot_NP_418625.1_4122	ecoli:lcl|NC_000913.3_prot_NP_418625.1_4122
ecoli:lcl|NC_000913.3_prot_NP_418627.4_4123	ecoli:lcl|NC_000913.3_prot_NP_418627.4_4123
ecoli:lcl|NC_000913.3_prot_NP_418628.4_4124	ecoli:lcl|NC_000913.3_prot_NP_418628.4_4124
ecoli:lcl|NC_000913.3_prot_NP_418629.1_4125	ecoli:lcl|NC_000913.3_prot_NP_418629.1_4125
ecoli:lcl|NC_000913.3_prot_NP_418629.1_4125	ecoli:lcl|NC_000913.3_prot_NP_414654.1_112
ecoli:lcl|NC_000913.3_prot_NP_418629.1_4125	ecoli:lcl|NC_000913.3_prot_NP_415108.1_566
ecoli:lcl|NC_000913.3_prot_NP_418629.1_4125	ecoli:lcl|NC_000913.3_prot_YP_026258.1_3735
ecoli:lcl|NC_000913.3_prot_NP_418629.1_4125	ecoli:lcl|NC_000913.3_prot_NP_416661.1_2137
ecoli:lcl|NC_000913.3_prot_NP_418630.1_4126	ecoli:lcl|NC_000913.3_prot_NP_418630.1_4126
ecoli:lcl|NC_000913.3_prot_NP_418631.2_4127	ecoli:lcl|NC_000913.3_prot_NP_418631.2_4127
ecoli:lcl|NC_000913.3_prot_NP_418632.1_4128	ecoli:lcl|NC_000913.3_prot_NP_418632.1_4128
ecoli:lcl|NC_000913.3_prot_NP_418633.4_4129	ecoli:lcl|NC_000913.3_prot_NP_418633.4_4129
ecoli:lcl|NC_000913.3_prot_NP_418634.1_4130	ecoli:lcl|NC_000913.3_prot_NP_418634.1_4130
ecoli:lcl|NC_000913.3_prot_NP_418635.1_4131	ecoli:lcl|NC_000913.3_prot_NP_418635.1_4131
ecoli:lcl|NC_000913.3_prot_YP_026285.1_4132	ecoli:lcl|NC_000913.3_prot_YP_026285.1_4132
ecoli:lcl|NC_000913.3_prot_NP_418637.1_4133	ecoli:lcl|NC_000913.3_prot_NP_418637.1_4133
ecoli:lcl|NC_000913.3_prot_NP_418638.2_4134	ecoli:lcl|NC_000913.3_prot_NP_418638.2_4134
ecoli:lcl|NC_000913.3_prot_NP_418639.1_4135	ecoli:lcl|NC_000913.3_prot_NP_418639.1_4135
ecoli:lcl|NC_000913.3_prot_NP_418640.1_4136	ecoli:lcl|NC_000913.3_prot_NP_418640.1_4136
ecoli:lcl|NC_000913.3_prot_NP_418641.1_4137	ecoli:lcl|NC_000913.3_prot_NP_418641.1_4137
ecoli:lcl|NC_000913.3_prot_NP_418642.1_4138	ecoli:lcl|NC_000913.3_prot_NP_418642.1_4138
ecoli:lcl|NC_000913.3_prot_NP_418643.1_4139	ecoli:lcl|NC_000913.3_prot_NP_418643.1_4139
ecoli:lcl|NC_000913.3_prot_NP_418645.2_4140	ecoli:lcl|NC_000913.3_prot_NP_418645.2_4140
ecoli:lcl|NC_000913.3_prot_NP_418646.1_4141	ecoli:lcl|NC_000913.3_prot_NP_418646.1_4141
ecoli:lcl|NC_000913.3_prot_NP_418647.1_4142	ecoli:lcl|NC_000913.3_prot_NP_418647.1_4142
ecoli:lcl|NC_000913.3_prot_NP_418648.1_4143	ecoli:lcl|NC_000913.3_prot_NP_418648.1_4143
ecoli:lcl|NC_000913.3_prot_YP_026286.1_4144	ecoli:lcl|NC_000913.3_prot_YP_026286.1_4144
ecoli:lcl|NC_000913.3_prot_YP_026286.1_4144	ecoli:lcl|NC_000913.3_prot_NP_417042.1_2527
ecoli:lcl|NC_000913.3_prot_NP_418651.3_4145	ecoli:lcl|NC_000913.3_prot_NP_418651.3_4145
ecoli:lcl|NC_000913.3_prot_NP_418652.2_4146	ecoli:lcl|NC_000913.3_prot_NP_418652.2_4146
ecoli:lcl|NC_000913.3_prot_NP_418653.1_4147	ecoli:lcl|NC_000913.3_prot_NP_418653.1_4147
ecoli:lcl|NC_000913.3_prot_NP_418654.1_4148	ecoli:lcl|NC_000913.3_prot_NP_418654.1_4148
ecoli:lcl|NC_000913.3_prot_NP_418655.1_4149	ecoli:lcl|NC_000913.3_prot_NP_418655.1_4149
ecoli:lcl|NC_000913.3_prot_NP_418656.1_4150	ecoli:lcl|NC_000913.3_prot_NP_418656.1_4150
ecoli:lcl|NC_000913.3_prot_NP_418658.1_4151	ecoli:lcl|NC_000913.3_prot_NP_418658.1_4151
ecoli:lcl|NC_000913.3_prot_NP_418659.1_4152	ecoli:lcl|NC_000913.3_prot_NP_418659.1_4152
ecoli:lcl|NC_000913.3_prot_NP_418660.1_4153	ecoli:lcl|NC_000913.3_prot_NP_418660.1_4153
ecoli:lcl|NC_000913.3_prot_NP_418661.1_4154	ecoli:lcl|NC_000913.3_prot_NP_418661.1_4154
ecoli:lcl|NC_000913.3_prot_NP_418662.1_4155	ecoli:lcl|NC_000913.3_prot_NP_418662.1_4155
ecoli:lcl|NC_000913.3_prot_YP_003933616.1_4156	ecoli:lcl|NC_000913.3_prot_YP_003933616.1_4156
ecoli:lcl|NC_000913.3_prot_NP_418663.1_4157	ecoli:lcl|NC_000913.3_prot_NP_418663.1_4157
ecoli:lcl|NC_000913.3_prot_NP_418664.2_4158	ecoli:lcl|NC_000913.3_prot_NP_418664.2_4158
ecoli:lcl|NC_000913.3_prot_NP_418664.2_4158	ecoli:lcl|NC_000913.3_prot_NP_417583.4_3061
ecoli:lcl|NC_000913.3_prot_NP_418665.1_4159	ecoli:lcl|NC_000913.3_prot_NP_418665.1_4159
ecoli:lcl|NC_000913.3_prot_NP_418666.1_4160	ecoli:lcl|NC_000913.3_prot_NP_418666.1_4160
ecoli:lcl|NC_000913.3_prot_NP_418667.1_4161	ecoli:lcl|NC_000913.3_prot_NP_418667.1_4161
ecoli:lcl|NC_000913.3_prot_NP_418669.1_4162	ecoli:lcl|NC_000913.3_prot_NP_418669.1_4162
ecoli:lcl|NC_000913.3_prot_NP_418670.1_4163	ecoli:lcl|NC_000913.3_prot_NP_418670.1_4163
ecoli:lcl|NC_000913.3_prot_NP_418672.4_4164	ecoli:lcl|NC_000913.3_prot_NP_418672.4_4164
ecoli:lcl|NC_000913.3_prot_NP_418673.4_4165	ecoli:lcl|NC_000913.3_prot_NP_418673.4_4165
ecoli:lcl|NC_000913.3_prot_NP_418674.2_4166	ecoli:lcl|NC_000913.3_prot_NP_418674.2_4166
ecoli:lcl|NC_000913.3_prot_NP_418675.1_4167	ecoli:lcl|NC_000913.3_prot_NP_418675.1_4167
ecoli:lcl|NC_000913.3_prot_NP_418675.1_4167	ecoli:lcl|NC_000913.3_prot_NP_414807.1_266
ecoli:lcl|NC_000913.3_prot_NP_418676.1_4168	ecoli:lcl|NC_000913.3_prot_NP_418676.1_4168
ecoli:lcl|NC_000913.3_prot_YP_026287.1_4169	ecoli:lcl|NC_000913.3_prot_YP_026287.1_4169
ecoli:lcl|NC_000913.3_prot_YP_026288.1_4170	ecoli:lcl|NC_000913.3_prot_YP_026288.1_4170
ecoli:lcl|NC_000913.3_prot_NP_418679.1_4171	ecoli:lcl|NC_000913.3_prot_NP_418679.1_4171
ecoli:lcl|NC_000913.3_prot_NP_418680.1_4172	ecoli:lcl|NC_000913.3_prot_NP_418680.1_4172
ecoli:lcl|NC_000913.3_prot_NP_418681.1_4173	ecoli:lcl|NC_000913.3_prot_NP_418681.1_4173
ecoli:lcl|NC_000913.3_prot_YP_010283919.1_4174	ecoli:lcl|NC_000913.3_prot_YP_010283919.1_4174
ecoli:lcl|NC_000913.3_prot_YP_010051214.1_4175	ecoli:lcl|NC_000913.3_prot_YP_010051214.1_4175
ecoli:lcl|NC_000913.3_prot_NP_418682.1_4176	ecoli:lcl|NC_000913.3_prot_NP_418682.1_4176
ecoli:lcl|NC_000913.3_prot_NP_418683.4_4177	ecoli:lcl|NC_000913.3_prot_NP_418683.4_4177
ecoli:lcl|NC_000913.3_prot_NP_418684.1_4178	ecoli:lcl|NC_000913.3_prot_NP_418684.1_4178
ecoli:lcl|NC_000913.3_prot_NP_418685.1_4179	ecoli:lcl|NC_000913.3_prot_NP_418685.1_4179
ecoli:lcl|NC_000913.3_prot_NP_418685.1_4179	ecoli:lcl|NC_000913.3_prot_YP_026222.1_3373
ecoli:lcl|NC_000913.3_prot_NP_418687.1_4181	ecoli:lcl|NC_000913.3_prot_NP_418687.1_4181
ecoli:lcl|NC_000913.3_prot_NP_418688.1_4182	ecoli:lcl|NC_000913.3_prot_NP_418688.1_4182
ecoli:lcl|NC_000913.3_prot_NP_418689.1_4183	ecoli:lcl|NC_000913.3_prot_NP_418689.1_4183
ecoli:lcl|NC_000913.3_prot_NP_418689.1_4183	ecoli:lcl|NC_000913.3_prot_NP_417894.2_3372
ecoli:lcl|NC_000913.3_prot_NP_418690.4_4184	ecoli:lcl|NC_000913.3_prot_NP_418690.4_4184
ecoli:lcl|NC_000913.3_prot_NP_418697.1_4187	ecoli:lcl|NC_000913.3_prot_NP_418697.1_4187
ecoli:lcl|NC_000913.3_prot_NP_418698.1_4188	ecoli:lcl|NC_000913.3_prot_NP_418698.1_4188
ecoli:lcl|NC_000913.3_prot_NP_418699.4_4189	ecoli:lcl|NC_000913.3_prot_NP_418699.4_4189
ecoli:lcl|NC_000913.3_prot_NP_418700.2_4190	ecoli:lcl|NC_000913.3_prot_NP_418700.2_4190
ecoli:lcl|NC_000913.3_prot_YP_001491548.1_4191	ecoli:lcl|NC_000913.3_prot_YP_001491548.1_4191
ecoli:lcl|NC_000913.3_prot_b4623_4192	ecoli:lcl|NC_000913.3_prot_b4623_4192
ecoli:lcl|NC_000913.3_prot_b4623_4192	ecoli:lcl|NC_000913.3_prot_b4587_250
ecoli:lcl|NC_000913.3_prot_NP_418707.1_4194	ecoli:lcl|NC_000913.3_prot_NP_418707.1_4194
ecoli:lcl|NC_000913.3_prot_NP_418708.1_4195	ecoli:lcl|NC_000913.3_prot_NP_418708.1_4195
ecoli:lcl|NC_000913.3_prot_NP_418709.1_4196	ecoli:lcl|NC_000913.3_prot_NP_418709.1_4196
ecoli:lcl|NC_000913.3_prot_NP_418710.4_4197	ecoli:lcl|NC_000913.3_prot_NP_418710.4_4197
ecoli:lcl|NC_000913.3_prot_NP_418711.1_4198	ecoli:lcl|NC_000913.3_prot_NP_418711.1_4198
ecoli:lcl|NC_000913.3_prot_NP_418712.1_4199	ecoli:lcl|NC_000913.3_prot_NP_418712.1_4199
ecoli:lcl|NC_000913.3_prot_NP_418713.1_4200	ecoli:lcl|NC_000913.3_prot_NP_418713.1_4200
ecoli:lcl|NC_000913.3_prot_YP_010051215.1_4201	ecoli:lcl|NC_000913.3_prot_YP_010051215.1_4201
ecoli:lcl|NC_000913.3_prot_NP_418715.2_4203	ecoli:lcl|NC_000913.3_prot_NP_418715.2_4203
ecoli:lcl|NC_000913.3_prot_NP_418716.1_4204	ecoli:lcl|NC_000913.3_prot_NP_418716.1_4204
ecoli:lcl|NC_000913.3_prot_NP_418716.1_4204	ecoli:lcl|NC_000913.3_prot_NP_418686.1_4180
ecoli:lcl|NC_000913.3_prot_NP_418716.1_4204	ecoli:lcl|NC_000913.3_prot_YP_026217.1_3351
ecoli:lcl|NC_000913.3_prot_NP_418717.1_4205	ecoli:lcl|NC_000913.3_prot_NP_418717.1_4205
ecoli:lcl|NC_000913.3_prot_NP_418717.1_4205	ecoli:lcl|NC_000913.3_prot_NP_414803.1_262
ecoli:lcl|NC_000913.3_prot_NP_418718.4_4206	ecoli:lcl|NC_000913.3_prot_NP_418718.4_4206
ecoli:lcl|NC_000913.3_prot_NP_418718.4_4206	ecoli:lcl|NC_000913.3_prot_NP_414802.2_261
ecoli:lcl|NC_000913.3_prot_NP_418719.1_4207	ecoli:lcl|NC_000913.3_prot_NP_418719.1_4207
ecoli:lcl|NC_000913.3_prot_NP_418720.1_4208	ecoli:lcl|NC_000913.3_prot_NP_418720.1_4208
ecoli:lcl|NC_000913.3_prot_NP_418721.1_4209	ecoli:lcl|NC_000913.3_prot_NP_418721.1_4209
ecoli:lcl|NC_000913.3_prot_NP_418722.1_4210	ecoli:lcl|NC_000913.3_prot_NP_418722.1_4210
ecoli:lcl|NC_000913.3_prot_NP_418723.1_4211	ecoli:lcl|NC_000913.3_prot_NP_418723.1_4211
ecoli:lcl|NC_000913.3_prot_NP_418724.1_4212	ecoli:lcl|NC_000913.3_prot_NP_418724.1_4212
ecoli:lcl|NC_000913.3_prot_YP_588476.1_4213	ecoli:lcl|NC_000913.3_prot_YP_588476.1_4213
ecoli:lcl|NC_000913.3_prot_NP_418725.4_4214	ecoli:lcl|NC_000913.3_prot_NP_418725.4_4214
ecoli:lcl|NC_000913.3_prot_NP_418726.1_4215	ecoli:lcl|NC_000913.3_prot_NP_418726.1_4215
ecoli:lcl|NC_000913.3_prot_NP_418727.1_4216	ecoli:lcl|NC_000913.3_prot_NP_418727.1_4216
ecoli:lcl|NC_000913.3_prot_YP_588477.1_4217	ecoli:lcl|NC_000913.3_prot_YP_588477.1_4217
ecoli:lcl|NC_000913.3_prot_YP_010051216.1_4218	ecoli:lcl|NC_000913.3_prot_YP_010051216.1_4218
ecoli:lcl|NC_000913.3_prot_NP_418729.1_4219	ecoli:lcl|NC_000913.3_prot_NP_418729.1_4219
ecoli:lcl|NC_000913.3_prot_NP_418730.4_4220	ecoli:lcl|NC_000913.3_prot_NP_418730.4_4220
ecoli:lcl|NC_000913.3_prot_NP_418731.2_4221	ecoli:lcl|NC_000913.3_prot_NP_418731.2_4221
ecoli:lcl|NC_000913.3_prot_NP_418732.1_4222	ecoli:lcl|NC_000913.3_prot_NP_418732.1_4222
ecoli:lcl|NC_000913.3_prot_NP_418733.1_4223	ecoli:lcl|NC_000913.3_prot_NP_418733.1_4223
ecoli:lcl|NC_000913.3_prot_NP_418734.1_4224	ecoli:lcl|NC_000913.3_prot_NP_418734.1_4224
ecoli:lcl|NC_000913.3_prot_NP_418734.1_4224	ecoli:lcl|NC_000913.3_prot_NP_415063.4_519
ecoli:lcl|NC_000913.3_prot_NP_418735.2_4225	ecoli:lcl|NC_000913.3_prot_NP_418735.2_4225
ecoli:lcl|NC_000913.3_prot_NP_418736.3_4226	ecoli:lcl|NC_000913.3_prot_NP_418736.3_4226
ecoli:lcl|NC_000913.3_prot_NP_418737.1_4227	ecoli:lcl|NC_000913.3_prot_NP_418737.1_4227
ecoli:lcl|NC_000913.3_prot_NP_418737.1_4227	ecoli:lcl|NC_000913.3_prot_NP_415460.1_916
ecoli:lcl|NC_000913.3_prot_NP_418738.1_4228	ecoli:lcl|NC_000913.3_prot_NP_418738.1_4228
ecoli:lcl|NC_000913.3_prot_NP_418739.1_4229	ecoli:lcl|NC_000913.3_prot_NP_418739.1_4229
ecoli:lcl|NC_000913.3_prot_NP_418739.1_4229	ecoli:lcl|NC_000913.3_prot_NP_416020.1_1490
ecoli:lcl|NC_000913.3_prot_NP_418740.1_4230	ecoli:lcl|NC_000913.3_prot_NP_418740.1_4230
ecoli:lcl|NC_000913.3_prot_NP_418741.1_4231	ecoli:lcl|NC_000913.3_prot_NP_418741.1_4231
ecoli:lcl|NC_000913.3_prot_NP_418742.1_4232	ecoli:lcl|NC_000913.3_prot_NP_418742.1_4232
ecoli:lcl|NC_000913.3_prot_NP_418743.1_4233	ecoli:lcl|NC_000913.3_prot_NP_418743.1_4233
ecoli:lcl|NC_000913.3_prot_NP_418744.1_4234	ecoli:lcl|NC_000913.3_prot_NP_418744.1_4234
ecoli:lcl|NC_000913.3_prot_NP_418745.3_4235	ecoli:lcl|NC_000913.3_prot_NP_418745.3_4235
ecoli:lcl|NC_000913.3_prot_YP_009518830.1_4236	ecoli:lcl|NC_000913.3_prot_YP_009518830.1_4236
ecoli:lcl|NC_000913.3_prot_YP_009518831.1_4237	ecoli:lcl|NC_000913.3_prot_YP_009518831.1_4237
ecoli:lcl|NC_000913.3_prot_YP_009518832.1_4238	ecoli:lcl|NC_000913.3_prot_YP_009518832.1_4238
ecoli:lcl|NC_000913.3_prot_NP_418746.4_4239	ecoli:lcl|NC_000913.3_prot_NP_418746.4_4239
ecoli:lcl|NC_000913.3_prot_NP_418747.1_4240	ecoli:lcl|NC_000913.3_prot_NP_418747.1_4240
ecoli:lcl|NC_000913.3_prot_NP_418748.1_4241	ecoli:lcl|NC_000913.3_prot_NP_418748.1_4241
ecoli:lcl|NC_000913.3_prot_NP_418749.1_4242	ecoli:lcl|NC_000913.3_prot_NP_418749.1_4242
ecoli:lcl|NC_000913.3_prot_NP_418750.2_4243	ecoli:lcl|NC_000913.3_prot_NP_418750.2_4243
ecoli:lcl|NC_000913.3_prot_NP_418751.4_4244	ecoli:lcl|NC_000913.3_prot_NP_418751.4_4244
ecoli:lcl|NC_000913.3_prot_NP_418752.1_4245	ecoli:lcl|NC_000913.3_prot_NP_418752.1_4245
ecoli:lcl|NC_000913.3_prot_NP_418753.3_4246	ecoli:lcl|NC_000913.3_prot_NP_418753.3_4246
ecoli:lcl|NC_000913.3_prot_YP_009518833.1_4247	ecoli:lcl|NC_000913.3_prot_YP_009518833.1_4247
ecoli:lcl|NC_000913.3_prot_NP_418754.2_4248	ecoli:lcl|NC_000913.3_prot_NP_418754.2_4248
ecoli:lcl|NC_000913.3_prot_NP_418755.4_4249	ecoli:lcl|NC_000913.3_prot_NP_418755.4_4249
ecoli:lcl|NC_000913.3_prot_NP_418756.1_4250	ecoli:lcl|NC_000913.3_prot_NP_418756.1_4250
ecoli:lcl|NC_000913.3_prot_NP_418757.1_4251	ecoli:lcl|NC_000913.3_prot_NP_418757.1_4251
ecoli:lcl|NC_000913.3_prot_NP_418757.1_4251	ecoli:lcl|NC_000913.3_prot_NP_415363.1_818
ecoli:lcl|NC_000913.3_prot_YP_010283920.1_4252	ecoli:lcl|NC_000913.3_prot_YP_010283920.1_4252
ecoli:lcl|NC_000913.3_prot_NP_418760.1_4253	ecoli:lcl|NC_000913.3_prot_NP_418760.1_4253
ecoli:lcl|NC_000913.3_prot_NP_418761.1_4254	ecoli:lcl|NC_000913.3_prot_NP_418761.1_4254
ecoli:lcl|NC_000913.3_prot_YP_009518834.1_4255	ecoli:lcl|NC_000913.3_prot_YP_009518834.1_4255
ecoli:lcl|NC_000913.3_prot_NP_418765.1_4256	ecoli:lcl|NC_000913.3_prot_NP_418765.1_4256
ecoli:lcl|NC_000913.3_prot_NP_418766.4_4257	ecoli:lcl|NC_000913.3_prot_NP_418766.4_4257
ecoli:lcl|NC_000913.3_prot_YP_010051217.1_4258	ecoli:lcl|NC_000913.3_prot_YP_010051217.1_4258
ecoli:lcl|NC_000913.3_prot_NP_418767.4_4259	ecoli:lcl|NC_000913.3_prot_NP_418767.4_4259
ecoli:lcl|NC_000913.3_prot_NP_418768.1_4260	ecoli:lcl|NC_000913.3_prot_NP_418768.1_4260
ecoli:lcl|NC_000913.3_prot_NP_418769.1_4261	ecoli:lcl|NC_000913.3_prot_NP_418769.1_4261
ecoli:lcl|NC_000913.3_prot_NP_418770.2_4262	ecoli:lcl|NC_000913.3_prot_NP_418770.2_4262
ecoli:lcl|NC_000913.3_prot_NP_418771.1_4263	ecoli:lcl|NC_000913.3_prot_NP_418771.1_4263
ecoli:lcl|NC_000913.3_prot_NP_418772.4_4264	ecoli:lcl|NC_000913.3_prot_NP_418772.4_4264
ecoli:lcl|NC_000913.3_prot_NP_418774.2_4266	ecoli:lcl|NC_000913.3_prot_NP_418774.2_4266
ecoli:lcl|NC_000913.3_prot_NP_418774.2_4266	ecoli:lcl|NC_000913.3_prot_NP_415130.1_590
ecoli:lcl|NC_000913.3_prot_NP_418775.1_4267	ecoli:lcl|NC_000913.3_prot_NP_418775.1_4267
ecoli:lcl|NC_000913.3_prot_NP_418776.1_4268	ecoli:lcl|NC_000913.3_prot_NP_418776.1_4268
ecoli:lcl|NC_000913.3_prot_YP_026290.1_4269	ecoli:lcl|NC_000913.3_prot_YP_026290.1_4269
ecoli:lcl|NC_000913.3_prot_NP_418778.4_4270	ecoli:lcl|NC_000913.3_prot_NP_418778.4_4270
ecoli:lcl|NC_000913.3_prot_NP_418779.2_4271	ecoli:lcl|NC_000913.3_prot_NP_418779.2_4271
ecoli:lcl|NC_000913.3_prot_NP_418780.2_4272	ecoli:lcl|NC_000913.3_prot_NP_418780.2_4272
ecoli:lcl|NC_000913.3_prot_NP_418781.1_4273	ecoli:lcl|NC_000913.3_prot_NP_418781.1_4273
ecoli:lcl|NC_000913.3_prot_NP_418782.1_4274	ecoli:lcl|NC_000913.3_prot_NP_418782.1_4274
ecoli:lcl|NC_000913.3_prot_NP_418783.2_4275	ecoli:lcl|NC_000913.3_prot_NP_418783.2_4275
ecoli:lcl|NC_000913.3_prot_NP_418784.4_4276	ecoli:lcl|NC_000913.3_prot_NP_418784.4_4276
ecoli:lcl|NC_000913.3_prot_NP_418785.1_4277	ecoli:lcl|NC_000913.3_prot_NP_418785.1_4277
ecoli:lcl|NC_000913.3_prot_NP_418786.4_4278	ecoli:lcl|NC_000913.3_prot_NP_418786.4_4278
ecoli:lcl|NC_000913.3_prot_NP_418787.1_4279	ecoli:lcl|NC_000913.3_prot_NP_418787.1_4279
ecoli:lcl|NC_000913.3_prot_YP_588478.1_4280	ecoli:lcl|NC_000913.3_prot_YP_588478.1_4280
ecoli:lcl|NC_000913.3_prot_NP_418788.1_4281	ecoli:lcl|NC_000913.3_prot_NP_418788.1_4281
ecoli:lcl|NC_000913.3_prot_NP_418789.1_4282	ecoli:lcl|NC_000913.3_prot_NP_418789.1_4282
ecoli:lcl|NC_000913.3_prot_NP_418790.1_4283	ecoli:lcl|NC_000913.3_prot_NP_418790.1_4283
ecoli:lcl|NC_000913.3_prot_NP_418791.1_4284	ecoli:lcl|NC_000913.3_prot_NP_418791.1_4284
ecoli:lcl|NC_000913.3_prot_NP_418792.1_4285	ecoli:lcl|NC_000913.3_prot_NP_418792.1_4285
ecoli:lcl|NC_000913.3_prot_NP_418793.1_4286	ecoli:lcl|NC_000913.3_prot_NP_418793.1_4286
ecoli:lcl|NC_000913.3_prot_YP_588479.2_4287	ecoli:lcl|NC_000913.3_prot_YP_588479.2_4287
ecoli:lcl|NC_000913.3_prot_NP_418794.1_4288	ecoli:lcl|NC_000913.3_prot_NP_418794.1_4288
ecoli:lcl|NC_000913.3_prot_YP_026291.2_4289	ecoli:lcl|NC_000913.3_prot_YP_026291.2_4289
ecoli:lcl|NC_000913.3_prot_NP_418796.1_4290	ecoli:lcl|NC_000913.3_prot_NP_418796.1_4290
ecoli:lcl|NC_000913.3_prot_NP_418797.1_4291	ecoli:lcl|NC_000913.3_prot_NP_418797.1_4291
ecoli:lcl|NC_000913.3_prot_NP_418798.1_4292	ecoli:lcl|NC_000913.3_prot_NP_418798.1_4292
ecoli:lcl|NC_000913.3_prot_NP_418799.1_4293	ecoli:lcl|NC_000913.3_prot_NP_418799.1_4293
ecoli:lcl|NC_000913.3_prot_NP_418800.1_4294	ecoli:lcl|NC_000913.3_prot_NP_418800.1_4294
ecoli:lcl|NC_000913.3_prot_NP_418801.1_4295	ecoli:lcl|NC_000913.3_prot_NP_418801.1_4295
ecoli:lcl|NC_000913.3_prot_NP_418802.1_4296	ecoli:lcl|NC_000913.3_prot_NP_418802.1_4296
ecoli:lcl|NC_000913.3_prot_NP_418803.1_4297	ecoli:lcl|NC_000913.3_prot_NP_418803.1_4297
ecoli:lcl|NC_000913.3_prot_NP_418804.1_4298	ecoli:lcl|NC_000913.3_prot_NP_418804.1_4298
ecoli:lcl|NC_000913.3_prot_NP_418805.1_4299	ecoli:lcl|NC_000913.3_prot_NP_418805.1_4299
ecoli:lcl|NC_000913.3_prot_NP_418806.1_4300	ecoli:lcl|NC_000913.3_prot_NP_418806.1_4300
ecoli:lcl|NC_000913.3_prot_NP_418807.4_4301	ecoli:lcl|NC_000913.3_prot_NP_418807.4_4301
ecoli:lcl|NC_000913.3_prot_NP_418808.1_4302	ecoli:lcl|NC_000913.3_prot_NP_418808.1_4302
ecoli:lcl|NC_000913.3_prot_NP_418809.4_4303	ecoli:lcl|NC_000913.3_prot_NP_418809.4_4303
ecoli:lcl|NC_000913.3_prot_NP_418810.1_4304	ecoli:lcl|NC_000913.3_prot_NP_418810.1_4304
ecoli:lcl|NC_000913.3_prot_NP_418811.2_4305	ecoli:lcl|NC_000913.3_prot_NP_418811.2_4305
ecoli:lcl|NC_000913.3_prot_NP_418812.1_4306	ecoli:lcl|NC_000913.3_prot_NP_418812.1_4306
ecoli:lcl|NC_000913.3_prot_NP_418813.1_4307	ecoli:lcl|NC_000913.3_prot_NP_418813.1_4307
ecoli:lcl|NC_000913.3_prot_NP_418813.1_4307	ecoli:lcl|NC_000913.3_prot_NP_416048.2_1515
ecoli:lcl|NC_000913.3_prot_NP_418813.1_4307	ecoli:lcl|NC_000913.3_prot_NP_418486.1_3979
ecoli:lcl|NC_000913.3_prot_NP_418814.1_4308	ecoli:lcl|NC_000913.3_prot_NP_418814.1_4308
ecoli:lcl|NC_000913.3_prot_NP_418815.1_4309	ecoli:lcl|NC_000913.3_prot_NP_418815.1_4309
ecoli:lcl|NC_000913.3_prot_NP_418816.1_4310	ecoli:lcl|NC_000913.3_prot_NP_418816.1_4310
ecoli:lcl|NC_000913.3_prot_NP_418817.1_4311	ecoli:lcl|NC_000913.3_prot_NP_418817.1_4311
ecoli:lcl|NC_000913.3_prot_NP_418818.1_4312	ecoli:lcl|NC_000913.3_prot_NP_418818.1_4312
ecoli:lcl|NC_000913.3_prot_NP_418819.1_4313	ecoli:lcl|NC_000913.3_prot_NP_418819.1_4313
ecoli:lcl|NC_000913.3_prot_YP_010283921.1_4314	ecoli:lcl|NC_000913.3_prot_YP_010283921.1_4314
ecoli:lcl|NC_000913.3_prot_NP_418820.1_4315	ecoli:lcl|NC_000913.3_prot_NP_418820.1_4315
