best_epoch,train_mcc,train_auprc,validation_mcc,validation_auprc,test_mcc,test_auprc,test_elapsed_time,xantomonas_mcc,xantomonas_auprc,xantomonas_elapsed_time,backbone
3.0,0.8414420507208957,0.9350134934577018,0.7629983839170571,0.8982393514169726,0.8382506891920702,0.8814932129496641,0.435185600000004,0.462273299272641,0.7645554097314453,3.483420599999995,6
3.0,0.8345354206277845,0.912080086323373,0.7492711832182014,0.894568398939056,0.7543786249483787,0.8479651325727678,137.76881777495146,0.5585094789979931,0.7883258565084915,1088.356078274548,12
3.0,0.8574236101086904,0.946531047644227,0.8314439564161882,0.9201667186789128,0.8247887482858067,0.8643166054860235,131.60802195221186,0.6954499641940041,0.7771318509915491,962.2330557107924,30
3.0,0.950285808326594,0.9904483663373782,0.8690624381490535,0.9564331816630232,0.8513698630136987,0.9279127113896952,123.46080673485994,0.6399700947313269,0.7991614954582784,1006.6732666268944,33
3.0,0.9784487923574138,0.9993587217302108,0.8358910379482907,0.9519093788873656,0.8953019366280525,0.9587040587154452,59.80386120826006,0.6692494487515701,0.8201716801981754,500.7259855419397,36
3.0,0.996674707590771,0.9997211093192092,0.8681897895403242,0.957362065796175,0.8938356164383562,0.9675008541492878,502.14264819025993,0.713590507132313,0.8708484109439044,4893.439890958369,48
,,,,,0.7484164626500126,0.9105232437967246,6.153523236513138,0.5284140958475683,0.6945601856911275,33.908800419420004,protein_bert
